Nom de l'établissement,Adresse,Ville,Pays,Activité,Type d'établissement,Nombre d'étoiles / Classement,Téléphone,Site Web,Email,LinkedIn,URL Google Maps
Alentejo Marmòris Hotel & SPA," Largo Gago Coutinho 11 7160, 7160-214 Vila Viçosa, Portugal",Borba+Portugal,Portugal,Hôtel avec spa,,"4,7", +351 268 887 010,https://www.marmorishotels.com/alentejo-marmoris-hotel--spa.html,booking@maarlab.com,,https://www.google.com/maps/place/Alentejo+Marm%C3%B2ris+Hotel+%26+SPA/data=!4m10!3m9!1s0xd17153e9291022b:0xdf1268068bf1f4bc!5m2!4m1!1i2!8m2!3d38.777107!4d-7.419938!16s%2Fg%2F11b6s_3tzt!19sChIJKwKRkj4VFw0RvPTxiwZoEt8?authuser=0&hl=fr&rclk=1
Refúgio Alentejano," R. Dom Nuno Álvares Pereira 8, 7250-134 Alandroal, Portugal",Borba+Portugal,Portugal,Hôtel avec spa,,"4,8", +351 968 757 904,https://refugioalentejano.pt/,anaritarobalo1@gmail.com,,https://www.google.com/maps/place/Ref%C3%BAgio+Alentejano/data=!4m10!3m9!1s0xd173f2dede75eeb:0x484d2dc28bd1eb75!5m2!4m1!1i2!8m2!3d38.7006595!4d-7.4048798!16s%2Fg%2F11lnhtrfb9!19sChIJ617n7S0_Fw0RdevRi8ItTUg?authuser=0&hl=fr&rclk=1
Alentejo Marmòris Hotel & SPA," Largo Gago Coutinho 11 7160, 7160-214 Vila Viçosa, Portugal",Borba+Portugal,Portugal,Hôtel avec spa,,"4,7", +351 268 887 010,https://www.marmorishotels.com/alentejo-marmoris-hotel--spa.html,booking@maarlab.com,,https://www.google.com/maps/place/Alentejo+Marm%C3%B2ris+Hotel+%26+SPA/data=!4m10!3m9!1s0xd17153e9271c6eb:0xdf1268068bf1f4bc!5m2!4m1!1i2!8m2!3d38.7771072!4d-7.4199376!16s%2Fg%2F11b6s_3tzt!19sChIJ68Zxkj4VFw0RvPTxiwZoEt8?authuser=0&hl=fr&rclk=1
Pateo dos Solares Charm Hotel," R. Brito Capelo, 7100-562 Estremoz, Portugal",Borba+Portugal,Portugal,Hôtel avec spa,,"4,2", +351 268 338 400,http://www.pateosolares.com/,,,https://www.google.com/maps/place/Pateo+dos+Solares+Charm+Hotel/data=!4m10!3m9!1s0xd176f6a9c954c83:0xfa498e2d4b5ebc57!5m2!4m1!1i2!8m2!3d38.8394974!4d-7.5890467!16s%2Fg%2F1th7zl_9!19sChIJg0yVnGpvFw0RV7xeSy2OSfo?authuser=0&hl=fr&rclk=1
Termas da Sulfurea," Sitio das Termas, 7460-002 Cabeço de Vide, Portugal",Borba+Portugal,Portugal,Centre thermal,,"4,3", +351 245 634 027,https://sites.google.com/view/termas-da-sulfurea/,,,https://www.google.com/maps/place/Termas+da+Sulfurea/data=!4m10!3m9!1s0xd179ced42f694a5:0xe32f2b14c7643bd8!5m2!4m1!1i2!8m2!3d39.135283!4d-7.5797296!16s%2Fg%2F11dfgrbvd5!19sChIJpZT2Qu2cFw0R2DtkxxQrL-M?authuser=0&hl=fr&rclk=1
Castle of Borba," 103, Av. do Povo 21-23, Borba, Portugal",Borba+Portugal,Portugal,Centre thermal,Château,"4,3",,,,,https://www.google.com/maps/place/Castle+of+Borba/data=!4m7!3m6!1s0xd176b3c5ad58db3:0x6ab065cd6aaecde1!8m2!3d38.8050798!4d-7.4561942!16s%2Fg%2F11bc67x1wv!19sChIJs43VWjxrFw0R4c2uas1lsGo?authuser=0&hl=fr&rclk=1
Longroiva spa," R. da Corredoura, Mêda, Portugal",Borba+Portugal,Portugal,Centre thermal,Thermes,"4,5", +351 279 849 230,https://www.cm-meda.pt/polo-termal-de-longroiva/,geral@cm-meda.pt,,https://www.google.com/maps/place/Longroiva+spa/data=!4m7!3m6!1s0xd3c846512c13aaf:0xceb152d874cab588!8m2!3d40.965037!4d-7.2098184!16s%2Fg%2F1v8x3h56!19sChIJrzrBEmWEPA0RiLXKdNhSsc4?authuser=0&hl=fr&rclk=1
Slide & Splash," Portugal PT, Vale de Deus 125, 8401-901 Estômbar, Portugal",Borba+Portugal,Portugal,Parc aquatique,Parc aquatique,"4,5", +351 282 340 800,http://www.slidesplash.com/,info@slidesplash.com,,https://www.google.com/maps/place/Slide+%26+Splash/data=!4m7!3m6!1s0xd1ad7dcb0aff5c5:0xbe389806c01894c5!8m2!3d37.1399192!4d-8.474926!16s%2Fg%2F1tg36h9c!19sChIJxfWvsNzXGg0RxZQYwAaYOL4?authuser=0&hl=fr&rclk=1
Amarante Water Park," Rua do Tâmega 2245 -909, 4600-909, Portugal",Borba+Portugal,Portugal,Parc aquatique,Parc aquatique,"4,3", +351 255 410 040,http://parqueaquaticoamarante.com/,waterpark@tamegaclube.com,,https://www.google.com/maps/place/Amarante+Water+Park/data=!4m7!3m6!1s0xd24be6ec5c6f72d:0x5c768383645eaab6!8m2!3d41.2495036!4d-8.1056498!16s%2Fg%2F11gfkm5bvk!19sChIJLffGxW6-JA0RtqpeZIODdlw?authuser=0&hl=fr&rclk=1
Parque Aquático de Fafe," Tv. Sol Poente 1, 4820-338 Fafe, Portugal",Borba+Portugal,Portugal,Parc aquatique,Parc aquatique,"4,2", +351 910 637 001,https://parqueaquaticofafe.pt/,geral@parqueaquaticofafe.pt,,https://www.google.com/maps/place/Parque+Aqu%C3%A1tico+de+Fafe/data=!4m7!3m6!1s0xd24e8f74d5c38a3:0x43dd9e7f1bd60c2!8m2!3d41.4396041!4d-8.1827994!16s%2Fg%2F1q5bmncb5!19sChIJozhcTffoJA0RwmC98efZPQQ?authuser=0&hl=fr&rclk=1
Water Park Splash Wave," 3840-261, Portugal",Borba+Portugal,Portugal,Parc aquatique,Parc aquatique,"4,1", +351 234 797 732,http://www.vagasplash.com/,info@vagasplash.com,,https://www.google.com/maps/place/Water+Park+Splash+Wave/data=!4m7!3m6!1s0xd23beae6f732c8d:0x73d5d0980ca8fd60!8m2!3d40.5497484!4d-8.7705445!16s%2Fg%2F1tfsjpj8!19sChIJjSxzb66-Iw0RYP2oDJjQ1XM?authuser=0&hl=fr&rclk=1
Santarém Water Park," R. Prof. Américo Marinho 2, 2005-444 Santarém, Portugal",Borba+Portugal,Portugal,Parc aquatique,Parc aquatique,"4,2", +351 243 300 900,https://viversantarem.pt/complexo-aquatico-de-santarem/,geral@viversantarem.pt,,https://www.google.com/maps/place/Santar%C3%A9m+Water+Park/data=!4m7!3m6!1s0xd18ede992c6d7a3:0xef227f2bc75ed110!8m2!3d39.2602211!4d-8.6806843!16s%2Fg%2F1yg4fd0zt!19sChIJo9fGkuntGA0RENFexyt_Iu8?authuser=0&hl=fr&rclk=1
Oasis - Water Park Galveias With Oasis Bar," R. Joaquim Barradas de Carvalho 59, 7400-014 Galveias, Portugal",Borba+Portugal,Portugal,Parc aquatique,Parc aquatique,"4,5",,http://jfgalveias.pt/,info@wane.com,,https://www.google.com/maps/place/Oasis+-+Water+Park+Galveias+With+Oasis+Bar/data=!4m7!3m6!1s0xd1831a5217a2f43:0xcfcaa89d8a0edd90!8m2!3d39.1581322!4d-7.9931942!16s%2Fg%2F11c3q4kytz!19sChIJQy96IaUxGA0RkN0Oip2oys8?authuser=0&hl=fr&rclk=1
Mourão Watersports," Praia Fluvial de Mourão, 7240-233 Mourão, Portugal",Borba+Portugal,Portugal,Parc aquatique,Parc aquatique,"5,0", +351 965 672 335,https://praiasfluviais.pt/praia?id=praia-fluvial-de-mourao,,,https://www.google.com/maps/place/Mour%C3%A3o+Watersports/data=!4m7!3m6!1s0xd10cbe295687e7d:0x9a1b922a7a529dca!8m2!3d38.367361!4d-7.3562329!16s%2Fg%2F11v9c04jbg!19sChIJfX5oleLLEA0Ryp1SeiqSG5o?authuser=0&hl=fr&rclk=1
Mariparque - Praia da Vieira," Av. Marginal 13, Praia da Vieira, 2430-696 Vieira de Leiria, Portugal",Borba+Portugal,Portugal,Parc aquatique,Parc aquatique,"4,1", +351 244 699 068,http://www.hoteiscristal.pt/mariparque,,,https://www.google.com/maps/place/Mariparque+-+Praia+da+Vieira/data=!4m7!3m6!1s0xd2210d580cb66e7:0xbf0d3db12d129e46!8m2!3d39.8780667!4d-8.9680614!16s%2Fg%2F11cn91rxy9!19sChIJ52bLgNUQIg0RRp4SLbE9Db8?authuser=0&hl=fr&rclk=1
Parque Aquático do Crato," R. 25 de Abril, 7430-174 Crato, Portugal",Borba+Portugal,Portugal,Parc aquatique,Parc aquatique,"4,4", +351 245 990 110,http://www.cm-crato.pt/,geral@cm-crato.pt,,https://www.google.com/maps/place/Parque+Aqu%C3%A1tico+do+Crato/data=!4m7!3m6!1s0xd178e5ee0dd86c9:0xd5bfbf1628a7b1bb!8m2!3d39.2932519!4d-7.6515712!16s%2Fg%2F11b8zj21mq!19sChIJyYbd4F6OFw0Ru7GnKBa_v9U?authuser=0&hl=fr&rclk=1
Aquashow," Aquashow Park, Volta do Parque n.º 1, 8125-313 Quarteira, Portugal",Borba+Portugal,Portugal,Parc aquatique,Parc aquatique,"4,4", +351 289 315 129,https://aquashowpark.com/,reservas@aquashowpark.com,,https://www.google.com/maps/place/Aquashow/data=!4m7!3m6!1s0xd1ab575a4f4c3dd:0xfddc87f54582acc1!8m2!3d37.0931577!4d-8.0719093!16s%2Fg%2F11hz2m39zb!19sChIJ3cP0pHW1Gg0RwayCRfWH3P0?authuser=0&hl=fr&rclk=1
Panorâmico Aquaparque," R. Eiras de Belém 20, 3100-319 Pombal, Portugal",Borba+Portugal,Portugal,Parc aquatique,Parc aquatique,"4,1", +351 236 217 774,http://www.panoramicoaquaparque.com/,%20panoramico.aquaparque@gmail.com,,https://www.google.com/maps/place/Panor%C3%A2mico+Aquaparque/data=!4m7!3m6!1s0xd2266707c37d90d:0x76c18e2b4fba5d4b!8m2!3d39.9228286!4d-8.5957675!16s%2Fg%2F1v29d92_!19sChIJDdk3fHBmIg0RS126TyuOwXY?authuser=0&hl=fr&rclk=1
Norpark - Aquatic Amusement Nazaré," Praia do Norte, 2450-065 Nazaré, Portugal",Borba+Portugal,Portugal,Parc aquatique,Parc aquatique,"4,1", +351 262 568 515,https://norparknazare.pt/,,,https://www.google.com/maps/place/Norpark+-+Aquatic+Amusement+Nazar%C3%A9/data=!4m7!3m6!1s0xd18a9c3a917f529:0x63bafea1726a9c40!8m2!3d39.6130378!4d-9.0801809!16s%2Fg%2F1trps1rn!19sChIJKfUXqcOpGA0RQJxqcqH-umM?authuser=0&hl=fr&rclk=1
"NaturWaterPark - Parque de Diversões do Douro, Lda"," Quinta do Barroco, Póvoa, 5000-037 Vila Real, Portugal",Borba+Portugal,Portugal,Parc aquatique,,"4,3", +351 259 309 120,http://www.naturwaterpark.pt/,,,"https://www.google.com/maps/place/NaturWaterPark+-+Parque+de+Divers%C3%B5es+do+Douro,+Lda/data=!4m7!3m6!1s0xd3b4f284f893e7d:0xf52d0a705512fb1f!8m2!3d41.2559981!4d-7.651942!16s%2Fg%2F1tdz17kg!19sChIJfT6JTyhPOw0RH_sSVXAKLfU?authuser=0&hl=fr&rclk=1"
Senăra Spa Comporta," La Réserve Nature & Spa, Alameda das Praias C14, 7570-779, Portugal",Borba+Portugal,Portugal,Thalassothérapie,Station thermale,"4,9", +351 968 872 248,http://www.senaraspa.com/,infospa@senaraspa.com,,https://www.google.com/maps/place/Sen%C4%83ra+Spa+Comporta/data=!4m7!3m6!1s0xd1bd9d5f491e481:0x41d9ef71badd58ea!8m2!3d38.3070328!4d-8.7437124!16s%2Fg%2F11wb1vf8sw!19sChIJgeSR9NXZGw0R6ljdunHv2UE?authuser=0&hl=fr&rclk=1
Lyrium," R. Marquês de Marialva 53, 7150-138 Borba, Portugal",Borba+Portugal,Portugal,Thalassothérapie,Institut de beauté,"5,0",,,,,https://www.google.com/maps/place/Lyrium/data=!4m7!3m6!1s0xd176b3ce7a714ad:0x14f3d566a78462ba!8m2!3d38.8033893!4d-7.456555!16s%2Fg%2F11lst0xg8h!19sChIJrRSn5zxrFw0RumKEp2bV8xQ?authuser=0&hl=fr&rclk=1
Hotel Rural Vale Do Rio," Rua Soares Basto 4346 Palmaz, 3720-423 Oliveira de Azeméis, Portugal",Mação+Portugal,Portugal,Hôtel avec spa,,"4,5", +351 256 990 000,http://www.valedorio.com/,reservas@valedorio.com,,https://www.google.com/maps/place/Hotel+Rural+Vale+Do+Rio/data=!4m10!3m9!1s0xd2378796cf5572f:0xbc83c565b1bdc867!5m2!4m1!1i2!8m2!3d40.8080632!4d-8.4495275!16s%2Fg%2F1tfl1hbw!19sChIJL1f1bHl4Iw0RZ8i9sWXFg7w?authuser=0&hl=fr&rclk=1
Hotel Rural Vale Do Rio," Rua Soares Basto 4346 Palmaz, 3720-423 Oliveira de Azeméis, Portugal",Mação+Portugal,Portugal,Hôtel avec spa,,"4,5", +351 256 990 000,http://www.valedorio.com/,reservas@valedorio.com,,https://www.google.com/maps/place/Hotel+Rural+Vale+Do+Rio/data=!4m10!3m9!1s0xd2378796cf5572f:0xbc83c565b1bdc867!5m2!4m1!1i2!8m2!3d40.8080632!4d-8.4495275!16s%2Fg%2F1tfl1hbw!19sChIJL1f1bHl4Iw0RZ8i9sWXFg7w?authuser=0&hl=fr&rclk=1
"Monte Real Hotel,Termas & Spa"," R. de Leiria, 2425-039 Monte Real, Portugal",Mação+Portugal,Portugal,Hôtel avec spa,,"4,6", +351 244 618 900,http://www.termasdemontereal.pt/,info@termasdemontereal.pt,,"https://www.google.com/maps/place/Monte+Real+Hotel,Termas+%26+Spa/data=!4m10!3m9!1s0xd22131b629776d7:0xf09bb3410f7714e4!5m2!4m1!1i2!8m2!3d39.8514855!4d-8.8668939!16s%2Fg%2F1tfhhp6x!19sChIJ13aXYhsTIg0R5BR3D0Gzm_A?authuser=0&hl=fr&rclk=1"
Aqua Village Health Resort & Spa," Av. Principal 5, 3400-521, Portugal",Mação+Portugal,Portugal,Hôtel avec spa,,"4,7", +351 238 249 040,https://www.aquavillage.pt/,reservas@aquavillage.pt,,https://www.google.com/maps/place/Aqua+Village+Health+Resort+%26+Spa/data=!4m10!3m9!1s0xd22d5b2d2a50e4f:0xe7f4fd048a680713!5m2!4m1!1i2!8m2!3d40.326587!4d-7.8417995!16s%2Fg%2F11b7w018z4!19sChIJTw6l0rLVIg0REwdoigT99Oc?authuser=0&hl=fr&rclk=1
Tempus Hotel & Spa," Rua de Oleiros nº 1190, 4980-521, Portugal",Mação+Portugal,Portugal,Hôtel avec spa,,"4,3", +351 258 009 250,http://www.hoteltempus.com/,reservas@hoteltempus.com,https://www.linkedin.com/company/tempus-hotel-spa,https://www.google.com/maps/place/Tempus+Hotel+%26+Spa/data=!4m10!3m9!1s0xd2508df1be1bed9:0xf57f18470c9bded6!5m2!4m1!1i2!8m2!3d41.7955006!4d-8.4337141!16s%2Fg%2F11b6362gnx!19sChIJ2b7hG98IJQ0R1t6bDEcYf_U?authuser=0&hl=fr&rclk=1
Salvaterra Country House & Spa," N114-3 839, 2120-194 Foros de Salvaterra, Portugal",Mação+Portugal,Portugal,Hôtel avec spa,,"4,8", +351 915 355 566,http://www.salvaterracountryhouse.com/,info@salvaterracountryhouse.com,,https://www.google.com/maps/place/Salvaterra+Country+House+%26+Spa/data=!4m10!3m9!1s0xd18e3c96abba551:0x6b8b657e4bf8f93b!5m2!4m1!1i2!8m2!3d38.9970208!4d-8.7321352!16s%2Fg%2F11fszzm4pt!19sChIJUaW7asnjGA0RO_n4S35li2s?authuser=0&hl=fr&rclk=1
Convento do Seixo Boutique Hotel & Spa," R. do Convento, 6230-045 Aldeia de Joanes, Portugal",Mação+Portugal,Portugal,Hôtel avec spa,,"4,7", +351 275 249 670,https://www.conventodoseixo.com/,info@conventodoseixo.com,,https://www.google.com/maps/place/Convento+do+Seixo+Boutique+Hotel+%26+Spa/data=!4m10!3m9!1s0xd3d3ff53b1c8d77:0xb14c0846cfd3ce06!5m2!4m1!1i2!8m2!3d40.1327473!4d-7.511501!16s%2Fg%2F11gj78nvbb!19sChIJd40cO_U_PQ0RBs7Tz0YITLE?authuser=0&hl=fr&rclk=1
Estrela Serenity - Resort," Caminho das Regadas Nº 1, 6290-081 Folgosinho, Portugal",Mação+Portugal,Portugal,Hôtel avec spa,,"4,8", +351 967 246 764,https://www.estrelaserenity.com/,info@estrelaserenity.com,,https://www.google.com/maps/place/Estrela+Serenity+-+Resort/data=!4m10!3m9!1s0xd3cdd394724b405:0x573721372652d3c8!5m2!4m1!1i2!8m2!3d40.519439!4d-7.4932622!16s%2Fg%2F11vxpgn647!19sChIJBbQkRzndPA0RyNNSJjchN1c?authuser=0&hl=fr&rclk=1
Palacete Do Guerreiro Charme Hotel & SPA," Quinta dos Barbas, 3400-654 São Gião, Portugal",Mação+Portugal,Portugal,Hôtel avec spa,,"5,0", +351 968 358 625,https://www.palacetedoguerreiro.com/,manager@palacetedoguerreiro.com,,https://www.google.com/maps/place/Palacete+Do+Guerreiro+Charme+Hotel+%26+SPA/data=!4m10!3m9!1s0xd22d5bc20ca7d35:0xa13743348fc0e757!5m2!4m1!1i2!8m2!3d40.3367215!4d-7.8096426!16s%2Fg%2F11xnp3tb94!19sChIJNX3KILzVIg0RV-fAjzRDN6E?authuser=0&hl=fr&rclk=1
Well Hotel & Spa," R. Duque de Wellington 3, 2560-100 Maceira, Portugal",Mação+Portugal,Portugal,Hôtel avec spa,,"4,6", +351 261 984 472,http://www.wellhotelportugal.com/,,,https://www.google.com/maps/place/Well+Hotel+%26+Spa/data=!4m10!3m9!1s0xd1f30bb341cc71d:0x20b201af2c9da1b8!5m2!4m1!1i2!8m2!3d39.177326!4d-9.355299!16s%2Fg%2F1tl0ym4z!19sChIJHcccNLswHw0RuKGdLK8BsiA?authuser=0&hl=fr&rclk=1
Alambique Hotel Resort & Spa," R. Cidade da Covilhã 88, 6230-463 Fundão, Portugal",Mação+Portugal,Portugal,Hôtel avec spa,,"4,5", +351 275 774 145,http://www.hotelalambique.com/,reservas@crchotels.com,,https://www.google.com/maps/place/Alambique+Hotel+Resort+%26+Spa/data=!4m10!3m9!1s0xd3d3c38faab04df:0xa493a503e462987e!5m2!4m1!1i2!8m2!3d40.1662684!4d-7.4956917!16s%2Fg%2F1hc7fyd0g!19sChIJ3wSr-jg8PQ0Rfphi5AOlk6Q?authuser=0&hl=fr&rclk=1
Palace Hotel & Spa - Termas do Bicanho," Termas do Bicanho, 3130-112, Portugal",Mação+Portugal,Portugal,Hôtel avec spa,,"3,7", +351 239 580 020,http://www.termasdobicanho.com/,,,https://www.google.com/maps/place/Palace+Hotel+%26+Spa+-+Termas+do+Bicanho/data=!4m10!3m9!1s0xd224423837b6c03:0xc6628ee972128fb9!5m2!4m1!1i2!8m2!3d40.0854035!4d-8.739964!16s%2Fg%2F11clysxlz_!19sChIJA2x7gyNEIg0RuY8ScumOYsY?authuser=0&hl=fr&rclk=1
Água Hotels Mondim de Basto," Monte da Paradela, S/N, 4880 Mondim de Basto, Portugal",Mação+Portugal,Portugal,Hôtel avec spa,,"4,5", +351 255 389 040,https://www.aguahotels.pt/en/mondim-de-basto/,bookings@aguahotels.pt,,https://www.google.com/maps/place/%C3%81gua+Hotels+Mondim+de+Basto/data=!4m10!3m9!1s0xd24c6051782c6e9:0x583db26e1a7e0783!5m2!4m1!1i2!8m2!3d41.3960628!4d-7.9707175!16s%2Fg%2F1tdx0v36!19sChIJ6caCFwXGJA0Rgwd-Gm6yPVg?authuser=0&hl=fr&rclk=1
Termas de Envendos," 017, Portugal",Mação+Portugal,Portugal,Hôtel avec spa,Hôtel,"4,5", +351 274 855 139,,,,https://www.google.com/maps/place/Termas+de+Envendos/data=!4m7!3m6!1s0xd1804a3daed75e5:0xb6599c5df298cd6d!8m2!3d39.6096057!4d-7.8602105!16s%2Fg%2F11g9dqrgyb!19sChIJ5XXt2qMEGA0Rbc2Y8l2cWbY?authuser=0&hl=fr&rclk=1
Golden Rock - Alambique Water Spa," R. Cidade da Covilhã 88, 6230-463 Fundão, Portugal",Mação+Portugal,Portugal,Hôtel avec spa,Spa,"4,2", +351 275 774 021,http://www.goldenrock.pt/,,,https://www.google.com/maps/place/Golden+Rock+-+Alambique+Water+Spa/data=!4m7!3m6!1s0xd3d3f00679af689:0x34001bca22cc6c75!8m2!3d40.1655715!4d-7.4962334!16s%2Fg%2F11vynxwy07!19sChIJifaaZwA_PQ0RdWzMIsobADQ?authuser=0&hl=fr&rclk=1
Well Hotel & Spa," R. Duque de Wellington 3, 2560-100 Maceira, Portugal",Mação+Portugal,Portugal,Hôtel avec spa,,"4,6", +351 261 984 472,http://www.wellhotelportugal.com/,,,https://www.google.com/maps/place/Well+Hotel+%26+Spa/data=!4m10!3m9!1s0xd1f30bb341cc71d:0x20b201af2c9da1b8!5m2!4m1!1i2!8m2!3d39.177326!4d-9.355299!16s%2Fg%2F1tl0ym4z!19sChIJHcccNLswHw0RuKGdLK8BsiA?authuser=0&hl=fr&rclk=1
"Real Abadia, Congress & Spa Hotel"," R. da Escola, 2460-479 Alcobaça, Portugal",Mação+Portugal,Portugal,Hôtel avec spa,,"4,3", +351 262 580 370,https://www.realabadiahotel.pt/,real_abadia_card_pt@2x.png,https://www.linkedin.com/company/real-abadia-congress-spa-hotel,"https://www.google.com/maps/place/Real+Abadia,+Congress+%26+Spa+Hotel/data=!4m10!3m9!1s0xd18a4368c160791:0x4c166b306e01ad19!5m2!4m1!1i2!8m2!3d39.5354798!4d-8.962079!16s%2Fg%2F12hkqyt9r!19sChIJkQcWjDakGA0RGa0BbjBrFkw?authuser=0&hl=fr&rclk=1"
Hotel Rural Vale Do Rio," Rua Soares Basto 4346 Palmaz, 3720-423 Oliveira de Azeméis, Portugal",Mação+Portugal,Portugal,Hôtel avec spa,,"4,5", +351 256 990 000,http://www.valedorio.com/,reservas@valedorio.com,,https://www.google.com/maps/place/Hotel+Rural+Vale+Do+Rio/data=!4m10!3m9!1s0xd2378796cf5572f:0xbc83c565b1bdc867!5m2!4m1!1i2!8m2!3d40.8080632!4d-8.4495275!16s%2Fg%2F1tfl1hbw!19sChIJL1f1bHl4Iw0RZ8i9sWXFg7w?authuser=0&hl=fr&rclk=1
Hotel Bienestar Termas de Monção," Av. das Caldas, 4959-442 Monção, Portugal",Mação+Portugal,Portugal,Hôtel avec spa,,"3,6", +351 251 030 092,http://www.hotelbienestartermasdemoncao.com/,booking@maarlab.com,,https://www.google.com/maps/place/Hotel+Bienestar+Termas+de+Mon%C3%A7%C3%A3o/data=!4m10!3m9!1s0xd2577f9b5228133:0xe0e74b27d3fc331f!5m2!4m1!1i2!8m2!3d42.0784461!4d-8.4754105!16s%2Fg%2F121jytyq!19sChIJM4Eitfl3JQ0RHzP80ydL5-A?authuser=0&hl=fr&rclk=1
Termas de Envendos," 017, Portugal",Mação+Portugal,Portugal,Hôtel avec spa,Hôtel,"4,5", +351 274 855 139,,,,https://www.google.com/maps/place/Termas+de+Envendos/data=!4m7!3m6!1s0xd1804a3daed75e5:0xb6599c5df298cd6d!8m2!3d39.6096057!4d-7.8602105!16s%2Fg%2F11g9dqrgyb!19sChIJ5XXt2qMEGA0Rbc2Y8l2cWbY?authuser=0&hl=fr&rclk=1
Hotel da Montanha," Rua Nossa Srª da Confiança Nº 1200, 6100-532, Portugal",Mação+Portugal,Portugal,Hôtel avec spa,,"4,2", +351 236 480 000,https://www.hoteldamontanha.com/,geral@hoteldamontanha.com,,https://www.google.com/maps/place/Hotel+da+Montanha/data=!4m10!3m9!1s0xd22bd8884c1dfb1:0xb76c34cdd05695fb!5m2!4m1!1i2!8m2!3d39.9116866!4d-8.1297437!16s%2Fg%2F1vhlzgbk!19sChIJsd_BhIi9Ig0R-5VW0M00bLc?authuser=0&hl=fr&rclk=1
Estrela Serenity - Resort," Caminho das Regadas Nº 1, 6290-081 Folgosinho, Portugal",Mação+Portugal,Portugal,Hôtel avec spa,,"4,8", +351 967 246 764,https://www.estrelaserenity.com/,info@estrelaserenity.com,,https://www.google.com/maps/place/Estrela+Serenity+-+Resort/data=!4m10!3m9!1s0xd3cdd394724b405:0x573721372652d3c8!5m2!4m1!1i2!8m2!3d40.519439!4d-7.4932622!16s%2Fg%2F11vxpgn647!19sChIJBbQkRzndPA0RyNNSJjchN1c?authuser=0&hl=fr&rclk=1
Amoras Country House Hotel," R. Comendador Assis Roda 25, 6150-557 Proença-a-Nova, Portugal",Mação+Portugal,Portugal,Hôtel avec spa,,"4,3", +351 274 670 210,http://www.hoteldasamoras.pt/,info@hoteldasamoras.pt,,https://www.google.com/maps/place/Amoras+Country+House+Hotel/data=!4m10!3m9!1s0xd22a85435e431f5:0x143dc679a166fb4f!5m2!4m1!1i2!8m2!3d39.7493788!4d-7.919728!16s%2Fg%2F1tdj5h9k!19sChIJ9THkNVSoIg0RT_tmoXnGPRQ?authuser=0&hl=fr&rclk=1
B&B HOTEL Porto Expo Aeroporto," Av. Mário Brito nº 4119, 4455-496 Perafita, Portugal",Mação+Portugal,Portugal,Hôtel avec spa,,"4,5", +351 22 010 3593,https://www.hotel-bb.com/pt/hotel/porto-expo-aeroporto?utm_source=googlemaps&utm_medium=fichehotel&utm_campaign=oporto_aeroporto,,,https://www.google.com/maps/place/B%26B+HOTEL+Porto+Expo+Aeroporto/data=!4m10!3m9!1s0xd2468f299871967:0xf7d3d27db2b00608!5m2!4m1!1i2!8m2!3d41.224074!4d-8.683774!16s%2Fg%2F11rfqn_48y!19sChIJZxmHmfJoJA0RCAawsn3S0_c?authuser=0&hl=fr&rclk=1
Palace Hotel & Spa - Termas do Bicanho," Termas do Bicanho, 3130-112, Portugal",Mação+Portugal,Portugal,Hôtel avec spa,,"3,7", +351 239 580 020,http://www.termasdobicanho.com/,,,https://www.google.com/maps/place/Palace+Hotel+%26+Spa+-+Termas+do+Bicanho/data=!4m10!3m9!1s0xd224423837b6c03:0xc6628ee972128fb9!5m2!4m1!1i2!8m2!3d40.0854035!4d-8.739964!16s%2Fg%2F11clysxlz_!19sChIJA2x7gyNEIg0RuY8ScumOYsY?authuser=0&hl=fr&rclk=1
Casa de São Lourenço / Burel Panorama Hotel," N232, Km 49.3, 6260-200 Manteigas, Portugal",Mação+Portugal,Portugal,Hôtel avec spa,,"4,7", +351 275 249 730,https://casadesaolourenco.pt/,booking@casadesaolourenco.pt,,https://www.google.com/maps/place/Casa+de+S%C3%A3o+Louren%C3%A7o+%2F+Burel+Panorama+Hotel/data=!4m10!3m9!1s0xd3cd9d399011f3f:0x9bfa509707bc1d1f!5m2!4m1!1i2!8m2!3d40.4187376!4d-7.5398494!16s%2Fg%2F11grtys7xt!19sChIJPx8BmdPZPA0RHx28B5dQ-ps?authuser=0&hl=fr&rclk=1
Aqua Village Health Resort & Spa," Av. Principal 5, 3400-521, Portugal",Mação+Portugal,Portugal,Hôtel avec spa,,"4,7", +351 238 249 040,https://www.aquavillage.pt/,reservas@aquavillage.pt,,https://www.google.com/maps/place/Aqua+Village+Health+Resort+%26+Spa/data=!4m10!3m9!1s0xd22d5b2d2a50e4f:0xe7f4fd048a680713!5m2!4m1!1i2!8m2!3d40.326587!4d-7.8417995!16s%2Fg%2F11b7w018z4!19sChIJTw6l0rLVIg0REwdoigT99Oc?authuser=0&hl=fr&rclk=1
Hotel dos Templários," Largo Cândido dos Reis 1, 2300-326 Tomar, Portugal",Mação+Portugal,Portugal,Hôtel avec spa,,"4,5", +351 249 310 100,http://www.hoteldostemplarios.com/,denuncia.int@hoteldostemplarios.pt,,https://www.google.com/maps/place/Hotel+dos+Templ%C3%A1rios/data=!4m10!3m9!1s0xd187eac20657be1:0x2bcaf278f52433b8!5m2!4m1!1i2!8m2!3d39.607036!4d-8.4136342!16s%2Fg%2F1tr7knfm!19sChIJ4XtlIKx-GA0RuDMk9Xjyyis?authuser=0&hl=fr&rclk=1
"Curia Palace, Hotel Spa & Golf"," Av. Plátanos, 3780-541 Anadia, Portugal",Mação+Portugal,Portugal,Hôtel avec spa,,"4,3", +351 231 510 300,https://www.almeidahotels.pt/en/hotel-curia-in-coimbra/?partner=8087utm_source=google&utm_medium=organic&utm_campaign=MyBusiness&utm,curia@almeidahotels.pt,,"https://www.google.com/maps/place/Curia+Palace,+Hotel+Spa+%26+Golf/data=!4m10!3m9!1s0xd23073c2f0c629f:0x24ee02203db53f4d!5m2!4m1!1i2!8m2!3d40.4242547!4d-8.4625061!16s%2Fg%2F12yygdvjd!19sChIJn2IMLzwHIw0RTT-1PSAC7iQ?authuser=0&hl=fr&rclk=1"
Monte Prado Hotel & SPA," Rua Monte, 4960-320 Prado Melgaco, Portugal",Mação+Portugal,Portugal,Hôtel avec spa,,"4,2", +351 251 400 130,http://www.hotelmonteprado.pt/,reservas@hotelmonteprado.pt,,https://www.google.com/maps/place/Monte+Prado+Hotel+%26+SPA/data=!4m10!3m9!1s0xd25650e0ca38993:0x691bd0d1ec2ac662!5m2!4m1!1i2!8m2!3d42.1212084!4d-8.2742775!16s%2Fg%2F11c2k3wx3p!19sChIJk4mjDA5lJQ0RYsYq7NHQG2k?authuser=0&hl=fr&rclk=1
INNSiDE by Meliá Braga Centro," Av. Central 107, 4710-310 Braga, Portugal",Mação+Portugal,Portugal,Hôtel avec spa,,"4,6", +351 253 200 200,https://www.innsidebraga.com/,,,https://www.google.com/maps/place/INNSiDE+by+Meli%C3%A1+Braga+Centro/data=!4m10!3m9!1s0xd24feea9b689fef:0x1817fb8fea3c0593!5m2!4m1!1i2!8m2!3d41.551986!4d-8.420377!16s%2Fg%2F11y4tdq8rx!19sChIJ759om-r-JA0RkwU86o_7Fxg?authuser=0&hl=fr&rclk=1
Palace Hotel & Spa - Termas de São Tiago," Quinta do Cafalado, 6090-543 Penamacor, Portugal",Mação+Portugal,Portugal,Hôtel avec spa,,"3,9", +351 277 390 070,http://www.termasdesaotiago.com/,,,https://www.google.com/maps/place/Palace+Hotel+%26+Spa+-+Termas+de+S%C3%A3o+Tiago/data=!4m10!3m9!1s0xd3d0bfbdaf8c081:0xa04f6cd7ea3b316c!5m2!4m1!1i2!8m2!3d40.1617447!4d-7.1732769!16s%2Fg%2F12hmv4cpg!19sChIJgcD42vsLPQ0RbDE76tdsT6A?authuser=0&hl=fr&rclk=1
Tempus Hotel & Spa," Rua de Oleiros nº 1190, 4980-521, Portugal",Mação+Portugal,Portugal,Hôtel avec spa,,"4,3", +351 258 009 250,http://www.hoteltempus.com/,reservas@hoteltempus.com,https://www.linkedin.com/company/tempus-hotel-spa,https://www.google.com/maps/place/Tempus+Hotel+%26+Spa/data=!4m10!3m9!1s0xd2508df1be1bed9:0xf57f18470c9bded6!5m2!4m1!1i2!8m2!3d41.7955006!4d-8.4337141!16s%2Fg%2F11b6362gnx!19sChIJ2b7hG98IJQ0R1t6bDEcYf_U?authuser=0&hl=fr&rclk=1
Água Hotels Mondim de Basto," Monte da Paradela, S/N, 4880 Mondim de Basto, Portugal",Mação+Portugal,Portugal,Hôtel avec spa,,"4,5", +351 255 389 040,https://www.aguahotels.pt/en/mondim-de-basto/,bookings@aguahotels.pt,,https://www.google.com/maps/place/%C3%81gua+Hotels+Mondim+de+Basto/data=!4m10!3m9!1s0xd24c6051782c6e9:0x583db26e1a7e0783!5m2!4m1!1i2!8m2!3d41.3960628!4d-7.9707175!16s%2Fg%2F1tdx0v36!19sChIJ6caCFwXGJA0Rgwd-Gm6yPVg?authuser=0&hl=fr&rclk=1
Estalagem Santa Iria," Park ""Mouchão"", 2300-586 Tomar, Portugal",Mação+Portugal,Portugal,Hôtel avec spa,,"4,5", +351 910 352 620,https://estalagemsantairia.pt/,info@estalagemsantairia.pt,,https://www.google.com/maps/place/Estalagem+Santa+Iria/data=!4m10!3m9!1s0xd187ea6b1b3815d:0xc6d222911e9f0051!5m2!4m1!1i2!8m2!3d39.6060992!4d-8.4132247!16s%2Fg%2F1tcz9l61!19sChIJXYGzsaZ-GA0RUQCfHpEi0sY?authuser=0&hl=fr&rclk=1
Palacete Do Guerreiro Charme Hotel & SPA," Quinta dos Barbas, 3400-654 São Gião, Portugal",Mação+Portugal,Portugal,Hôtel avec spa,,"5,0", +351 968 358 625,https://www.palacetedoguerreiro.com/,manager@palacetedoguerreiro.com,,https://www.google.com/maps/place/Palacete+Do+Guerreiro+Charme+Hotel+%26+SPA/data=!4m10!3m9!1s0xd22d5bc20ca7d35:0xa13743348fc0e757!5m2!4m1!1i2!8m2!3d40.3367215!4d-7.8096426!16s%2Fg%2F11xnp3tb94!19sChIJNX3KILzVIg0RV-fAjzRDN6E?authuser=0&hl=fr&rclk=1
Hotel Minho," N13, 4920-140 Vila Meã, Portugal",Mação+Portugal,Portugal,Hôtel avec spa,,"4,5", +351 251 700 245,http://hotelminho.com/pt,geral@hotelminho.com,,https://www.google.com/maps/place/Hotel+Minho/data=!4m10!3m9!1s0xd2597383ebadc6b:0xc1dd6d1f9386e775!5m2!4m1!1i2!8m2!3d41.975332!4d-8.6840195!16s%2Fg%2F1pt_t0m9c!19sChIJa9y6PjiXJQ0RdeeGkx9t3cE?authuser=0&hl=fr&rclk=1
Convento do Seixo Boutique Hotel & Spa," R. do Convento, 6230-045 Aldeia de Joanes, Portugal",Mação+Portugal,Portugal,Hôtel avec spa,,"4,7", +351 275 249 670,https://www.conventodoseixo.com/,info@conventodoseixo.com,,https://www.google.com/maps/place/Convento+do+Seixo+Boutique+Hotel+%26+Spa/data=!4m10!3m9!1s0xd3d3ff53b1c8d77:0xb14c0846cfd3ce06!5m2!4m1!1i2!8m2!3d40.1327473!4d-7.511501!16s%2Fg%2F11gj78nvbb!19sChIJd40cO_U_PQ0RBs7Tz0YITLE?authuser=0&hl=fr&rclk=1
Tesal Thermal Monção," Av. das Caldas s/n, 4950-405 Monção, Portugal",Mação+Portugal,Portugal,Hôtel avec spa,,"3,5", +351 251 648 367,http://www.termasdemoncao.com/,tesalmoncao@tesal.com,,https://www.google.com/maps/place/Tesal+Thermal+Mon%C3%A7%C3%A3o/data=!4m10!3m9!1s0xd2577f7886fc599:0xf32819d7a37caecb!5m2!4m1!1i2!8m2!3d42.0791525!4d-8.4732528!16s%2Fg%2F1txfqfjh!19sChIJmcVviPd3JQ0Ry658o9cZKPM?authuser=0&hl=fr&rclk=1
Abrigo da Montanha," R. do Comércio 46, 6270-151 Sabugueiro, Portugal",Mação+Portugal,Portugal,Hôtel avec spa,,"4,6", +351 238 315 329,https://www.abrigodamontanha.pt/inicio/,reservas@abrigodamontanha.com.pt,,https://www.google.com/maps/place/Abrigo+da+Montanha/data=!4m10!3m9!1s0xd3cd7b79ed5952f:0xd4e6ce98df85e74c!5m2!4m1!1i2!8m2!3d40.4046458!4d-7.6451018!16s%2Fg%2F124sw4xj4!19sChIJL5XVnrfXPA0RTOeF35jO5tQ?authuser=0&hl=fr&rclk=1
Caldelas Spa," Braga PT, Av. Afonso Manuel 255, 4720-249 Caldelas, Portugal",Mação+Portugal,Portugal,Centre thermal,Thermes,"4,3", +351 253 368 165,https://termas-caldelas.com/,,,https://www.google.com/maps/place/Caldelas+Spa/data=!4m7!3m6!1s0xd2503b960e26e27:0x4ea116b6f6557b7a!8m2!3d41.667979!4d-8.3699156!16s%2Fg%2F122qs4h7!19sChIJJ27iYLkDJQ0RentV9rYWoU4?authuser=0&hl=fr&rclk=1
Termas das Caldeiras da Ribeira Grande," Caldeiras, 9600-501 Ribeira Grande, Portugal",Mação+Portugal,Portugal,Centre thermal,Station thermale,"4,3", +351 296 493 560,,,,https://www.google.com/maps/place/Termas+das+Caldeiras+da+Ribeira+Grande/data=!4m7!3m6!1s0xb5cd79c9e02da83:0x79ec149a9ee3425e!8m2!3d37.7979471!4d-25.4873641!16s%2Fg%2F11g8wd7djc!19sChIJg9oCnpzXXAsRXkLjnpoU7Hk?authuser=0&hl=fr&rclk=1
Carvalhal Spa," Mamouros, Portugal",Mação+Portugal,Portugal,Centre thermal,,"4,4", +351 232 382 342,http://termasdocarvalhal.com/,geral@termasdocarvalhal.com,,https://www.google.com/maps/place/Carvalhal+Spa/data=!4m10!3m9!1s0xd235026ab818359:0xb8fac136168f3b58!5m2!4m1!1i2!8m2!3d40.8520383!4d-7.9318684!16s%2Fg%2F1hb_gs02_!19sChIJWYOBqyZQIw0RWDuPFjbB-rg?authuser=0&hl=fr&rclk=1
TERMAS DE LUSO," R. Álvaro Castelões, 3050-230 Luso, Portugal",Mação+Portugal,Portugal,Centre thermal,Spa,"4,4", +351 231 937 910,http://www.termasdeluso.pt/,geral@termasdeluso.pt,https://www.linkedin.com/company/termasdeluso,https://www.google.com/maps/place/TERMAS+DE+LUSO/data=!4m7!3m6!1s0xd2303c6fb7c9aa9:0x2d2a39da92b88a81!8m2!3d40.3839475!4d-8.3771985!16s%2Fg%2F121d6g4r!19sChIJqZp8-8YDIw0RgYq4kto5Ki0?authuser=0&hl=fr&rclk=1
Thermal spa of Peso," Parque do Peso, 4960-207, Portugal",Mação+Portugal,Portugal,Centre thermal,Station thermale,"4,2", +351 251 404 404,http://www.termasdemelgaco.pt/,geraltermasdemelgaco@gmail.com,,https://www.google.com/maps/place/Thermal+spa+of+Peso/data=!4m7!3m6!1s0xd256568dbc18b6d:0x6e1a77c2ec343b77!8m2!3d42.1062323!4d-8.282035!16s%2Fg%2F11bw_4xtx0!19sChIJbYvB22hlJQ0Rdzs07MJ3Gm4?authuser=0&hl=fr&rclk=1
Aquadome (Termas de Unhais da Serra)," Av. das Termas, 6200-999 Covilhã, Portugal",Mação+Portugal,Portugal,Centre thermal,Spa,"4,7", +351 275 970 030,http://www.aquadome.pt/,ppires@assec.pt,,https://www.google.com/maps/place/Aquadome+%28Termas+de+Unhais+da+Serra%29/data=!4m7!3m6!1s0xd3d2f771da158cd:0x77f49baf53fbdf88!8m2!3d40.2653058!4d-7.6245872!16s%2Fg%2F1hdzrvbny!19sChIJzVihHXcvPQ0RiN_7U6-b9Hc?authuser=0&hl=fr&rclk=1
Termas do Cró, Portugal,Mação+Portugal, Portugal,Centre thermal,Thermes,"4,4", +351 271 589 000,http://www.termasdocro.pt/,geral@termasdocro.pt,,https://www.google.com/maps/place/Termas+do+Cr%C3%B3/data=!4m7!3m6!1s0xd3c54e6c3c144c9:0x6140199a1b985a4e!8m2!3d40.4422466!4d-7.0440586!16s%2Fg%2F1238y695!19sChIJyUTBw-ZUPA0RTlqYG5oZQGE?authuser=0&hl=fr&rclk=1
Termas da Fadagosa de Nisa," Nisa, Portugal",Mação+Portugal,Portugal,Centre thermal,Thermes,"4,1", +351 245 799 050,http://www.cm-nisa.pt/termasdenisa.html,,,https://www.google.com/maps/place/Termas+da+Fadagosa+de+Nisa/data=!4m7!3m6!1s0xd17f389ad384551:0xfcb8294e800e0ac9!8m2!3d39.4514398!4d-7.6960988!16s%2Fg%2F11bzr8ldjj!19sChIJUUU4rYnzFw0RyQoOgE4puPw?authuser=0&hl=fr&rclk=1
Termas do Carapacho," Rua Doutor Manuel de Sousa Menezes s/n, 9880-152 Carapacho, Portugal",Mação+Portugal,Portugal,Centre thermal,Thermes,"4,6", +351 295 714 068,https://www.termasdocarapacho.com/,geral@termasdocarapacho.com,,https://www.google.com/maps/place/Termas+do+Carapacho/data=!4m7!3m6!1s0xb47d50057e8f5b1:0x6ca862d6e191906b!8m2!3d39.012772!4d-27.9590252!16s%2Fg%2F121zpl75!19sChIJsfXoVwDVRwsRa5CR4dZiqGw?authuser=0&hl=fr&rclk=1
Termas de São Pedro do Sul," Praça Dr. António José de Almeida Termas de, 3660-692 São Pedro do Sul, Portugal",Mação+Portugal,Portugal,Centre thermal,Thermes,"4,6", +351 232 720 300,http://www.termas-spsul.com/,geral@termas-spsul.com,,https://www.google.com/maps/place/Termas+de+S%C3%A3o+Pedro+do+Sul/data=!4m7!3m6!1s0xd23419e6b3a7687:0xe61a24ad81fb6642!8m2!3d40.7393418!4d-8.0928189!16s%2Fg%2F11g7_fp5qm!19sChIJh3Y6a55BIw0RQmb7ga0kGuY?authuser=0&hl=fr&rclk=1
Termas da Ferraria," Ginetes, Portugal",Mação+Portugal,Portugal,Centre thermal,Thermes,"4,3", +351 296 295 669,https://www.facebook.com/termas.ferraria.90/?locale=pt_PT,,,https://www.google.com/maps/place/Termas+da+Ferraria/data=!4m7!3m6!1s0xb433075effc4a91:0xed304ac0a0ff8440!8m2!3d37.8608255!4d-25.8525276!16s%2Fg%2F11byhj2zgd!19sChIJkUr873UwQwsRQIT_oMBKMO0?authuser=0&hl=fr&rclk=1
Alcafache Thermal Spa," R. Balneário, 3530-026 Viseu, Portugal",Mação+Portugal,Portugal,Centre thermal,Spa,"4,2", +351 232 479 797,http://www.termasdealcafache.pt/,reservas@termasdealcafache.pt,,https://www.google.com/maps/place/Alcafache+Thermal+Spa/data=!4m7!3m6!1s0xd233158ac6b1151:0xab408e1b9431aabc!8m2!3d40.606029!4d-7.8696854!16s%2Fg%2F1th88d7h!19sChIJURFrrFgxIw0RvKoxlBuOQKs?authuser=0&hl=fr&rclk=1
Longroiva spa," R. da Corredoura, Mêda, Portugal",Mação+Portugal,Portugal,Centre thermal,Thermes,"4,5", +351 279 849 230,https://www.cm-meda.pt/polo-termal-de-longroiva/,geral@cm-meda.pt,,https://www.google.com/maps/place/Longroiva+spa/data=!4m7!3m6!1s0xd3c846512c13aaf:0xceb152d874cab588!8m2!3d40.965037!4d-7.2098184!16s%2Fg%2F1v8x3h56!19sChIJrzrBEmWEPA0RiLXKdNhSsc4?authuser=0&hl=fr&rclk=1
Slide & Splash," Portugal PT, Vale de Deus 125, 8401-901 Estômbar, Portugal",Mação+Portugal,Portugal,Parc aquatique,Parc aquatique,"4,5", +351 282 340 800,http://www.slidesplash.com/,info@slidesplash.com,,https://www.google.com/maps/place/Slide+%26+Splash/data=!4m7!3m6!1s0xd1ad7dcb0aff5c5:0xbe389806c01894c5!8m2!3d37.1399192!4d-8.474926!16s%2Fg%2F1tg36h9c!19sChIJxfWvsNzXGg0RxZQYwAaYOL4?authuser=0&hl=fr&rclk=1
Aqualand Algarve," Sítio das Areias, N125, 8365-908 Alcantarilha, Portugal",Mação+Portugal,Portugal,Parc aquatique,Parc aquatique,"4,1", +351 282 320 230,https://www.aqualand.pt/,aqualandalgarve@asproparks.com,,https://www.google.com/maps/place/Aqualand+Algarve/data=!4m7!3m6!1s0xd1ad0e39d6bfd4b:0x81a56dd58df0e845!8m2!3d37.1353881!4d-8.3660084!16s%2Fg%2F1thy11w3!19sChIJS_1rnePQGg0RRejwjdVtpYE?authuser=0&hl=fr&rclk=1
Cardigos river beach," Casa Nova de São Bento, Portugal",Mação+Portugal,Portugal,Parc aquatique,Aire de pique-nique,"4,5", +351 241 573 450,http://aquapolis.com.pt/praia-fluvial-de-cardigos-macao-piscinas-e-zona-de-lazer/,arturgoncalves.epna@gmail.com,,https://www.google.com/maps/place/Cardigos+river+beach/data=!4m7!3m6!1s0xd22a7634c4c02b3:0x192cb8b9380b968d!8m2!3d39.7086945!4d-8.0139025!16s%2Fg%2F11byl5lt81!19sChIJswJMTGOnIg0RjZYLOLm4LBk?authuser=0&hl=fr&rclk=1
Parque Aquático de Fafe," Tv. Sol Poente 1, 4820-338 Fafe, Portugal",Mação+Portugal,Portugal,Parc aquatique,Parc aquatique,"4,2", +351 910 637 001,https://parqueaquaticofafe.pt/,geral@parqueaquaticofafe.pt,,https://www.google.com/maps/place/Parque+Aqu%C3%A1tico+de+Fafe/data=!4m7!3m6!1s0xd24e8f74d5c38a3:0x43dd9e7f1bd60c2!8m2!3d41.4396041!4d-8.1827994!16s%2Fg%2F1q5bmncb5!19sChIJozhcTffoJA0RwmC98efZPQQ?authuser=0&hl=fr&rclk=1
Carvoeiro River Beach," Estradão Praia Fluvial (Ponte Asseiceira), Portugal",Mação+Portugal,Portugal,Parc aquatique,Plage publique,"4,6", +351 919 020 335,https://aquapolis.com.pt/praia-fluvial-do-carvoeiro-macao/,,,https://www.google.com/maps/place/Carvoeiro+River+Beach/data=!4m7!3m6!1s0xd1806788e9518c3:0x114a1c18bf72bb61!8m2!3d39.630111!4d-7.9231482!16s%2Fg%2F11r9s29rp!19sChIJwxiVjngGGA0RYbtyvxgcShE?authuser=0&hl=fr&rclk=1
Mação Swimming Pool," Alameda Infante D. Henrique 3, Mação, Portugal",Mação+Portugal,Portugal,Parc aquatique,Piscine municipale,"4,5",,http://www.cm-macao.pt/,geral@cm.macao.pt,,https://www.google.com/maps/place/Ma%C3%A7%C3%A3o+Swimming+Pool/data=!4m7!3m6!1s0xd180fcf4a739f73:0xb9308c031f6d0109!8m2!3d39.5567719!4d-7.9936682!16s%2Fg%2F11cs0_d2l2!19sChIJc59zSs8PGA0RCQFtHwOMMLk?authuser=0&hl=fr&rclk=1
"NaturWaterPark - Parque de Diversões do Douro, Lda"," Quinta do Barroco, Póvoa, 5000-037 Vila Real, Portugal",Mação+Portugal,Portugal,Parc aquatique,,"4,3", +351 259 309 120,http://www.naturwaterpark.pt/,,,"https://www.google.com/maps/place/NaturWaterPark+-+Parque+de+Divers%C3%B5es+do+Douro,+Lda/data=!4m7!3m6!1s0xd3b4f284f893e7d:0xf52d0a705512fb1f!8m2!3d41.2559981!4d-7.651942!16s%2Fg%2F1tdz17kg!19sChIJfT6JTyhPOw0RH_sSVXAKLfU?authuser=0&hl=fr&rclk=1"
Piscinas Scorpio - Guimaraes," Alameda dos Desportos 4805, 4835-235 Guimarães, Portugal",Mação+Portugal,Portugal,Parc aquatique,Parc aquatique,"4,3", +351 253 423 200,https://tempolivre.pt/scorpio/,geral@tempolivre.pt,,https://www.google.com/maps/place/Piscinas+Scorpio+-+Guimaraes/data=!4m7!3m6!1s0xd24f0254e4722c3:0x34d87f8a70abe653!8m2!3d41.4310583!4d-8.3196035!16s%2Fg%2F11b6cbc1f9!19sChIJwyJHTiXwJA0RU-arcIp_2DQ?authuser=0&hl=fr&rclk=1
Parque Aquático do Crato," R. 25 de Abril, 7430-174 Crato, Portugal",Mação+Portugal,Portugal,Parc aquatique,Parc aquatique,"4,4", +351 245 990 110,http://www.cm-crato.pt/,geral@cm-crato.pt,,https://www.google.com/maps/place/Parque+Aqu%C3%A1tico+do+Crato/data=!4m7!3m6!1s0xd178e5ee0dd86c9:0xd5bfbf1628a7b1bb!8m2!3d39.2932519!4d-7.6515712!16s%2Fg%2F11b8zj21mq!19sChIJyYbd4F6OFw0Ru7GnKBa_v9U?authuser=0&hl=fr&rclk=1
Aquaparque Madeira," ER101, 9100-000 Gaula, Portugal",Mação+Portugal,Portugal,Parc aquatique,Parc aquatique,"3,8", +351 291 640 535,https://aquaparque-madeira.com/,desabafos.verao@gmail.com,,https://www.google.com/maps/place/Aquaparque+Madeira/data=!4m7!3m6!1s0xc6063736bcba275:0x3e75fcfda401014d!8m2!3d32.6836851!4d-16.7967709!16s%2Fg%2F11hzpnhyb2!19sChIJdaLLa3NjYAwRTQEBpP38dT4?authuser=0&hl=fr&rclk=1
Water Park Gerês," Praia de, Rua do Alqueirão, 4845-062 Alqueirão, Portugal",Mação+Portugal,Portugal,Parc aquatique,Parc aquatique,"4,4", +351 915 658 866,,,,https://www.google.com/maps/place/Water+Park+Ger%C3%AAs/data=!4m7!3m6!1s0xd251f885badc287:0xdf23855258e4ecd0!8m2!3d41.6796211!4d-8.1762636!16s%2Fg%2F11fn25wx_g!19sChIJh8KtW4gfJQ0R0OzkWFKFI98?authuser=0&hl=fr&rclk=1
Norpark - Aquatic Amusement Nazaré," Praia do Norte, 2450-065 Nazaré, Portugal",Mação+Portugal,Portugal,Parc aquatique,Parc aquatique,"4,1", +351 262 568 515,https://norparknazare.pt/,,,https://www.google.com/maps/place/Norpark+-+Aquatic+Amusement+Nazar%C3%A9/data=!4m7!3m6!1s0xd18a9c3a917f529:0x63bafea1726a9c40!8m2!3d39.6130378!4d-9.0801809!16s%2Fg%2F1trps1rn!19sChIJKfUXqcOpGA0RQJxqcqH-umM?authuser=0&hl=fr&rclk=1
Lagoa do Falcão," R. do Pavilhão Gimnodesportivo, 2565-587 Campelos, Portugal",Mação+Portugal,Portugal,Parc aquatique,Parc aquatique,"4,3", +351 969 008 368,http://lagoadofalcao.pt/,info@lagoadofalcao.pt,,https://www.google.com/maps/place/Lagoa+do+Falc%C3%A3o/data=!4m7!3m6!1s0xd18ccb231e1b01d:0xa02427e63e83c59!8m2!3d39.1941472!4d-9.1842912!16s%2Fg%2F11f4tncslv!19sChIJHbDhMbLMGA0RWTzoY35CAgo?authuser=0&hl=fr&rclk=1
"Park ""Mouchão"""," Rua Parque, 2300-586 Tomar, Portugal",Mação+Portugal,Portugal,Parc aquatique,Jardin,"4,6", +351 249 313 326,http://www.cm-tomar.pt/,presidencia@cm-tomar.pt,,https://www.google.com/maps/place/Park+%22Mouch%C3%A3o%22/data=!4m7!3m6!1s0xd187ebc9c277b11:0xb90dc2a4bc41c68!8m2!3d39.6058041!4d-8.4131345!16s%2Fg%2F11g6wc3n23!19sChIJEXsnnLx-GA0RaBzESyrckAs?authuser=0&hl=fr&rclk=1
Santarém pools," R. Prof. Américo Marinho 2, 2005-444 Santarém, Portugal",Mação+Portugal,Portugal,Parc aquatique,Piscine municipale,"4,2", +351 243 300 900,https://viversantarem.pt/parqueaquatico/,geral@viversantarem.pt,,https://www.google.com/maps/place/Santar%C3%A9m+pools/data=!4m7!3m6!1s0xd18ede98ae9bde7:0x960944259e95594c!8m2!3d39.2600128!4d-8.6808051!16s%2Fg%2F11bw2fhg71!19sChIJ573piuntGA0RTFmVniVECZY?authuser=0&hl=fr&rclk=1
Zoomarine," N125 KM 65, 8201-864 Guia, Portugal",Mação+Portugal,Portugal,Parc aquatique,Parc à thème,"4,6", +351 289 560 300,https://www.zoomarine.pt/,info@zoomarine.pt,https://www.linkedin.com/company/zoomarinealgarve,https://www.google.com/maps/place/Zoomarine/data=!4m7!3m6!1s0xd1ace4ed8ed7ec7:0x8cf7b5092d8538af!8m2!3d37.126969!4d-8.314199!16s%2Fg%2F1217cr26!19sChIJx37t2E7OGg0RrziFLQm194w?authuser=0&hl=fr&rclk=1
Mariparque - Praia da Vieira," Av. Marginal 13, Praia da Vieira, 2430-696 Vieira de Leiria, Portugal",Mação+Portugal,Portugal,Parc aquatique,Parc aquatique,"4,1", +351 244 699 068,http://www.hoteiscristal.pt/mariparque,,,https://www.google.com/maps/place/Mariparque+-+Praia+da+Vieira/data=!4m7!3m6!1s0xd2210d580cb66e7:0xbf0d3db12d129e46!8m2!3d39.8780667!4d-8.9680614!16s%2Fg%2F11cn91rxy9!19sChIJ52bLgNUQIg0RRp4SLbE9Db8?authuser=0&hl=fr&rclk=1
Municipal Aquatic Complex Santarém," R. Prof. Américo Marinho 2, 2005-444 Santarém, Portugal",Mação+Portugal,Portugal,Parc aquatique,Centre aquatique,"4,1", +351 243 300 900,http://viversantarem.pt/,geral@viversantarem.pt,,https://www.google.com/maps/place/Municipal+Aquatic+Complex+Santar%C3%A9m/data=!4m7!3m6!1s0xd18edea2077fbc7:0x1d1909d63d34ab0!8m2!3d39.2603755!4d-8.6809205!16s%2Fg%2F11cmhxq77j!19sChIJx_t3IOrtGA0RsErTY52Q0QE?authuser=0&hl=fr&rclk=1
Fluvifun - Parque Aquático do Malhadal, Portugal,Mação+Portugal, Portugal,Parc aquatique,Parc aquatique,"4,6", +351 274 685 127,,,,https://www.google.com/maps/place/Fluvifun+-+Parque+Aqu%C3%A1tico+do+Malhadal/data=!4m7!3m6!1s0xd22afdb7fadb159:0xe3d56fa7f3f9051e!8m2!3d39.7966941!4d-7.9516837!16s%2Fg%2F11g2xdrmpd!19sChIJWbGtf9uvIg0RHgX586dv1eM?authuser=0&hl=fr&rclk=1
Aquashow," Aquashow Park, Volta do Parque n.º 1, 8125-313 Quarteira, Portugal",Mação+Portugal,Portugal,Parc aquatique,Parc aquatique,"4,4", +351 289 315 129,https://aquashowpark.com/,reservas@aquashowpark.com,,https://www.google.com/maps/place/Aquashow/data=!4m7!3m6!1s0xd1ab575a4f4c3dd:0xfddc87f54582acc1!8m2!3d37.0931577!4d-8.0719093!16s%2Fg%2F11hz2m39zb!19sChIJ3cP0pHW1Gg0RwayCRfWH3P0?authuser=0&hl=fr&rclk=1
Panorâmico Aquaparque," R. Eiras de Belém 20, 3100-319 Pombal, Portugal",Mação+Portugal,Portugal,Parc aquatique,Parc aquatique,"4,1", +351 236 217 774,http://www.panoramicoaquaparque.com/,%20panoramico.aquaparque@gmail.com,,https://www.google.com/maps/place/Panor%C3%A2mico+Aquaparque/data=!4m7!3m6!1s0xd2266707c37d90d:0x76c18e2b4fba5d4b!8m2!3d39.9228286!4d-8.5957675!16s%2Fg%2F1v29d92_!19sChIJDdk3fHBmIg0RS126TyuOwXY?authuser=0&hl=fr&rclk=1
Aquashow Park Hotel," Aquashow Hotel, Hotel Aquashow, Volta do Parque n.º 2, 8125-313 Quarteira, Portugal",Mação+Portugal,Portugal,Parc aquatique,,"4,5", +351 289 315 129,http://www.aquashowparkhotel.com/,,,https://www.google.com/maps/place/Aquashow+Park+Hotel/data=!4m10!3m9!1s0xd1ab449b86bb007:0xaf81f8cfd5302a0f!5m2!4m1!1i2!8m2!3d37.0913756!4d-8.0736079!16s%2Fm%2F0k5xqfv!19sChIJB7BruEm0Gg0RDyow1c_4ga8?authuser=0&hl=fr&rclk=1
Amarante Water Park," Rua do Tâmega 2245 -909, 4600-909, Portugal",Mação+Portugal,Portugal,Parc aquatique,Parc aquatique,"4,3", +351 255 410 040,http://parqueaquaticoamarante.com/,waterpark@tamegaclube.com,,https://www.google.com/maps/place/Amarante+Water+Park/data=!4m7!3m6!1s0xd24be6ec5c6f72d:0x5c768383645eaab6!8m2!3d41.2495036!4d-8.1056498!16s%2Fg%2F11gfkm5bvk!19sChIJLffGxW6-JA0RtqpeZIODdlw?authuser=0&hl=fr&rclk=1
Magikland - Amusement Park," R. Santo Andrė n.º1279, 4560-221 Marecos, Portugal",Mação+Portugal,Portugal,Parc aquatique,Parc de loisirs,"4,3", +351 255 712 357,http://www.magikland.pt/,reservas@magikland.pt,,https://www.google.com/maps/place/Magikland+-+Amusement+Park/data=!4m7!3m6!1s0xd2491bc723d2bfd:0xa1bc78c1912d471f!8m2!3d41.1992207!4d-8.2799437!16s%2Fg%2F122sxhkz!19sChIJ_Ss9cryRJA0RH0ctkcF4vKE?authuser=0&hl=fr&rclk=1
Water Park Splash Wave," 3840-261, Portugal",Mação+Portugal,Portugal,Parc aquatique,Parc aquatique,"4,1", +351 234 797 732,http://www.vagasplash.com/,info@vagasplash.com,,https://www.google.com/maps/place/Water+Park+Splash+Wave/data=!4m7!3m6!1s0xd23beae6f732c8d:0x73d5d0980ca8fd60!8m2!3d40.5497484!4d-8.7705445!16s%2Fg%2F1tfsjpj8!19sChIJjSxzb66-Iw0RYP2oDJjQ1XM?authuser=0&hl=fr&rclk=1
Salão Teresa," Av. Dr. Francisco Sá Carneiro 19, 6120-724 Mação, Portugal",Mação+Portugal,Portugal,Spa / bien-être,Institut de beauté,"4,1", +351 966 140 418,,,,https://www.google.com/maps/place/Sal%C3%A3o+Teresa/data=!4m7!3m6!1s0xd180fcbecf00571:0xc5b902237d4e7172!8m2!3d39.5577592!4d-7.99865!16s%2Fg%2F11g6bl2v69!19sChIJcQXw7MsPGA0RcnFOfSMCucU?authuser=0&hl=fr&rclk=1
Hotel Convento dos Capuchos," Quinta do Convento dos Capuchos, 4950-527 Monção, Portugal",Mação+Portugal,Portugal,Spa / bien-être,,"4,1", +351 251 640 090,https://www.conventodoscapuchos.com/,geral@conventodosdoscapuchos.com,,https://www.google.com/maps/place/Hotel+Convento+dos+Capuchos/data=!4m10!3m9!1s0xd2577f93d28a58d:0x6a9357688383fe73!5m2!4m1!1i2!8m2!3d42.0773173!4d-8.477992!16s%2Fg%2F1tgk1y5x!19sChIJjaUoPfl3JQ0Rc_6Dg2hXk2o?authuser=0&hl=fr&rclk=1
VILLASPA," Rua Carlos Alberto Ferreira Júnior, R. Q.ta dos Foios 2 Nº 9, 2925-609, Portugal",Mação+Portugal,Portugal,Spa / bien-être,Spa,"4,9", +351 924 295 158,http://www.villaspa.pt/,,,https://www.google.com/maps/place/VILLASPA/data=!4m7!3m6!1s0xd194f79076bd65b:0xa1d62579e4dd848b!8m2!3d38.5175506!4d-9.0213586!16s%2Fg%2F1tfdfqyp!19sChIJW9ZrB3lPGQ0Ri4Td5Hkl1qE?authuser=0&hl=fr&rclk=1
SAYANNA Wellness & Spa - EPIC SANA Lisboa," Av. Eng. Duarte Pacheco 15, 1070-100 Lisboa, Portugal",Mação+Portugal,Portugal,Spa / bien-être,Spa,"4,3", +351 21 159 7390,https://www.sanahotels.com/hotel/epic-sana-lisboa/sayanna-wellness-spa/,reservations@sanahotels.com,https://www.linkedin.com/company/sana-hotels,https://www.google.com/maps/place/SAYANNA+Wellness+%26+Spa+-+EPIC+SANA+Lisboa/data=!4m7!3m6!1s0xd1933785ab789f1:0x74edb569e307345b!8m2!3d38.7245416!4d-9.158487!16s%2Fg%2F11mnld2p8b!19sChIJ8Ym3WngzGQ0RWzQH42m17XQ?authuser=0&hl=fr&rclk=1
TERRA HEAL · Massage & Holistic Spa Lisbon," R. do Telhal 4B, 1150-321 Lisboa, Portugal",Mação+Portugal,Portugal,Spa / bien-être,Institut de massages,"4,9", +351 916 828 876,https://www.terraheal.com/massage-lisbon-massage.html,terraheal.spa@gmail.com,https://www.linkedin.com/company/68120751,https://www.google.com/maps/place/TERRA+HEAL+%C2%B7+Massage+%26+Holistic+Spa+Lisbon/data=!4m7!3m6!1s0xd193387b36f0d17:0x934780da13b52052!8m2!3d38.7191915!4d-9.1426724!16s%2Fg%2F11cp85dnld!19sChIJFw1vs4czGQ0RUiC1E9qAR5M?authuser=0&hl=fr&rclk=1
SPA Salino - Água-mãe Lda," Salina da Barquinha, EN 122, 8950-999 Castro Marim, Portugal",Mação+Portugal,Portugal,Spa / bien-être,Spa,"4,7", +351 965 404 888,http://www.facebook.com/aguamae.cm,,,https://www.google.com/maps/place/SPA+Salino+-+%C3%81gua-m%C3%A3e+Lda/data=!4m7!3m6!1s0xd10237882cf9321:0x4b3414286d48a32c!8m2!3d37.2137572!4d-7.4348618!16s%2Fg%2F11f8hwr38_!19sChIJIZPPgngjEA0RLKNIbSgUNEs?authuser=0&hl=fr&rclk=1
Vilalara Grand Hotel Algarve," Praia das Gaivotas, 8400-450 Porches, Portugal",Mação+Portugal,Portugal,Thalassothérapie,,"4,7", +351 282 320 000,https://www.vilalara.com/,RESERVAS@VILALARA.COM,,https://www.google.com/maps/place/Vilalara+Grand+Hotel+Algarve/data=!4m10!3m9!1s0xd1ad143867b9ea9:0x995e80cbaa1d97cb!5m2!4m1!1i2!8m2!3d37.1000664!4d-8.3801173!16s%2Fg%2F1v_s743_!19sChIJqZ57hkPRGg0Ry5cdqsuAXpk?authuser=0&hl=fr&rclk=1
Saccharum," Rua da Serra D'Água, nº1, 9370-087 Arco da Calheta, Madeira, Portugal",Mação+Portugal,Portugal,Thalassothérapie,,"4,6", +351 291 820 800,https://www.savoysignature.com/saccharumhotel/en/?utm_source=google&utm_medium=googlemybusiness&utm_campaign=saccharum,,,https://www.google.com/maps/place/Saccharum/data=!4m10!3m9!1s0xc605113a38ba5c5:0xdf042bd8a5479226!5m2!4m1!1i2!8m2!3d32.7167807!4d-17.1684636!16s%2Fg%2F11ckqt0hz5!19sChIJxaWLoxNRYAwRJpJHpdgrBN8?authuser=0&hl=fr&rclk=1
Thalasso Nazaré," Av. Manuel Remígio, 2450-106 Nazaré, Portugal",Mação+Portugal,Portugal,Thalassothérapie,Spa,"3,8", +351 262 560 450,https://thalassonazare.com/,info@thalassonazare.com,,https://www.google.com/maps/place/Thalasso+Nazar%C3%A9/data=!4m7!3m6!1s0xd18a9a3ff2c5545:0x1a56285f696726ab!8m2!3d39.5908641!4d-9.0738657!16s%2Fg%2F11x9t07yb!19sChIJRVUs_6OpGA0RqyZnaV8oVho?authuser=0&hl=fr&rclk=1
Hotel Alpino Atlantico," R. da Falésia, 9125-031 Caniço, Portugal",Mação+Portugal,Portugal,Thalassothérapie,,"4,3", +351 291 930 930,http://www.alpinoatlantico.com/,,,https://www.google.com/maps/place/Hotel+Alpino+Atlantico/data=!4m10!3m9!1s0xc608a0938317541:0x85ed207c43ac9c6f!5m2!4m1!1i2!8m2!3d32.6420164!4d-16.8369075!16s%2Fg%2F1ptw9vdmq!19sChIJQXUxOAmKYAwRb5ysQ3wg7YU?authuser=0&hl=fr&rclk=1
Vila Galé Collection Tomar," R. Santa Iria 8, 2300-473 Tomar, Portugal",Mação+Portugal,Portugal,Thalassothérapie,,"4,7", +351 249 249 820,https://www.vilagale.com/pt-pt/hoteis-portugal/hoteis-centro/vila-gale-collection-tomar/,tomar@vilagale.com,https://www.linkedin.com/company/vila-gale-s-a-,https://www.google.com/maps/place/Vila+Gal%C3%A9+Collection+Tomar/data=!4m10!3m9!1s0xd187ea50d641f23:0x985435fda093176f!5m2!4m1!1i2!8m2!3d39.6044736!4d-8.410066!16s%2Fg%2F11v15hwx2q!19sChIJIx9kDaV-GA0RbxeToP01VJg?authuser=0&hl=fr&rclk=1
Hotel Vila Esteves," R. de Santo António 67, 4950-436 Monção, Portugal",Mação+Portugal,Portugal,Thalassothérapie,,"3,9", +351 962 665 411,https://hotelvilaesteves.com/,info@hotelvilaesteves.com,,https://www.google.com/maps/place/Hotel+Vila+Esteves/data=!4m10!3m9!1s0xd25771bafc2764d:0x58c1596f565602e7!5m2!4m1!1i2!8m2!3d42.0776456!4d-8.4822701!16s%2Fg%2F11h7fxqpjm!19sChIJTXbCrxt3JQ0R5wJWVm9ZwVg?authuser=0&hl=fr&rclk=1
Grande Hotel de Luso," R. Dr. José Cid de Oliveira 86, 3050-223 Luso, Portugal",Mação+Portugal,Portugal,Thalassothérapie,,"4,4", +351 231 937 937,http://www.hoteluso.com/,reservas@hoteluso.com,,https://www.google.com/maps/place/Grande+Hotel+de+Luso/data=!4m10!3m9!1s0xd2303c68bfe8577:0x438c77b13af2208!5m2!4m1!1i2!8m2!3d40.3847037!4d-8.3779281!16s%2Fg%2F121xcp9p!19sChIJd4X-i8YDIw0RCCKvE3vHOAQ?authuser=0&hl=fr&rclk=1
Hotel Vila Galé Collection Sintra," R. da Fonte da Granja nº 30, 2710-652 Sintra, Portugal",Mação+Portugal,Portugal,Thalassothérapie,,"4,4", +351 21 052 0000,https://www.vilagale.com/pt-pt/hoteis-portugal/hoteis-costa-de-lisboa/vila-gale-collection-sintra/,sintra@vilagale.com,https://www.linkedin.com/company/vila-gale-s-a-,https://www.google.com/maps/place/Hotel+Vila+Gal%C3%A9+Collection+Sintra/data=!4m10!3m9!1s0xd1eda455e3df5d3:0x61c46e3f106a380c!5m2!4m1!1i2!8m2!3d38.8303347!4d-9.4037172!16s%2Fg%2F11f1dp6kwq!19sChIJ0_U9XkXaHg0RDDhqED9uxGE?authuser=0&hl=fr&rclk=1
Vila Baleira Resort," Sitio do, 9400-909 Cabeco da Ponta, Portugal",Mação+Portugal,Portugal,Thalassothérapie,,"4,3", +351 291 980 800,https://www.vilabaleira.com/vila-baleira-porto-santo/,sales@vilabaleira.com,,https://www.google.com/maps/place/Vila+Baleira+Resort/data=!4m10!3m9!1s0xc5fdd38dc795587:0x6e991a968744620d!5m2!4m1!1i2!8m2!3d33.0374124!4d-16.3626213!16s%2Fg%2F11h1f5bq9!19sChIJh1V53DjdXwwRDWJEh5YamW4?authuser=0&hl=fr&rclk=1
Praia Fluvial da Louçainha," Praia Fluvial da Louçainha, 3230-103, Portugal",Mação+Portugal,Portugal,Thalassothérapie,Attraction touristique,"4,5", +351 239 560 120,,,,https://www.google.com/maps/place/Praia+Fluvial+da+Lou%C3%A7ainha/data=!4m7!3m6!1s0xd22f2a0d191caa1:0x59dbc74d92d5a5d0!8m2!3d40.0262395!4d-8.3039673!16s%2Fg%2F11bv1cj_k_!19sChIJocqR0aDyIg0R0KXVkk3H21k?authuser=0&hl=fr&rclk=1
"Monte Real Hotel,Termas & Spa"," R. de Leiria, 2425-039 Monte Real, Portugal",Mação+Portugal,Portugal,Thalassothérapie,,"4,6", +351 244 618 900,http://www.termasdemontereal.pt/,info@termasdemontereal.pt,,"https://www.google.com/maps/place/Monte+Real+Hotel,Termas+%26+Spa/data=!4m10!3m9!1s0xd22131b629776d7:0xf09bb3410f7714e4!5m2!4m1!1i2!8m2!3d39.8514855!4d-8.8668939!16s%2Fg%2F1tfhhp6x!19sChIJ13aXYhsTIg0R5BR3D0Gzm_A?authuser=0&hl=fr&rclk=1"
Hotel Termas da Curia," 3780-541 Tamengos, Portugal",Mação+Portugal,Portugal,Thalassothérapie,,"4,0", +351 231 519 800,http://www.termasdacuria.com/,,,https://www.google.com/maps/place/Hotel+Termas+da+Curia/data=!4m10!3m9!1s0xd23076ab82065d7:0x1b75fce75e534ee7!5m2!4m1!1i2!8m2!3d40.4265676!4d-8.4641151!16s%2Fg%2F1th836sf!19sChIJ12UguGoHIw0R505TXuf8dRs?authuser=0&hl=fr&rclk=1
Six Senses Douro Valley," Quinta Vale de Abraão, 5100-758 Samodães, Portugal",Santa Marta de Penaguião+Portugal,Portugal,Hôtel avec spa,,"4,9", +351 254 660 600,https://www.sixsenses.com/en/hotels-resorts/europe/portugal/douro-valley/,,,https://www.google.com/maps/place/Six+Senses+Douro+Valley/data=!4m10!3m9!1s0xd24ad1a2e8259cd:0xa32c0984593ca4c1!5m2!4m1!1i2!8m2!3d41.144117!4d-7.812801!16s%2Fg%2F1wnbz8t4!19sChIJzVmCLhqtJA0RwaQ8WYQJLKM?authuser=0&hl=fr&rclk=1
Hotel Vila Galé Collection Douro," Lugar dos Varais - Cambres, 5100-426 Lamego, Portugal",Santa Marta de Penaguião+Portugal,Portugal,Hôtel avec spa,,"4,4", +351 254 780 700,https://www.vilagale.com/pt-pt/hoteis-portugal/hoteis-porto-e-norte/vila-gale-collection-douro/,douro@vilagale.com,https://www.linkedin.com/company/vila-gale-s-a-,https://www.google.com/maps/place/Hotel+Vila+Gal%C3%A9+Collection+Douro/data=!4m10!3m9!1s0xd3b52cb5198b875:0xaa3acf89bf507489!5m2!4m1!1i2!8m2!3d41.1537256!4d-7.7849388!16s%2Fg%2F11bv5vjflr!19sChIJdbiYUctSOw0RiXRQv4nPOqo?authuser=0&hl=fr&rclk=1
Torel Quinta da Vacaria - Douro Valley," Q.ta da Vacaria, 5050-364 Vilarinho dos Freires, Portugal",Santa Marta de Penaguião+Portugal,Portugal,Hôtel avec spa,,"4,9", +351 254 240 242,https://www.torelquintadavacaria.com/,info@torelquintadavacaria.com,,https://www.google.com/maps/place/Torel+Quinta+da+Vacaria+-+Douro+Valley/data=!4m10!3m9!1s0xd3b535e5d74009f:0x2ba12ef4b193bb22!5m2!4m1!1i2!8m2!3d41.1549971!4d-7.7690452!16s%2Fg%2F11tmk6l1t7!19sChIJnwB0XV5TOw0RIruTsfQuoSs?authuser=0&hl=fr&rclk=1
Douro Castelo Signature Hotel," R. do Castelo 3-17, 5100-127 Lamego, Portugal",Santa Marta de Penaguião+Portugal,Portugal,Hôtel avec spa,,"4,7", +351 967 899 933,http://www.dourocastelohotel.com/,info@dourocastelohotel.com,,https://www.google.com/maps/place/Douro+Castelo+Signature+Hotel/data=!4m10!3m9!1s0xd24ac9fbb4de289:0xed53680978e3e5d2!5m2!4m1!1i2!8m2!3d41.0975376!4d-7.8085871!16s%2Fg%2F11fkdr_tbn!19sChIJieJNu5-sJA0R0uXjeAloU-0?authuser=0&hl=fr&rclk=1
MW Douro Wine & Spa," R. Mal. Teixeira Rebelo, 5030-059, Portugal",Santa Marta de Penaguião+Portugal,Portugal,Hôtel avec spa,,"4,0", +351 259 104 910,https://www.hotelmwdouro.com/,reservas@mwdouro.com,,https://www.google.com/maps/place/MW+Douro+Wine+%26+Spa/data=!4m10!3m9!1s0xd3b4d6d375e8235:0xea23e877657b3bd1!5m2!4m1!1i2!8m2!3d41.2564682!4d-7.769241!16s%2Fg%2F11rmyw29dp!19sChIJNYJeN21NOw0R0Tt7ZXfoI-o?authuser=0&hl=fr&rclk=1
Six Senses Douro Valley," Quinta Vale de Abraão, 5100-758 Samodães, Portugal",Santa Marta de Penaguião+Portugal,Portugal,Hôtel avec spa,,"4,9", +351 254 660 600,https://www.sixsenses.com/en/hotels-resorts/europe/portugal/douro-valley/,,,https://www.google.com/maps/place/Six+Senses+Douro+Valley/data=!4m10!3m9!1s0xd24adbc31a79951:0xa32c0984593ca4c1!5m2!4m1!1i2!8m2!3d41.1441174!4d-7.812801!16s%2Fg%2F1wnbz8t4!19sChIJUZmnMbytJA0RwaQ8WYQJLKM?authuser=0&hl=fr&rclk=1
Lamego Hotel & Life," R. de São João, 5100-010 Lamego, Portugal",Santa Marta de Penaguião+Portugal,Portugal,Hôtel avec spa,,"4,5", +351 254 656 171,http://www.lamegohotel.pt/,reservas@lamegohotel.pt,,https://www.google.com/maps/place/Lamego+Hotel+%26+Life/data=!4m10!3m9!1s0xd24ac96355b8aef:0x791b2ca3e25e6809!5m2!4m1!1i2!8m2!3d41.1020857!4d-7.7982482!16s%2Fg%2F1tds7zty!19sChIJ74pbNZasJA0RCWhe4qMsG3k?authuser=0&hl=fr&rclk=1
Quinta São José do Barrilário - Douro Wine Hotel & Spa," R. de São Joaninho, 5110-661 Vacalar, Portugal",Santa Marta de Penaguião+Portugal,Portugal,Hôtel avec spa,,"4,9", +351 254 103 328,https://barrilario.com/,reservations@barrilario.com,https://www.linkedin.com/company/pacheca-group,https://www.google.com/maps/place/Quinta+S%C3%A3o+Jos%C3%A9+do+Barril%C3%A1rio+-+Douro+Wine+Hotel+%26+Spa/data=!4m10!3m9!1s0xd3b511b67fec2a5:0x68fda75b821d1ef6!5m2!4m1!1i2!8m2!3d41.1360176!4d-7.6956714!16s%2Fg%2F11vs3s8_gz!19sChIJpcL-ZxtROw0R9h4dglun_Wg?authuser=0&hl=fr&rclk=1
Hotel Douro Scala," R. do Paço, 5040-154 Cidadelhe, Portugal",Santa Marta de Penaguião+Portugal,Portugal,Hôtel avec spa,,"4,4", +351 254 890 020,http://www.douroscala.pt/,info@douroscala.pt,,https://www.google.com/maps/place/Hotel+Douro+Scala/data=!4m10!3m9!1s0xd24ad701e483f85:0x34b155a9f89d61c7!5m2!4m1!1i2!8m2!3d41.167414!4d-7.847084!16s%2Fg%2F1hc0y0tqn!19sChIJhT9IHnCtJA0Rx2Gd-KlVsTQ?authuser=0&hl=fr&rclk=1
Casario do Vale Hospedagem & Eventos," R. Vale de Cales 205, 5030-064 Cumieira, Portugal",Santa Marta de Penaguião+Portugal,Portugal,Hôtel avec spa,,"4,8", +351 914 086 028,https://casariodovale.webnode.pt/,casariodovale@hotmail.com,,https://www.google.com/maps/place/Casario+do+Vale+Hospedagem+%26+Eventos/data=!4m10!3m9!1s0xd3b4ca658c40001:0x25e9ad0358660e2b!5m2!4m1!1i2!8m2!3d41.2556463!4d-7.7716591!16s%2Fg%2F11jyw1r8yq!19sChIJAQDEWKZMOw0RKw5mWAOt6SU?authuser=0&hl=fr&rclk=1
Quinta da Telheira," Quinta da Telheira, 5000-391 Vila Real, Portugal",Santa Marta de Penaguião+Portugal,Portugal,Hôtel avec spa,,"4,7", +351 914 811 610,http://www.quintadatelheira.com/,geral@quintadatelheira.com,,https://www.google.com/maps/place/Quinta+da+Telheira/data=!4m10!3m9!1s0xd3b4c41a56ed521:0x8b4556b9c6b5f965!5m2!4m1!1i2!8m2!3d41.2415139!4d-7.7232917!16s%2Fg%2F1vhq4_n5!19sChIJIdVupUFMOw0RZfm1xrlWRYs?authuser=0&hl=fr&rclk=1
Douro Palace Hotel Resort & Spa," Lugar do Carrapatelo, 4640-423 Santa Cruz do Douro, Portugal",Santa Marta de Penaguião+Portugal,Portugal,Hôtel avec spa,,"4,5", +351 254 880 000,http://www.douropalace.com/,info@douropalace.com,,https://www.google.com/maps/place/Douro+Palace+Hotel+Resort+%26+Spa/data=!4m10!3m9!1s0xd24a44c5aac86c3:0x1abbce40ec7343a3!5m2!4m1!1i2!8m2!3d41.109822!4d-8.006287!16s%2Fg%2F1thtff1r!19sChIJw4asWkykJA0Ro0Nz7EDOuxo?authuser=0&hl=fr&rclk=1
"Borralha Hotel, Restaurante & Spa"," Tv. Moreira de Carvalho nº2, 5000-423 Vila Real, Portugal",Santa Marta de Penaguião+Portugal,Portugal,Hôtel avec spa,,"4,5", +351 259 375 158,https://borralhahotel.com/,geral@borralhahotel.com,,"https://www.google.com/maps/place/Borralha+Hotel,+Restaurante+%26+Spa/data=!4m10!3m9!1s0xd3b4a5bccc64dcb:0x3f20e909e746d82a!5m2!4m1!1i2!8m2!3d41.3138032!4d-7.7348797!16s%2Fg%2F11dyzc69tk!19sChIJy03GzFtKOw0RKthG5wnpID8?authuser=0&hl=fr&rclk=1"
Quinta dos Românticos," Largo 27 de Maio 84, 5050-442 Canelas, Portugal",Santa Marta de Penaguião+Portugal,Portugal,Hôtel avec spa,,"4,4", +351 926 833 699,https://quintavaledesousa.pt/,reservas@valedesousa.pt,,https://www.google.com/maps/place/Quinta+dos+Rom%C3%A2nticos/data=!4m10!3m9!1s0xd3b53402371ca21:0x1532e801b3b5fe32!5m2!4m1!1i2!8m2!3d41.1650915!4d-7.7288468!16s%2Fg%2F11fsln51dk!19sChIJIcpxI0BTOw0RMv61swHoMhU?authuser=0&hl=fr&rclk=1
Tojeira," EM564 67, 5000-325, Portugal",Santa Marta de Penaguião+Portugal,Portugal,Hôtel avec spa,,"4,8",,http://www.tojeira.pt/,info@tojeira.pt,,https://www.google.com/maps/place/Tojeira/data=!4m10!3m9!1s0xd3b495d3b97f0d3:0xe25b1f928eeee326!5m2!4m1!1i2!8m2!3d41.2919314!4d-7.7810849!16s%2Fg%2F11qbkskv2r!19sChIJ0_CXO11JOw0RJuPujpIfW-I?authuser=0&hl=fr&rclk=1
Quinta da Pacheca," Rua do Relógio do Sol, 261 Cambres, 5100-424 Lamego, Portugal",Santa Marta de Penaguião+Portugal,Portugal,Hôtel avec spa,,"4,6", +351 254 331 229,https://quintadapacheca.com/pages/quintadapacheca,reservas@quintadapacheca.com,https://www.linkedin.com/company/pacheca-group,https://www.google.com/maps/place/Quinta+da+Pacheca/data=!4m10!3m9!1s0xd24acdd0c0ca439:0x7250e65803748e24!5m2!4m1!1i2!8m2!3d41.1552544!4d-7.7981159!16s%2Fg%2F1tfm7yj7!19sChIJOaQMDN2sJA0RJI50A1jmUHI?authuser=0&hl=fr&rclk=1
Aquapark Fratelli," R. da Barragem, 4820-560 Queimadela, Portugal",Santa Marta de Penaguião+Portugal,Portugal,Parc aquatique,Parc aquatique,"4,5", +351 965 363 029,https://www.facebook.com/Aquaparkfratelli,,,https://www.google.com/maps/place/Aquapark+Fratelli/data=!4m7!3m6!1s0xd24e7a4015eeac3:0x10ec995dc9ed1ac9!8m2!3d41.5055165!4d-8.1615936!16s%2Fg%2F11g9sw9mvn!19sChIJw-peAaTnJA0RyRrtyV2Z7BA?authuser=0&hl=fr&rclk=1
Piscinas Municipais de Santa Marta de Penaguião," R. Mal. Teixeira Rebelo, 5030-464 Santa Marta de Penaguião, Portugal",Santa Marta de Penaguião+Portugal,Portugal,Parc aquatique,Piscine municipale,"4,4", +351 254 322 212,http://www.cm-smpenaguiao.pt/desporto/,geral@cm-smpenaguiao.pt,,https://www.google.com/maps/place/Piscinas+Municipais+de+Santa+Marta+de+Penagui%C3%A3o/data=!4m7!3m6!1s0xd3b4d2d15e2a7f9:0xfc8709ab23fcad15!8m2!3d41.2098212!4d-7.7837361!16s%2Fg%2F11cmh6s5sw!19sChIJ-afiFS1NOw0RFa38I6sJh_w?authuser=0&hl=fr&rclk=1
Clínica Santa Marta Saúde," R. dos Combatentes, 5030-477 Santa Marta de Penaguião, Portugal",Santa Marta de Penaguião+Portugal,Portugal,Thalassothérapie,Clinique,"5,0", +351 254 096 000,https://www.facebook.com/Santa-Marta-Sa%C3%BAde-2275560769349458/,,,https://www.google.com/maps/place/Cl%C3%ADnica+Santa+Marta+Sa%C3%BAde/data=!4m7!3m6!1s0xd3b4d1ca4764b5b:0x7149101b850c622f!8m2!3d41.2130508!4d-7.7848134!16s%2Fg%2F11hzblrrh9!19sChIJW0t2pBxNOw0RL2IMhRsQSXE?authuser=0&hl=fr&rclk=1
Quinta de Travassinhos," Rua de Travassinhos 138, 5030-386 Santa Marta de Penaguião, Portugal",Santa Marta de Penaguião+Portugal,Portugal,Thalassothérapie,,"5,0", +351 966 392 732,https://quintadetravassinhos.pt/,quintadetravassinhos@gmail.com,,https://www.google.com/maps/place/Quinta+de+Travassinhos/data=!4m10!3m9!1s0xd24b3649eb4a68b:0x14af3e3c987df9e9!5m2!4m1!1i2!8m2!3d41.1944825!4d-7.8024069!16s%2Fg%2F11k3wnzs6s!19sChIJi6a0nmSzJA0R6fl9mDw-rxQ?authuser=0&hl=fr&rclk=1
Quinta Da Pousada," 1305 ,Pousada, 5030-068 Cumieira, Portugal",Santa Marta de Penaguião+Portugal,Portugal,Thalassothérapie,,"4,9", +351 913 203 040,http://www.quintapousada.com/,,,https://www.google.com/maps/place/Quinta+Da+Pousada/data=!4m10!3m9!1s0xd3b4d915cc5975d:0xddc37a451e9e2548!5m2!4m1!1i2!8m2!3d41.2275855!4d-7.7680016!16s%2Fg%2F11g2xt5sf8!19sChIJXZfFXJFNOw0RSCWeHkV6w90?authuser=0&hl=fr&rclk=1
Magnificat Wine Boutique Hotel & Spa," Cumieira, Portugal",Santa Marta de Penaguião+Portugal,Portugal,Thalassothérapie,,"4,3", +351 259 104 910,https://sites.google.com/view/magnificat-wine-boutique-hotel/,,,https://www.google.com/maps/place/Magnificat+Wine+Boutique+Hotel+%26+Spa/data=!4m10!3m9!1s0xd3b4d4633983e9b:0x85117f76fcc7393b!5m2!4m1!1i2!8m2!3d41.2564114!4d-7.7694054!16s%2Fg%2F11h55ny5xd!19sChIJmz6YM0ZNOw0ROznH_HZ_EYU?authuser=0&hl=fr&rclk=1
Casal dos Capelinhos - Quinta Nova Turismo," Quinta Nova - Meia Légua, 5030-425 Santa Marta de Penaguião, Portugal",Santa Marta de Penaguião+Portugal,Portugal,Thalassothérapie,,"4,9", +351 965 068 079,http://www.casaldoscapelinhos.pt/,reservas@casaldoscapelinhos.pt,,https://www.google.com/maps/place/Casal+dos+Capelinhos+-+Quinta+Nova+Turismo/data=!4m10!3m9!1s0xd24b32302161b2b:0xc39c3560eb792500!5m2!4m1!1i2!8m2!3d41.1908783!4d-7.7902251!16s%2Fg%2F11hdxtnfmr!19sChIJKxsWAiOzJA0RACV562A1nMM?authuser=0&hl=fr&rclk=1
Douro Royal Valley Hotel & Spa," Lugar de Portela do Rio, 4640-400 Ribadouro, Portugal",Santa Marta de Penaguião+Portugal,Portugal,Thalassothérapie,,"4,5", +351 255 070 900,http://www.douroroyal.com/,info@douroroyal.pt,,https://www.google.com/maps/place/Douro+Royal+Valley+Hotel+%26+Spa/data=!4m10!3m9!1s0xd24a24c3d96ddcf:0x1233e986648b2cba!5m2!4m1!1i2!8m2!3d41.1031387!4d-8.0946634!16s%2Fg%2F11c3k9ptgq!19sChIJz92WPUyiJA0RuiyLZIbpMxI?authuser=0&hl=fr&rclk=1
Castelo Hotel," R. Muralha, 5400-414 Chaves, Portugal",Valpaços+Portugal,Portugal,Hôtel avec spa,,"4,6", +351 276 249 270,https://castelohotel.pt/,geral@castelohotel.pt,,https://www.google.com/maps/place/Castelo+Hotel/data=!4m10!3m9!1s0xd3ade66642af37d:0x8da070a43e70e6dc!5m2!4m1!1i2!8m2!3d41.7404472!4d-7.4728286!16s%2Fg%2F11fjvvv_wx!19sChIJffMqZGbeOg0R3OZwPqRwoI0?authuser=0&hl=fr&rclk=1
Bubbles of the mountain," E.N. 206 No12, 5445-014 Ribas, Portugal",Valpaços+Portugal,Portugal,Hôtel avec spa,,"4,7", +351 918 692 547,,,,https://www.google.com/maps/place/Bubbles+of+the+mountain/data=!4m10!3m9!1s0xd3b1991907cb4a5:0xa5d77671b3af3443!5m2!4m1!1i2!8m2!3d41.589239!4d-7.4008549!16s%2Fg%2F11qh1mksmq!19sChIJpbR8kJEZOw0RQzSvs3F216U?authuser=0&hl=fr&rclk=1
Hotel Casino Chaves," Lugar do Extremo, 5400-001, Portugal",Valpaços+Portugal,Portugal,Hôtel avec spa,,"4,6", +351 276 309 600,https://gruposolverde.pt/hoteis/hotel-casino-chaves/,hotelcasinochaves@solverde.pt,https://www.linkedin.com/company/gruposolverde,https://www.google.com/maps/place/Hotel+Casino+Chaves/data=!4m10!3m9!1s0xd3adc2ec3a696e1:0x1432d360dfeb68d2!5m2!4m1!1i2!8m2!3d41.761013!4d-7.488671!16s%2Fg%2F1tp30p4d!19sChIJ4Zamwy7cOg0R0mjr32DTMhQ?authuser=0&hl=fr&rclk=1
Hotel Casino Chaves," Lugar do Extremo, 5400-001, Portugal",Valpaços+Portugal,Portugal,Hôtel avec spa,,"4,6", +351 276 309 600,https://gruposolverde.pt/hoteis/hotel-casino-chaves/,hotelcasinochaves@solverde.pt,https://www.linkedin.com/company/gruposolverde,https://www.google.com/maps/place/Hotel+Casino+Chaves/data=!4m10!3m9!1s0xd3adc2c025d426d:0x1432d360dfeb68d2!5m2!4m1!1i2!8m2!3d41.7610133!4d-7.4886711!16s%2Fg%2F1tp30p4d!19sChIJbUJdAizcOg0R0mjr32DTMhQ?authuser=0&hl=fr&rclk=1
Castelo Hotel," R. Muralha, 5400-414 Chaves, Portugal",Valpaços+Portugal,Portugal,Hôtel avec spa,,"4,6", +351 276 249 270,https://castelohotel.pt/,geral@castelohotel.pt,,https://www.google.com/maps/place/Castelo+Hotel/data=!4m10!3m9!1s0xd3ade6664f8153d:0x8da070a43e70e6dc!5m2!4m1!1i2!8m2!3d41.740447!4d-7.472829!16s%2Fg%2F11fjvvv_wx!19sChIJPRX4ZGbeOg0R3OZwPqRwoI0?authuser=0&hl=fr&rclk=1
Olive Nature - Hotel & SPA," R. 1 do Bairro do Pomar, 5430-434 Valpaços, Portugal",Valpaços+Portugal,Portugal,Centre thermal,,"4,7", +351 913 295 083,https://www.quintadonaadelaide.com/,,,https://www.google.com/maps/place/Olive+Nature+-+Hotel+%26+SPA/data=!4m10!3m9!1s0xd3b1b77d08392ff:0xe8c097e1b37abc22!5m2!4m1!1i2!8m2!3d41.5930502!4d-7.3032062!16s%2Fg%2F11hwfhh5wd!19sChIJ_5KD0HcbOw0RIrx6s-GXwOg?authuser=0&hl=fr&rclk=1
Quinta Dona Adelaide," R. 1 do Bairro do Pomar, 5430-434 Valpaços, Portugal",Valpaços+Portugal,Portugal,Centre thermal,Hôtel,"4,6", +351 278 717 472,https://quintavalledepassos.com/,reservas@quintavalledepassos.com,https://www.linkedin.com/company/pacheca-group,https://www.google.com/maps/place/Quinta+Dona+Adelaide/data=!4m10!3m9!1s0xd3b1b76beb33061:0x2ed3265a28629e2d!5m2!4m1!1i2!8m2!3d41.5939718!4d-7.3036839!16s%2Fg%2F11c1xz8_jp!19sChIJYTCzvnYbOw0RLZ5iKFom0y4?authuser=0&hl=fr&rclk=1
Piscinas Municipais," 5430-472 Valpaços, Portugal",Valpaços+Portugal,Portugal,Parc aquatique,Piscine municipale,"4,4",,,,,https://www.google.com/maps/place/Piscinas+Municipais/data=!4m7!3m6!1s0xd3b1c8120ec0943:0x1a80388051dda9d4!8m2!3d41.6121506!4d-7.3056564!16s%2Fg%2F11c6q76zlh!19sChIJQwnsIIEcOw0R1KndUYA4gBo?authuser=0&hl=fr&rclk=1
Hotel Vila Galé Lagos," R. Sophia de Melo Breyner Andresen, 8600-295 Lagos, Portugal",Vila do Bispo+Portugal,Portugal,Hôtel avec spa,,"4,4", +351 282 771 400,https://www.vilagale.com/pt-pt/hoteis-portugal/hoteis-algarve/vila-gale-lagos/,,https://www.linkedin.com/company/vila-gale-s-a-,https://www.google.com/maps/place/Hotel+Vila+Gal%C3%A9+Lagos/data=!4m10!3m9!1s0xd1b2fcfb8822263:0x786ab1dc2ae32372!5m2!4m1!1i2!8m2!3d37.1134909!4d-8.6620881!16s%2Fg%2F1tfd_3cn!19sChIJYyKCuM8vGw0RciPjKtyxang?authuser=0&hl=fr&rclk=1
Hotel Mira Sagres," R. Primeiro de Maio 3, 8650-425 Vila do Bpo., Portugal",Vila do Bispo+Portugal,Portugal,Hôtel avec spa,,"4,0", +351 282 639 160,http://www.hotelmirasagres.com/,,,https://www.google.com/maps/place/Hotel+Mira+Sagres/data=!4m10!3m9!1s0xd1b49245fd94075:0x9cfa356a14fbdc27!5m2!4m1!1i2!8m2!3d37.082443!4d-8.909374!16s%2Fg%2F1tdzbpll!19sChIJdUDZXyRJGw0RJ9z7FGo1-pw?authuser=0&hl=fr&rclk=1
Belmar Spa & Beach Resort," Estr. de Porto de Mós, 8600-513 Lagos, Portugal",Vila do Bispo+Portugal,Portugal,Hôtel avec spa,,"4,5", +351 282 771 800,http://www.belmarresort.com/,belmar@belmarresort.com,https://www.linkedin.com/company/belmar-spa-beach-resort,https://www.google.com/maps/place/Belmar+Spa+%26+Beach+Resort/data=!4m10!3m9!1s0xd1b31be3113e13d:0x2a8e3bacab73bd63!5m2!4m1!1i2!8m2!3d37.0873043!4d-8.6862266!16s%2Fg%2F1tfb7v2n!19sChIJPeETMb4xGw0RY71zq6w7jio?authuser=0&hl=fr&rclk=1
Hotel Mira Sagres," R. Primeiro de Maio 3, 8650-425 Vila do Bpo., Portugal",Vila do Bispo+Portugal,Portugal,Hôtel avec spa,,"4,0", +351 282 639 160,http://www.hotelmirasagres.com/,,,https://www.google.com/maps/place/Hotel+Mira+Sagres/data=!4m10!3m9!1s0xd1b4904e124871d:0x9cfa356a14fbdc27!5m2!4m1!1i2!8m2!3d37.0824432!4d-8.9093742!16s%2Fg%2F1tdzbpll!19sChIJHYck4QRJGw0RJ9z7FGo1-pw?authuser=0&hl=fr&rclk=1
AltaVista Lodge," Quinta Alta Vista Monte Lemos, 8600-147 Luz, Portugal",Vila do Bispo+Portugal,Portugal,Hôtel avec spa,,"4,4", +351 927 621 426,http://www.altavistaluz.com/,john@doe.com,,https://www.google.com/maps/place/AltaVista+Lodge/data=!4m10!3m9!1s0xd1b312f7919caa9:0x77e2f680b990aabb!5m2!4m1!1i2!8m2!3d37.0954787!4d-8.7372813!16s%2Fg%2F11btlv2rnt!19sChIJqcoZeS8xGw0Ru6qQuYD24nc?authuser=0&hl=fr&rclk=1
Boavista Golf & Spa - Bela Colina Village," Av. Atlântico, 8600-382 Lagos, Portugal",Vila do Bispo+Portugal,Portugal,Hôtel avec spa,,"4,6", +351 282 095 510,https://www.boavistaresort.pt/pt/Menu/Alojamento/Bela-Colina-Village.aspx,reservations@belacolinaholidays.com,https://pt.linkedin.com/company/boavista-golf-,https://www.google.com/maps/place/Boavista+Golf+%26+Spa+-+Bela+Colina+Village/data=!4m10!3m9!1s0xd1b31088b4336dd:0x4e21e7a81e0e85f2!5m2!4m1!1i2!8m2!3d37.0933709!4d-8.7072381!16s%2Fg%2F11fsngpp1t!19sChIJ3TZDiwgxGw0R8oUOHqjnIU4?authuser=0&hl=fr&rclk=1
The Editory Residence Lagos," R. Raul Brandäo 2 Bl A, 8600-544 Lagos, Portugal",Vila do Bispo+Portugal,Portugal,Hôtel avec spa,,"4,4", +351 282 119 260,https://www.editoryhotels.com/the-editory-residence-lagos/,,,https://www.google.com/maps/place/The+Editory+Residence+Lagos/data=!4m10!3m9!1s0xd1b316623758cdf:0xedcbe273121b500b!5m2!4m1!1i2!8m2!3d37.0886474!4d-8.6746834!16s%2Fg%2F11xvtg10l1!19sChIJ34x1I2YxGw0RC1AbEnPiy-0?authuser=0&hl=fr&rclk=1
Cascade Wellness Resort," R. das Ilhas, 8600-513 Lagos, Portugal",Vila do Bispo+Portugal,Portugal,Hôtel avec spa,,"4,6", +351 282 771 500,https://www.cascaderesortalgarve.com/?utm_source=google&utm_medium=organic&utm_campaign=gbp_listing,info@cascade.pt,,https://www.google.com/maps/place/Cascade+Wellness+Resort/data=!4m10!3m9!1s0xd1b31ea0e3af7d9:0x3f81bbc59459b210!5m2!4m1!1i2!8m2!3d37.0862561!4d-8.6782591!16s%2Fg%2F119wl9y7t!19sChIJ2fc6DuoxGw0RELJZlMW7gT8?authuser=0&hl=fr&rclk=1
Casa Mãe Hotel," Rua do Jogo da Bola 41, 8600-712 Lagos, 7402 RNET, Portugal",Vila do Bispo+Portugal,Portugal,Hôtel avec spa,,"4,6", +351 968 369 732,http://casa-mae.com/,info@casa-mae.com,,https://www.google.com/maps/place/Casa+M%C3%A3e+Hotel/data=!4m10!3m9!1s0xd1b31cc6f297ddd:0xdb6900c02cda56fc!5m2!4m1!1i2!8m2!3d37.1029524!4d-8.6752765!16s%2Fg%2F11c0tb03nr!19sChIJ3X0pb8wxGw0R_FbaLMAAads?authuser=0&hl=fr&rclk=1
Praia do Canal Nature Retreat," Herdade Vale dos Polvos, 8670-156 Aljezur, Portugal",Vila do Bispo+Portugal,Portugal,Hôtel avec spa,,"4,6", +351 282 242 400,http://www.praiadocanal.pt/,reservas@praiadocanal.pt,,https://www.google.com/maps/place/Praia+do+Canal+Nature+Retreat/data=!4m10!3m9!1s0xd1b3f6e10deed53:0xd3cd6c1195da2154!5m2!4m1!1i2!8m2!3d37.260968!4d-8.8291567!16s%2Fg%2F11nxg6nmxx!19sChIJU-3eEG4_Gw0RVCHalRFszdM?authuser=0&hl=fr&rclk=1
Casa Ferrel," Urbanização Melody 20, 8600-763 Luz, Portugal",Vila do Bispo+Portugal,Portugal,Hôtel avec spa,,"5,0",,https://www.casa-ferrel-events.com/pt/thevilla,casaferrel.events.lagos@gmail.com,,https://www.google.com/maps/place/Casa+Ferrel/data=!4m10!3m9!1s0xd1b31d24d4ffe67:0x7080417a381910d5!5m2!4m1!1i2!8m2!3d37.1061776!4d-8.7205591!16s%2Fg%2F11lf6kpw6f!19sChIJZ_5PTdIxGw0R1RAZOHpBgHA?authuser=0&hl=fr&rclk=1
Boutique Hotel Vivenda Miranda," R. das Violetas, 8600-282 Lagos, Portugal",Vila do Bispo+Portugal,Portugal,Hôtel avec spa,,"4,6", +351 282 763 222,http://www.vivendamiranda.com/,info@vivendamiranda.com,https://pt.linkedin.com/company/boutique-hotel-vivenda-miranda,https://www.google.com/maps/place/Boutique+Hotel+Vivenda+Miranda/data=!4m10!3m9!1s0xd1b31954dc460fb:0x3e4e25394c349d5f!5m2!4m1!1i2!8m2!3d37.085465!4d-8.6822254!16s%2Fg%2F1tfkmfxz!19sChIJ-2DETZUxGw0RX500TDklTj4?authuser=0&hl=fr&rclk=1
Martinhal Sagres Family Resort," R. Baiona la Real Apartado 54, 8650-908 Sagres, Portugal",Vila do Bispo+Portugal,Portugal,Hôtel avec spa,,"4,7", +351 282 240 200,https://www.martinhal.com/locations/sagres/,info@martinhal.com,https://pt.linkedin.com/company/martinhal,https://www.google.com/maps/place/Martinhal+Sagres+Family+Resort/data=!4m10!3m9!1s0xd1b4c6036887bc5:0xac031cc4b8183ca5!5m2!4m1!1i2!8m2!3d37.0218342!4d-8.9247536!16s%2Fg%2F113h_1gxm!19sChIJxXuINmBMGw0RpTwYuMQcA6w?authuser=0&hl=fr&rclk=1
Monte Rosa - Alojamento Rural Lda," Lagoa da Rosa cx. 9Y, 8600-016 Barão de São João, Portugal",Vila do Bispo+Portugal,Portugal,Hôtel avec spa,,"4,6", +351 913 206 876,http://www.monterosaportugal.com/?utm_source=google&utm_medium=organic&utm_campaign=gbp,info@monterosaportugal.com,,https://www.google.com/maps/place/Monte+Rosa+-+Alojamento+Rural+Lda/data=!4m10!3m9!1s0xd1b375104a1bc33:0x80b406e85076af6c!5m2!4m1!1i2!8m2!3d37.137681!4d-8.7563576!16s%2Fg%2F1tdlc_3r!19sChIJM7yhBFE3Gw0RbK92UOgGtIA?authuser=0&hl=fr&rclk=1
Memmo Baleeira Hotel Sagres," Sitio da, 8650-357 Sagres, Portugal",Vila do Bispo+Portugal,Portugal,Hôtel avec spa,,"4,6", +351 282 624 212,http://www.memmohotels.com/baleeira,baleeira@memmohotels.com,,https://www.google.com/maps/place/Memmo+Baleeira+Hotel+Sagres/data=!4m10!3m9!1s0xd1b4c64c7110b77:0x3294ec4da2737c03!5m2!4m1!1i2!8m2!3d37.010379!4d-8.9320316!16s%2Fg%2F12jsftmw9!19sChIJdwsRx2RMGw0RA3xzok3slDI?authuser=0&hl=fr&rclk=1
Belmar Spa & Beach Resort," Estr. de Porto de Mós, 8600-513 Lagos, Portugal",Vila do Bispo+Portugal,Portugal,Hôtel avec spa,,"4,5", +351 282 771 800,http://www.belmarresort.com/,belmar@belmarresort.com,https://www.linkedin.com/company/belmar-spa-beach-resort,https://www.google.com/maps/place/Belmar+Spa+%26+Beach+Resort/data=!4m10!3m9!1s0xd1b31be6a029e25:0x2a8e3bacab73bd63!5m2!4m1!1i2!8m2!3d37.087304!4d-8.686227!16s%2Fg%2F1tfb7v2n!19sChIJJZ4Car4xGw0RY71zq6w7jio?authuser=0&hl=fr&rclk=1
Costa d'Oiro Ambiance Village," R. da Costa D'Oiro 38, 8600-544 Lagos, Portugal",Vila do Bispo+Portugal,Portugal,Hôtel avec spa,,"4,6", +351 282 760 261,https://sonelhotels.com/hotel/costa-doiro-ambiance-village/?partner=11564&utm_source=google&utm_medium=organic&utm_campaign=MyBusiness&utm,info@sonelhotels.com,,https://www.google.com/maps/place/Costa+d%27Oiro+Ambiance+Village/data=!4m10!3m9!1s0xd22f9d69fde14f5:0x699762a63738fe05!5m2!4m1!1i2!8m2!3d37.0891959!4d-8.6732016!16s%2Fg%2F1vtqxcjn!19sChIJ9RTen9b5Ig0RBf44N6Zil2k?authuser=0&hl=fr&rclk=1
Hotel Dom Manuel I," R. Gago Coutinho lote 37, 8600-593 Lagos, Portugal",Vila do Bispo+Portugal,Portugal,Hôtel avec spa,,"4,7", +351 282 770 880,http://www.dommanuelhotel.com/,,,https://www.google.com/maps/place/Hotel+Dom+Manuel+I/data=!4m10!3m9!1s0xd1b31c4e4d7ac3f:0xf5c8619826469097!5m2!4m1!1i2!8m2!3d37.0937869!4d-8.673398!16s%2Fg%2F1v44g74m!19sChIJP6zX5MQxGw0Rl5BGJphhyPU?authuser=0&hl=fr&rclk=1
Vale Palheiro Earth Resort," Rua Vale Palheiro, 8670-016 Aljezur, Portugal",Vila do Bispo+Portugal,Portugal,Hôtel avec spa,,"4,8", +351 933 979 043,https://www.valepalheiro.com/,info@valepalheiro.com,,https://www.google.com/maps/place/Vale+Palheiro+Earth+Resort/data=!4m10!3m9!1s0xd1b15b0b2772a4f:0x2225e8bd1897e58e!5m2!4m1!1i2!8m2!3d37.3184073!4d-8.8109393!16s%2Fg%2F11ycb0gsgs!19sChIJTyp3srAVGw0RjuWXGL3oJSI?authuser=0&hl=fr&rclk=1
Boavista Golf & Spa Resort," Urbanização Quinta Boavista, Atalaia, 8600-281 Lagos, Portugal",Vila do Bispo+Portugal,Portugal,Hôtel avec spa,,"4,6", +351 282 000 100,http://www.boavistaresort.pt/,info@boavistaresort.pt,https://pt.linkedin.com/company/boavista-golf-,https://www.google.com/maps/place/Boavista+Golf+%26+Spa+Resort/data=!4m10!3m9!1s0xd1b3107836f11af:0xc25eedf65ce11295!5m2!4m1!1i2!8m2!3d37.1028648!4d-8.7068441!16s%2Fg%2F1th64n39!19sChIJrxFvgwcxGw0RlRLhXPbtXsI?authuser=0&hl=fr&rclk=1
Marina Club Lagos Resort," Edifício da Administração Marina de Lagos, 8600-315 Lagos, Portugal",Vila do Bispo+Portugal,Portugal,Hôtel avec spa,,"4,4", +351 282 790 600,http://www.marinaclub.pt/,marinaclub@marinaclub.pt,,https://www.google.com/maps/place/Marina+Club+Lagos+Resort/data=!4m10!3m9!1s0xd1b303269207497:0xb9f07ca51df65cd3!5m2!4m1!1i2!8m2!3d37.1108873!4d-8.6725573!16s%2Fg%2F1ptx3qnkf!19sChIJl3QgaTIwGw0R01z2HaV88Lk?authuser=0&hl=fr&rclk=1
The Editory By The Sea Lagos Ponta da Piedade," Beco Raul Brandão 2 Bloco B, 8600-544 Lagos, Portugal",Vila do Bispo+Portugal,Portugal,Hôtel avec spa,,"4,3", +351 282 119 260,https://www.editoryhotels.com/by-the-sea-lagos/,reservas.bythesealagos@editoryhotels.pt,,https://www.google.com/maps/place/The+Editory+By+The+Sea+Lagos+Ponta+da+Piedade/data=!4m10!3m9!1s0xd1b3152db9e7ca9:0x1de6d6f280881ebf!5m2!4m1!1i2!8m2!3d37.0888435!4d-8.6744105!16s%2Fg%2F11wvyrytrk!19sChIJqXye21IxGw0Rvx6IgPLW5h0?authuser=0&hl=fr&rclk=1
Sensorial Spa," Lugar do Montinho, 8550-232, Portugal",Vila do Bispo+Portugal,Portugal,Centre thermal,Spa,"4,4", +351 282 240 155,https://www.monchiqueresort.com/spa,info@monchiqueresort.com,,https://www.google.com/maps/place/Sensorial+Spa/data=!4m7!3m6!1s0xd1b21e67b2fffff:0x7e4fe186ac42a3b4!8m2!3d37.2793664!4d-8.5512426!16s%2Fg%2F11g9m9c34n!19sChIJ__8ve-YhGw0RtKNCrIbhT34?authuser=0&hl=fr&rclk=1
Vila Termal das Caldas de Monchique," R. de Caldas de Monchique, 8550-232, Portugal",Vila do Bispo+Portugal,Portugal,Centre thermal,,"3,3", +351 282 910 910,https://villatermalspahotel.com/,sales@unlockhotels.com,,https://www.google.com/maps/place/Vila+Termal+das+Caldas+de+Monchique/data=!4m10!3m9!1s0xd1b21759699a013:0x9e77faab58e149d4!5m2!4m1!1i2!8m2!3d37.2841874!4d-8.5542473!16s%2Fg%2F11c2k643lm!19sChIJE6CZlnUhGw0R1EnhWKv6d54?authuser=0&hl=fr&rclk=1
Villa Termal das Caldas de Monchique," R. de Caldas de Monchique, 8550-232, Portugal",Vila do Bispo+Portugal,Portugal,Centre thermal,,"4,1", +351 282 910 910,https://monchiquetermalresort.com/,resort@villatermal.pt,,https://www.google.com/maps/place/Villa+Termal+das+Caldas+de+Monchique/data=!4m10!3m9!1s0xd1b2174134954ff:0x4fd55d3aa98db471!5m2!4m1!1i2!8m2!3d37.2852451!4d-8.5536875!16s%2Fg%2F1tj9d811!19sChIJ_1RJE3QhGw0RcbSNqTpd1U8?authuser=0&hl=fr&rclk=1
Monchique Resort & Spa," Lugar do Montinho, 8550-232, Portugal",Vila do Bispo+Portugal,Portugal,Centre thermal,,"4,5", +351 282 240 100,https://www.monchiqueresort.com/,info@monchiqueresort.com,,https://www.google.com/maps/place/Monchique+Resort+%26+Spa/data=!4m10!3m9!1s0xd1b21e67b2fffff:0xcae67e0f432ea9ac!5m2!4m1!1i2!8m2!3d37.2796151!4d-8.5515364!16s%2Fg%2F11cm_gt_6s!19sChIJ__8ve-YhGw0RrKkuQw9-5so?authuser=0&hl=fr&rclk=1
Inflatable Water Park - Navibordo Water Sports," R. da Bateria, 8200-146 Albufeira, Portugal",Vila do Bispo+Portugal,Portugal,Parc aquatique,Parc aquatique,"2,8",,https://www.instagram.com/navibordo_watersports/,,,https://www.google.com/maps/place/Inflatable+Water+Park+-+Navibordo+Water+Sports/data=!4m7!3m6!1s0xd1acd00019b93a5:0xdb77af8930113c82!8m2!3d37.0865952!4d-8.2519073!16s%2Fg%2F11xc_td04m!19sChIJpZObAQDNGg0RgjwRMImvd9s?authuser=0&hl=fr&rclk=1
"NaturWaterPark - Parque de Diversões do Douro, Lda"," Quinta do Barroco, Póvoa, 5000-037 Vila Real, Portugal",Vila do Bispo+Portugal,Portugal,Parc aquatique,,"4,3", +351 259 309 120,http://www.naturwaterpark.pt/,,,"https://www.google.com/maps/place/NaturWaterPark+-+Parque+de+Divers%C3%B5es+do+Douro,+Lda/data=!4m10!3m9!1s0xd3b4f284f893e7d:0xf52d0a705512fb1f!5m2!4m1!1i2!8m2!3d41.2559981!4d-7.651942!16s%2Fg%2F1tdz17kg!19sChIJfT6JTyhPOw0RH_sSVXAKLfU?authuser=0&hl=fr&rclk=1"
Hotel Vila Galé Collection Praia," Praia da Galé 33 Apt. 2436, 8201-917 Albufeira, Portugal",Vila do Bispo+Portugal,Portugal,Thalassothérapie,,"4,6", +351 289 590 180,https://www.vilagale.com/pt-pt/hoteis-portugal/hoteis-algarve/vila-gale-collection-praia/,praia@vilagale.com,https://www.linkedin.com/company/vila-gale-s-a-,https://www.google.com/maps/place/Hotel+Vila+Gal%C3%A9+Collection+Praia/data=!4m10!3m9!1s0xb487f753fffffff:0xbc0be8ef2dd1d527!5m2!4m1!1i2!8m2!3d37.0811123!4d-8.3142156!16s%2Fg%2F11_qhrcxs!19sChIJ____P3V_SAsRJ9XRLe_oC7w?authuser=0&hl=fr&rclk=1
Monte Santo Resort," R. João Paulo II, 8400-556 Carvoeiro, Portugal",Vila do Bispo+Portugal,Portugal,Thalassothérapie,,"4,6", +351 282 321 000,https://www.montesantoalgarve.com/?utm_source=google&utm_medium=organic&utm_campaign=gbp_listing,info@montesantoalgarve.com,,https://www.google.com/maps/place/Monte+Santo+Resort/data=!4m10!3m9!1s0xd1ad624fd28ee85:0x4c73755c93f774b4!5m2!4m1!1i2!8m2!3d37.1087798!4d-8.4753833!16s%2Fg%2F1tdhn2dj!19sChIJhe4o_STWGg0RtHT3k1x1c0w?authuser=0&hl=fr&rclk=1
"Wine & Books by the Sea, Algarve Resort"," Rua da Boca da Alagoa 1, 8200-424 Guia, Portugal",Vila do Bispo+Portugal,Portugal,Thalassothérapie,,"4,2", +351 289 038 002,https://algarve.winebookshotels.com/,info@wineandbooks.com,https://www.linkedin.com/company/grupo-pbh,"https://www.google.com/maps/place/Wine+%26+Books+by+the+Sea,+Algarve+Resort/data=!4m10!3m9!1s0xd1ad1ec1c5f107d:0x18b922aee50069d8!5m2!4m1!1i2!8m2!3d37.0906334!4d-8.3247268!16s%2Fg%2F11y_ryz1tq!19sChIJfRBfHOzRGg0R2GkA5a4iuRg?authuser=0&hl=fr&rclk=1"
NAU Salgados Palace," Herdade dos Salgados, 8200-424 Guia, Portugal",Vila do Bispo+Portugal,Portugal,Thalassothérapie,,"4,5",,,,,https://www.google.com/maps/place/NAU+Salgados+Palace/data=!4m10!3m9!1s0xd1ad1f7110471e7:0x3741cf8f60a38a81!5m2!4m1!1i2!8m2!3d37.0933014!4d-8.320944!16s%2Fg%2F1tff8wns!19sChIJ53EEEffRGg0RgYqjYI_PQTc?authuser=0&hl=fr&rclk=1
Energize Spa," R. de Ceuta 4, 8900-435 Monte Gordo, Portugal",Vila do Bispo+Portugal,Portugal,Thalassothérapie,Spa,"4,9", +351 918 267 091,https://www.theprimehotels.com/energize/montegordo/pt/energize-spa/,,,https://www.google.com/maps/place/Energize+Spa/data=!4m7!3m6!1s0xd1019b32c16ca59:0x76f2bbe6ae06bc9!8m2!3d37.1810315!4d-7.4467799!16s%2Fg%2F11lp80mvr0!19sChIJWcoWLLMZEA0RyWvgar4rbwc?authuser=0&hl=fr&rclk=1
Wyndham Grand Algarve Quinta Do Lago," Av. André Jordan 39, 8135-024 Almancil, Portugal",Vila do Bispo+Portugal,Portugal,Thalassothérapie,,"4,7", +351 289 000 300,https://www.wyndhamhotels.com/wyndham-grand/algarve-portugal/wyndham-grand-algarve-quinta-do-lago/overview?CID=LC:46q62bu8edfbx3y:54541&iata=00093796,accessibility@wyndham.com,,https://www.google.com/maps/place/Wyndham+Grand+Algarve+Quinta+Do+Lago/data=!4m10!3m9!1s0xd1ab325733d66f3:0xc7570d98426e150c!5m2!4m1!1i2!8m2!3d37.0408933!4d-8.0145698!16s%2Fg%2F1tfbpllq!19sChIJ82Y9cyWzGg0RDBVuQpgNV8c?authuser=0&hl=fr&rclk=1
Penina Hotel & Golf Resort," N125, 8501-952 Portimão, Portugal",Vila do Bispo+Portugal,Portugal,Thalassothérapie,,"4,3", +351 282 420 200,http://www.penina.com/,,,https://www.google.com/maps/place/Penina+Hotel+%26+Golf+Resort/data=!4m10!3m9!1s0xd1b289aafb52129:0x98c7c065bb58d1e1!5m2!4m1!1i2!8m2!3d37.161549!4d-8.5803536!16s%2Fm%2F05pb03n!19sChIJKSG1r5ooGw0R4dFYu2XAx5g?authuser=0&hl=fr&rclk=1
Vidamar Algarve Resort," Estr. dos Salgados 1, 8200-424 Guia, Portugal",Vila do Bispo+Portugal,Portugal,Thalassothérapie,,"4,4", +351 289 038 000,https://algarve.winebookshotels.com/,info@wineandbooks.com,https://www.linkedin.com/company/grupo-pbh,https://www.google.com/maps/place/Vidamar+Algarve+Resort/data=!4m10!3m9!1s0xd1ad1f62bbcc76f:0x26b86cfbc74dd257!5m2!4m1!1i2!8m2!3d37.0904984!4d-8.3252235!16s%2Fg%2F12hmltq2m!19sChIJb8e8K_bRGg0RV9JNx_tsuCY?authuser=0&hl=fr&rclk=1
Alma Spa Algarve (Massage & Beauty)," R. de Dunfermline, 8200-161 Albufeira, Portugal",Vila do Bispo+Portugal,Portugal,Thalassothérapie,Institut de massages,"5,0", +351 933 584 082,,,,https://www.google.com/maps/place/Alma+Spa+Algarve+%28Massage+%26+Beauty%29/data=!4m7!3m6!1s0xd1acd7f8afb43c5:0xcf54b32e7e87d5dc!8m2!3d37.088971!4d-8.2353132!16s%2Fg%2F11vhsdy76f!19sChIJxUP7in_NGg0R3NWHfi6zVM8?authuser=0&hl=fr&rclk=1
Magikland - Amusement Park," R. Santo Andrė n.º1279, 4560-221 Marecos, Portugal",Mêda+Portugal,Portugal,Parc aquatique,Parc de loisirs,"4,3", +351 255 712 357,http://www.magikland.pt/,reservas@magikland.pt,,https://www.google.com/maps/place/Magikland+-+Amusement+Park/data=!4m7!3m6!1s0xd2491bc723d2bfd:0xa1bc78c1912d471f!8m2!3d41.1992207!4d-8.2799437!16s%2Fg%2F122sxhkz!19sChIJ_Ss9cryRJA0RH0ctkcF4vKE?authuser=0&hl=fr&rclk=1
Complexo Desportivo Municipal de Mêda," Rua Atrás do Campo 111, Mêda, Portugal",Mêda+Portugal,Portugal,Parc aquatique,Piscine municipale,"4,4", +351 279 883 412,http://cm-meda.pt/diretorio/complexo-desportivo-das-piscinas-municipais/,geral@cm-meda.pt,,https://www.google.com/maps/place/Complexo+Desportivo+Municipal+de+M%C3%AAda/data=!4m7!3m6!1s0xd3c84a93ef23097:0x464e3defb740a140!8m2!3d40.968382!4d-7.2591635!16s%2Fg%2F11btrrxryw!19sChIJlzDyPqmEPA0RQKFAt-89TkY?authuser=0&hl=fr&rclk=1
Slide & Splash," Portugal PT, Vale de Deus 125, 8401-901 Estômbar, Portugal",Mêda+Portugal,Portugal,Parc aquatique,Parc aquatique,"4,5", +351 282 340 800,http://www.slidesplash.com/,info@slidesplash.com,,https://www.google.com/maps/place/Slide+%26+Splash/data=!4m7!3m6!1s0xd1ad7dcb0aff5c5:0xbe389806c01894c5!8m2!3d37.1399192!4d-8.474926!16s%2Fg%2F1tg36h9c!19sChIJxfWvsNzXGg0RxZQYwAaYOL4?authuser=0&hl=fr&rclk=1
Norpark - Aquatic Amusement Nazaré," Praia do Norte, 2450-065 Nazaré, Portugal",Mêda+Portugal,Portugal,Parc aquatique,Parc aquatique,"4,1", +351 262 568 515,https://norparknazare.pt/,,,https://www.google.com/maps/place/Norpark+-+Aquatic+Amusement+Nazar%C3%A9/data=!4m7!3m6!1s0xd18a9c3a917f529:0x63bafea1726a9c40!8m2!3d39.6130378!4d-9.0801809!16s%2Fg%2F1trps1rn!19sChIJKfUXqcOpGA0RQJxqcqH-umM?authuser=0&hl=fr&rclk=1
Amarante Water Park," Rua do Tâmega 2245 -909, 4600-909, Portugal",Mêda+Portugal,Portugal,Parc aquatique,Parc aquatique,"4,3", +351 255 410 040,http://parqueaquaticoamarante.com/,,,https://www.google.com/maps/place/Amarante+Water+Park/data=!4m7!3m6!1s0xd24be6ec5c6f72d:0x5c768383645eaab6!8m2!3d41.2495036!4d-8.1056498!16s%2Fg%2F11gfkm5bvk!19sChIJLffGxW6-JA0RtqpeZIODdlw?authuser=0&hl=fr&rclk=1
Panorâmico Aquaparque," R. Eiras de Belém 20, 3100-319 Pombal, Portugal",Mêda+Portugal,Portugal,Parc aquatique,Parc aquatique,"4,1", +351 236 217 774,http://www.panoramicoaquaparque.com/,%20panoramico.aquaparque@gmail.com,,https://www.google.com/maps/place/Panor%C3%A2mico+Aquaparque/data=!4m7!3m6!1s0xd2266707c37d90d:0x76c18e2b4fba5d4b!8m2!3d39.9228286!4d-8.5957675!16s%2Fg%2F1v29d92_!19sChIJDdk3fHBmIg0RS126TyuOwXY?authuser=0&hl=fr&rclk=1
Water Park Gerês," Praia de, Rua do Alqueirão, 4845-062 Alqueirão, Portugal",Mêda+Portugal,Portugal,Parc aquatique,Parc aquatique,"4,4", +351 915 658 866,,,,https://www.google.com/maps/place/Water+Park+Ger%C3%AAs/data=!4m7!3m6!1s0xd251f885badc287:0xdf23855258e4ecd0!8m2!3d41.6796211!4d-8.1762636!16s%2Fg%2F11fn25wx_g!19sChIJh8KtW4gfJQ0R0OzkWFKFI98?authuser=0&hl=fr&rclk=1
Water Park Splash Wave," 3840-261, Portugal",Mêda+Portugal,Portugal,Parc aquatique,Parc aquatique,"4,1", +351 234 797 732,http://www.vagasplash.com/,,,https://www.google.com/maps/place/Water+Park+Splash+Wave/data=!4m7!3m6!1s0xd23beae6f732c8d:0x73d5d0980ca8fd60!8m2!3d40.5497484!4d-8.7705445!16s%2Fg%2F1tfsjpj8!19sChIJjSxzb66-Iw0RYP2oDJjQ1XM?authuser=0&hl=fr&rclk=1
Parque Fluvial de Casegas," 6225-120 Casegas, Portugal",Mêda+Portugal,Portugal,Parc aquatique,Parc aquatique,"4,5",,,,,https://www.google.com/maps/place/Parque+Fluvial+de+Casegas/data=!4m7!3m6!1s0xd3d31803d1c3ecb:0xd8bd616830334eb6!8m2!3d40.176213!4d-7.696715!16s%2Fg%2F11d_pw7tz0!19sChIJyz4cPYAxPQ0Rtk4zMGhhvdg?authuser=0&hl=fr&rclk=1
Mariparque - Praia da Vieira," Av. Marginal 13, Praia da Vieira, 2430-696 Vieira de Leiria, Portugal",Mêda+Portugal,Portugal,Parc aquatique,Parc aquatique,"4,1", +351 244 699 068,http://www.hoteiscristal.pt/mariparque,,,https://www.google.com/maps/place/Mariparque+-+Praia+da+Vieira/data=!4m7!3m6!1s0xd2210d580cb66e7:0xbf0d3db12d129e46!8m2!3d39.8780667!4d-8.9680614!16s%2Fg%2F11cn91rxy9!19sChIJ52bLgNUQIg0RRp4SLbE9Db8?authuser=0&hl=fr&rclk=1
Aquaparque Madeira," ER101, 9100-000 Gaula, Portugal",Mêda+Portugal,Portugal,Parc aquatique,Parc aquatique,"3,8", +351 291 640 535,https://aquaparque-madeira.com/,,,https://www.google.com/maps/place/Aquaparque+Madeira/data=!4m7!3m6!1s0xc6063736bcba275:0x3e75fcfda401014d!8m2!3d32.6836851!4d-16.7967709!16s%2Fg%2F11hzpnhyb2!19sChIJdaLLa3NjYAwRTQEBpP38dT4?authuser=0&hl=fr&rclk=1
Aquashow," Aquashow Park, Volta do Parque n.º 1, 8125-313 Quarteira, Portugal",Mêda+Portugal,Portugal,Parc aquatique,Parc aquatique,"4,4", +351 289 315 129,https://aquashowpark.com/,reservas@aquashowpark.com,,https://www.google.com/maps/place/Aquashow/data=!4m7!3m6!1s0xd1ab575a4f4c3dd:0xfddc87f54582acc1!8m2!3d37.0931577!4d-8.0719093!16s%2Fg%2F11hz2m39zb!19sChIJ3cP0pHW1Gg0RwayCRfWH3P0?authuser=0&hl=fr&rclk=1
Pool Cabanões," Viseu, Portugal",Mêda+Portugal,Portugal,Parc aquatique,Parc aquatique,"3,8", +351 232 469 102,http://complexodesportivoprincipeperfeito.pt/,desportosprincipeperfeito@montebelohotels.com,,https://www.google.com/maps/place/Pool+Caban%C3%B5es/data=!4m7!3m6!1s0xd2337b987eb95d1:0xe44462a6338060dc!8m2!3d40.6307869!4d-7.9040071!16s%2Fg%2F11c5001hjm!19sChIJ0ZXrh7k3Iw0R3GCAM6ZiROQ?authuser=0&hl=fr&rclk=1
Hotel Rural Vale Do Rio," Rua Soares Basto 4346 Palmaz, 3720-423 Oliveira de Azeméis, Portugal",Oliveira de Azeméis+Portugal,Portugal,Centre thermal,,"4,5", +351 256 990 000,http://www.valedorio.com/,reservas@valedorio.com,,https://www.google.com/maps/place/Hotel+Rural+Vale+Do+Rio/data=!4m10!3m9!1s0xd2378796cf5572f:0xbc83c565b1bdc867!5m2!4m1!1i2!8m2!3d40.8080632!4d-8.4495275!16s%2Fg%2F1tfl1hbw!19sChIJL1f1bHl4Iw0RZ8i9sWXFg7w?authuser=0&hl=fr&rclk=1
Termas de São Pedro do Sul," Praça Dr. António José de Almeida Termas de, 3660-692 São Pedro do Sul, Portugal",Oliveira de Azeméis+Portugal,Portugal,Centre thermal,Thermes,"4,6", +351 232 720 300,http://www.termas-spsul.com/,geral@termas-spsul.com,,https://www.google.com/maps/place/Termas+de+S%C3%A3o+Pedro+do+Sul/data=!4m7!3m6!1s0xd23419e6b3a7687:0xe61a24ad81fb6642!8m2!3d40.7393418!4d-8.0928189!16s%2Fg%2F11g7_fp5qm!19sChIJh3Y6a55BIw0RQmb7ga0kGuY?authuser=0&hl=fr&rclk=1
CCClínica," R. de Santo António 1011, 3720-091 Macinhata de Seixa, Portugal",Oliveira de Azeméis+Portugal,Portugal,Centre thermal,Clinique,"5,0", +351 256 107 915,https://www.ccclinica.com/,geral@ccclinica.com,,https://www.google.com/maps/place/CCCl%C3%ADnica/data=!4m7!3m6!1s0xd23787a582273d3:0xa0e06b204e98928c!8m2!3d40.8267883!4d-8.4835973!16s%2Fg%2F11dxjywtpt!19sChIJ03MiWHp4Iw0RjJKYTiBr4KA?authuser=0&hl=fr&rclk=1
Balneário Rainha D. Amélia," Praça Raínha Dona Amélia 54, 3660-683 São Pedro do Sul, Portugal",Oliveira de Azeméis+Portugal,Portugal,Centre thermal,Spa,"4,2", +351 232 720 300,https://termas-spsul.com/,geral@termas-spsul.com,,https://www.google.com/maps/place/Balne%C3%A1rio+Rainha+D.+Am%C3%A9lia/data=!4m7!3m6!1s0xd23419e5e35c8db:0x880a95145b20d9cb!8m2!3d40.7391572!4d-8.0927541!16s%2Fg%2F11csqbj6fp!19sChIJ28g1Xp5BIw0Ry9kgWxSVCog?authuser=0&hl=fr&rclk=1
Termas de S. Jorge," Praça de S. Jorge, 4505-679 Caldas de São Jorge, Portugal",Oliveira de Azeméis+Portugal,Portugal,Centre thermal,Station thermale,"4,4", +351 256 910 360,http://www.termas-sjorge.com/,,,https://www.google.com/maps/place/Termas+de+S.+Jorge/data=!4m7!3m6!1s0xd247ff60abb0307:0x264d404162a34718!8m2!3d40.968571!4d-8.5005249!16s%2Fg%2F1225km8z!19sChIJBwO7CvZ_JA0RGEejYkFATSY?authuser=0&hl=fr&rclk=1
"Centro de Terapia Holística, Massagem e Formação - sabe@mar by arcaVITAE"," Av. António José de Almeida 297 1D, 3720-239 Oliveira de Azeméis, Portugal",Oliveira de Azeméis+Portugal,Portugal,Centre thermal,Institut de massages,"5,0", +351 914 689 803,http://www.arcavitae.com/,geral@arcavitae.com,,"https://www.google.com/maps/place/Centro+de+Terapia+Hol%C3%ADstica,+Massagem+e+Forma%C3%A7%C3%A3o+-+sabe@mar+by+arcaVITAE/data=!4m7!3m6!1s0xd23799b25acb739:0x6dfec85849b4347a!8m2!3d40.8381293!4d-8.4774353!16s%2Fg%2F11l1mpj1hk!19sChIJObesJZt5Iw0RejS0SVjI_m0?authuser=0&hl=fr&rclk=1"
TERMAS DE LUSO," R. Álvaro Castelões, 3050-230 Luso, Portugal",Oliveira de Azeméis+Portugal,Portugal,Centre thermal,Spa,"4,4", +351 231 937 910,http://www.termasdeluso.pt/,geral@termasdeluso.pt,https://www.linkedin.com/company/termasdeluso,https://www.google.com/maps/place/TERMAS+DE+LUSO/data=!4m7!3m6!1s0xd2303c6fb7c9aa9:0x2d2a39da92b88a81!8m2!3d40.3839475!4d-8.3771985!16s%2Fg%2F121d6g4r!19sChIJqZp8-8YDIw0RgYq4kto5Ki0?authuser=0&hl=fr&rclk=1
Rituais Olga Campos - Day Spa | Cosmética," R. António Alegria 92, 3720-234 Oliveira de Azeméis, Portugal",Oliveira de Azeméis+Portugal,Portugal,Centre thermal,Spa,"4,9", +351 256 682 424,https://spa.massage.ivof.com/rituais-olga-campos-day-spa-cosmetica/,info@ivof.com,,https://www.google.com/maps/place/Rituais+Olga+Campos+-+Day+Spa+%7C+Cosm%C3%A9tica/data=!4m7!3m6!1s0xd237870c618f6b1:0xc5949d25fabbc2dc!8m2!3d40.8369959!4d-8.4780792!16s%2Fg%2F1v2gg0ks!19sChIJsfYYxnB4Iw0R3MK7-iWdlMU?authuser=0&hl=fr&rclk=1
Câmara Municipal de Oliveira de Azeméis," Largo da República, 3720-240 Oliveira de Azeméis, Portugal",Oliveira de Azeméis+Portugal,Portugal,Centre thermal,Hôtel de ville,"3,9", +351 256 600 600,http://www.cm-oaz.pt/,,,https://www.google.com/maps/place/C%C3%A2mara+Municipal+de+Oliveira+de+Azem%C3%A9is/data=!4m7!3m6!1s0xd23787a002e3919:0xa0794437fc885d46!8m2!3d40.8391397!4d-8.4776816!16s%2Fg%2F1tdpsyd3!19sChIJGTkuAHp4Iw0RRl2I_DdEeaA?authuser=0&hl=fr&rclk=1
Parque de La Salette," R. Dom Manuel Correia Bastos Pina 179 3720, Oliveira de Azeméis, Portugal",Oliveira de Azeméis+Portugal,Portugal,Centre thermal,Attraction touristique,"4,6",,,,,https://www.google.com/maps/place/Parque+de+La+Salette/data=!4m7!3m6!1s0xd237866c2ba3327:0x1401b658ed6dad6e!8m2!3d40.8432111!4d-8.4657972!16s%2Fg%2F122wzgtm!19sChIJJzO6wmZ4Iw0Rbq1t7Vi2ARQ?authuser=0&hl=fr&rclk=1
Day Spa Oriental - Massage," R. Dr. Artur Correia Barbosa 111, 3720-247 Oliveira de Azeméis, Portugal",Oliveira de Azeméis+Portugal,Portugal,Centre thermal,Spa,"5,0", +351 931 394 081,http://www.dayspaoriental.com/,,,https://www.google.com/maps/place/Day+Spa+Oriental+-+Massage/data=!4m7!3m6!1s0xd237976dc3956af:0x1da753017d428b64!8m2!3d40.8377383!4d-8.4764262!16s%2Fg%2F11wttqkrpv!19sChIJr1Y53HZ5Iw0RZItCfQFTpx0?authuser=0&hl=fr&rclk=1
Alcafache Thermal Spa," R. Balneário, 3530-026 Viseu, Portugal",Oliveira de Azeméis+Portugal,Portugal,Centre thermal,Spa,"4,2", +351 232 479 797,http://www.termasdealcafache.pt/,reservas@termasdealcafache.pt,,https://www.google.com/maps/place/Alcafache+Thermal+Spa/data=!4m7!3m6!1s0xd233158ac6b1151:0xab408e1b9431aabc!8m2!3d40.606029!4d-7.8696854!16s%2Fg%2F1th88d7h!19sChIJURFrrFgxIw0RvKoxlBuOQKs?authuser=0&hl=fr&rclk=1
Aqua Village Health Resort & Spa," Av. Principal 5, 3400-521, Portugal",Oliveira de Azeméis+Portugal,Portugal,Centre thermal,,"4,7", +351 238 249 040,https://www.aquavillage.pt/,reservas@aquavillage.pt,,https://www.google.com/maps/place/Aqua+Village+Health+Resort+%26+Spa/data=!4m10!3m9!1s0xd22d5b2d2a50e4f:0xe7f4fd048a680713!5m2!4m1!1i2!8m2!3d40.326587!4d-7.8417995!16s%2Fg%2F11b7w018z4!19sChIJTw6l0rLVIg0REwdoigT99Oc?authuser=0&hl=fr&rclk=1
Parque Aquático de Fafe," Tv. Sol Poente 1, 4820-338 Fafe, Portugal",Oliveira de Azeméis+Portugal,Portugal,Parc aquatique,Parc aquatique,"4,2", +351 910 637 001,https://parqueaquaticofafe.pt/,geral@parqueaquaticofafe.pt,,https://www.google.com/maps/place/Parque+Aqu%C3%A1tico+de+Fafe/data=!4m7!3m6!1s0xd24e8f74d5c38a3:0x43dd9e7f1bd60c2!8m2!3d41.4396041!4d-8.1827994!16s%2Fg%2F1q5bmncb5!19sChIJozhcTffoJA0RwmC98efZPQQ?authuser=0&hl=fr&rclk=1
Aquapark Fratelli," R. da Barragem, 4820-560 Queimadela, Portugal",Oliveira de Azeméis+Portugal,Portugal,Parc aquatique,Parc aquatique,"4,5", +351 965 363 029,https://www.facebook.com/Aquaparkfratelli,,,https://www.google.com/maps/place/Aquapark+Fratelli/data=!4m7!3m6!1s0xd24e7a4015eeac3:0x10ec995dc9ed1ac9!8m2!3d41.5055165!4d-8.1615936!16s%2Fg%2F11g9sw9mvn!19sChIJw-peAaTnJA0RyRrtyV2Z7BA?authuser=0&hl=fr&rclk=1
Parque Temático Molinológico," R. da Ponte da Igreja 193, 3720-604 Oliveira de Azeméis, Portugal",Oliveira de Azeméis+Portugal,Portugal,Parc aquatique,Musée,"4,6", +351 925 661 458,,,,https://www.google.com/maps/place/Parque+Tem%C3%A1tico+Molinol%C3%B3gico/data=!4m7!3m6!1s0xd2382b0f62afaf1:0x5431d49c654353bb!8m2!3d40.8149999!4d-8.4978835!16s%2Fg%2F1q62gs2z7!19sChIJ8foq9rCCIw0Ru1NDZZzUMVQ?authuser=0&hl=fr&rclk=1
Magikland - Amusement Park," R. Santo Andrė n.º1279, 4560-221 Marecos, Portugal",Oliveira de Azeméis+Portugal,Portugal,Parc aquatique,Parc de loisirs,"4,3", +351 255 712 357,http://www.magikland.pt/,reservas@magikland.pt,,https://www.google.com/maps/place/Magikland+-+Amusement+Park/data=!4m7!3m6!1s0xd2491bc723d2bfd:0xa1bc78c1912d471f!8m2!3d41.1992207!4d-8.2799437!16s%2Fg%2F122sxhkz!19sChIJ_Ss9cryRJA0RH0ctkcF4vKE?authuser=0&hl=fr&rclk=1
Water Park Splash Wave," 3840-261, Portugal",Oliveira de Azeméis+Portugal,Portugal,Parc aquatique,Parc aquatique,"4,1", +351 234 797 732,http://www.vagasplash.com/,info@vagasplash.com,,https://www.google.com/maps/place/Water+Park+Splash+Wave/data=!4m7!3m6!1s0xd23beae6f732c8d:0x73d5d0980ca8fd60!8m2!3d40.5497484!4d-8.7705445!16s%2Fg%2F1tfsjpj8!19sChIJjSxzb66-Iw0RYP2oDJjQ1XM?authuser=0&hl=fr&rclk=1
Amarante Water Park," Rua do Tâmega 2245 -909, 4600-909, Portugal",Oliveira de Azeméis+Portugal,Portugal,Parc aquatique,Parc aquatique,"4,3", +351 255 410 040,http://parqueaquaticoamarante.com/,waterpark@tamegaclube.com,,https://www.google.com/maps/place/Amarante+Water+Park/data=!4m7!3m6!1s0xd24be6ec5c6f72d:0x5c768383645eaab6!8m2!3d41.2495036!4d-8.1056498!16s%2Fg%2F11gfkm5bvk!19sChIJLffGxW6-JA0RtqpeZIODdlw?authuser=0&hl=fr&rclk=1
Municipal pools Oliveira De Azemeis," Rua João Manuel Godinho Sousa Nº111, Oliveira de Azeméis, Portugal",Oliveira de Azeméis+Portugal,Portugal,Parc aquatique,Centre aquatique,"4,3", +351 256 600 615,http://piscina.cm-oaz.pt/index.php,,,https://www.google.com/maps/place/Municipal+pools+Oliveira+De+Azemeis/data=!4m7!3m6!1s0xd23829e11e11b1d:0x6a990522029c80d!8m2!3d40.8322341!4d-8.4852261!16s%2Fg%2F11c1rt84qh!19sChIJHRvhEZ6CIw0RDcgpIFKQqQY?authuser=0&hl=fr&rclk=1
"NaturWaterPark - Parque de Diversões do Douro, Lda"," Quinta do Barroco, Póvoa, 5000-037 Vila Real, Portugal",Oliveira de Azeméis+Portugal,Portugal,Parc aquatique,,"4,3", +351 259 309 120,http://www.naturwaterpark.pt/,,,"https://www.google.com/maps/place/NaturWaterPark+-+Parque+de+Divers%C3%B5es+do+Douro,+Lda/data=!4m7!3m6!1s0xd3b4f284f893e7d:0xf52d0a705512fb1f!8m2!3d41.2559981!4d-7.651942!16s%2Fg%2F1tdz17kg!19sChIJfT6JTyhPOw0RH_sSVXAKLfU?authuser=0&hl=fr&rclk=1"
Piscinas Municipais de La Salette," Oliveira de Azeméis, Portugal",Oliveira de Azeméis+Portugal,Portugal,Parc aquatique,Piscine extérieure,"4,0",,,,,https://www.google.com/maps/place/Piscinas+Municipais+de+La+Salette/data=!4m7!3m6!1s0xd2378664d1ef2f7:0x323b239e6211f707!8m2!3d40.8411681!4d-8.465155!16s%2Fg%2F11g7_dh6c_!19sChIJ9_IeTWZ4Iw0RB_cRYp4jOzI?authuser=0&hl=fr&rclk=1
Panorâmico Aquaparque," R. Eiras de Belém 20, 3100-319 Pombal, Portugal",Oliveira de Azeméis+Portugal,Portugal,Parc aquatique,Parc aquatique,"4,1", +351 236 217 774,http://www.panoramicoaquaparque.com/,%20panoramico.aquaparque@gmail.com,,https://www.google.com/maps/place/Panor%C3%A2mico+Aquaparque/data=!4m7!3m6!1s0xd2266707c37d90d:0x76c18e2b4fba5d4b!8m2!3d39.9228286!4d-8.5957675!16s%2Fg%2F1v29d92_!19sChIJDdk3fHBmIg0RS126TyuOwXY?authuser=0&hl=fr&rclk=1
Slide & Splash," Portugal PT, Vale de Deus 125, 8401-901 Estômbar, Portugal",Oliveira de Azeméis+Portugal,Portugal,Parc aquatique,Parc aquatique,"4,5", +351 282 340 800,http://www.slidesplash.com/,info@slidesplash.com,,https://www.google.com/maps/place/Slide+%26+Splash/data=!4m7!3m6!1s0xd1ad7dcb0aff5c5:0xbe389806c01894c5!8m2!3d37.1399192!4d-8.474926!16s%2Fg%2F1tg36h9c!19sChIJxfWvsNzXGg0RxZQYwAaYOL4?authuser=0&hl=fr&rclk=1
Espaço fi.ka | Spa Urbano," R. do Cavalar 134, 3720-586 Ul, Portugal",Oliveira de Azeméis+Portugal,Portugal,Thalassothérapie,Massothérapeute,"5,0", +351 917 954 730,https://espacofikaspaurbano.mypixieset.com/,ESPACOFIKA@HOTMAIL.COM,,https://www.google.com/maps/place/Espa%C3%A7o+fi.ka+%7C+Spa+Urbano/data=!4m7!3m6!1s0xd23799286a786fb:0x40ed8a9135e2ad16!8m2!3d40.8269289!4d-8.4943304!16s%2Fg%2F11vr5rk8__!19sChIJ-4anhpJ5Iw0RFq3iNZGK7UA?authuser=0&hl=fr&rclk=1
Hotel Miranda do Douro," estrada nacional 218, 5210-003 Miranda do Douro, Portugal",Miranda do douro+Portugal,Portugal,Hôtel avec spa,,"3,6", +351 934 412 911,http://www.hotelmirandadodouro.com/,,,https://www.google.com/maps/place/Hotel+Miranda+do+Douro/data=!4m10!3m9!1s0xd39675484c95cb5:0xdc14fcf8365c9fa2!5m2!4m1!1i2!8m2!3d41.501471!4d-6.2855051!16s%2Fg%2F11q1snmb38!19sChIJtVzJhFRnOQ0Rop9cNvj8FNw?authuser=0&hl=fr&rclk=1
Douro Royal Valley Hotel & Spa," Lugar de Portela do Rio, 4640-400 Ribadouro, Portugal",Miranda do douro+Portugal,Portugal,Hôtel avec spa,,"4,5", +351 255 070 900,http://www.douroroyal.com/,info@douroroyal.pt,,https://www.google.com/maps/place/Douro+Royal+Valley+Hotel+%26+Spa/data=!4m10!3m9!1s0xd24a24c3d96ddcf:0x1233e986648b2cba!5m2!4m1!1i2!8m2!3d41.1031387!4d-8.0946634!16s%2Fg%2F11c3k9ptgq!19sChIJz92WPUyiJA0RuiyLZIbpMxI?authuser=0&hl=fr&rclk=1
Hotel Parador Santa Catarina," Largo da Pousada s/n, 5210-183 Miranda do Douro, Portugal",Miranda do douro+Portugal,Portugal,Hôtel avec spa,,"4,3", +351 273 431 005,http://hotelparadorsantacatarina.pt/,,,https://www.google.com/maps/place/Hotel+Parador+Santa+Catarina/data=!4m10!3m9!1s0xd396665b6c4fc7b:0x30a84aff617a2298!5m2!4m1!1i2!8m2!3d41.496781!4d-6.271669!16s%2Fg%2F1tf595kw!19sChIJe_zEtmVmOQ0RmCJ6Yf9KqDA?authuser=0&hl=fr&rclk=1
Douro Palace Hotel Resort & Spa," Lugar do Carrapatelo, 4640-423 Santa Cruz do Douro, Portugal",Miranda do douro+Portugal,Portugal,Hôtel avec spa,,"4,5", +351 254 880 000,http://www.douropalace.com/,info@douropalace.com,,https://www.google.com/maps/place/Douro+Palace+Hotel+Resort+%26+Spa/data=!4m10!3m9!1s0xd24a4536b920467:0x1abbce40ec7343a3!5m2!4m1!1i2!8m2!3d41.1098225!4d-8.0062874!16s%2Fg%2F1thtff1r!19sChIJZwSSa1OkJA0Ro0Nz7EDOuxo?authuser=0&hl=fr&rclk=1
Hotel SPA Abadía de los Templarios," Carretera Salamanca, km. 76, 37624 La Alberca, Salamanca, Espagne",Miranda do douro+Portugal,Espagne,Hôtel avec spa,,"4,5", +34 923 42 31 07,http://www.abadiadelostemplarios.com/,,,https://www.google.com/maps/place/Hotel+SPA+Abad%C3%ADa+de+los+Templarios/data=!4m10!3m9!1s0xd3e8a5bf869bf17:0x1fccfedfb00e240e!5m2!4m1!1i2!8m2!3d40.49855!4d-6.116146!16s%2Fg%2F1pp2t_b6l!19sChIJF79p-FuKPg0RDiQOsN_-zB8?authuser=0&hl=fr&rclk=1
Hotel Batuecas," Av. Batuecas, 4, 37624 La Alberca, Salamanca, Espagne",Miranda do douro+Portugal,Espagne,Hôtel avec spa,,"3,7", +34 923 41 51 88,https://hotelbatuecas.es/,info@hotelbatuecas.es,,https://www.google.com/maps/place/Hotel+Batuecas/data=!4m10!3m9!1s0xd3e8a61a4ffd963:0x237d0b8995444480!5m2!4m1!1i2!8m2!3d40.490273!4d-6.11244!16s%2Fg%2F11f4wtlfyg!19sChIJY9n_pGGKPg0RgERElYkLfSM?authuser=0&hl=fr&rclk=1
"NaturWaterPark - Parque de Diversões do Douro, Lda"," Quinta do Barroco, Póvoa, 5000-037 Vila Real, Portugal",Miranda do douro+Portugal,Portugal,Parc aquatique,,"4,3", +351 259 309 120,http://www.naturwaterpark.pt/,,,"https://www.google.com/maps/place/NaturWaterPark+-+Parque+de+Divers%C3%B5es+do+Douro,+Lda/data=!4m10!3m9!1s0xd3b4f284f893e7d:0xf52d0a705512fb1f!5m2!4m1!1i2!8m2!3d41.2559981!4d-7.651942!16s%2Fg%2F1tdz17kg!19sChIJfT6JTyhPOw0RH_sSVXAKLfU?authuser=0&hl=fr&rclk=1"
AQUALIFE," Rua do Lameirão 255, Cabanas de Baixo, 5160-031, Portugal",Miranda do douro+Portugal,Portugal,Parc aquatique,Parc aquatique,"4,1", +351 961 925 301,,,,https://www.google.com/maps/place/AQUALIFE/data=!4m7!3m6!1s0xd3b79b63aed9997:0xbf411061ca0bf714!8m2!3d41.1871128!4d-7.1156263!16s%2Fg%2F11np_cg68z!19sChIJl5ntOrZ5Ow0RFPcLymEQQb8?authuser=0&hl=fr&rclk=1
Aquashow," Aquashow Park, Volta do Parque n.º 1, 8125-313 Quarteira, Portugal",Miranda do douro+Portugal,Portugal,Parc aquatique,Parc aquatique,"4,4", +351 289 315 129,https://aquashowpark.com/,reservas@aquashowpark.com,,https://www.google.com/maps/place/Aquashow/data=!4m7!3m6!1s0xd1ab575a4f4c3dd:0xfddc87f54582acc1!8m2!3d37.0931577!4d-8.0719093!16s%2Fg%2F11hz2m39zb!19sChIJ3cP0pHW1Gg0RwayCRfWH3P0?authuser=0&hl=fr&rclk=1
Parque de Lazer e Piscina de Samardã," 5000-781 Vila Real, Portugal",Miranda do douro+Portugal,Portugal,Parc aquatique,Parc d'attractions,"4,8",,,,,https://www.google.com/maps/place/Parque+de+Lazer+e+Piscina+de+Samard%C3%A3/data=!4m7!3m6!1s0xd3b3596bc4921ab:0x83810807187c53ee!8m2!3d41.4091095!4d-7.7193646!16s%2Fg%2F11rstj7xf_!19sChIJqyFJvJY1Ow0R7lN8GAcIgYM?authuser=0&hl=fr&rclk=1
OCELLUM AQUA PARK," C. Carretera, 19, 49699 Milles de la Polvorosa, Zamora, Espagne",Miranda do douro+Portugal,Espagne,Parc aquatique,Centre aquatique,"4,3", +34 670 27 46 91,https://www.ocellum-aqua-park.com/,info@ocellum-aqua-park.com,,https://www.google.com/maps/place/OCELLUM+AQUA+PARK/data=!4m7!3m6!1s0xd39adf4857777b5:0x77575449c26e5eaa!8m2!3d41.9211109!4d-5.7316632!16s%2Fg%2F11flpk1r53!19sChIJtXd3hfStOQ0Rql5uwklUV3c?authuser=0&hl=fr&rclk=1
Douro Camping," Douro Camping, Parque de Campismo, R. de Santa Luzia, 5210-212 Miranda do Douro, Portugal",Miranda do douro+Portugal,Portugal,Parc aquatique,,"4,3", +351 925 642 243,https://sites.google.com/view/douro-camping/,,,https://www.google.com/maps/place/Douro+Camping/data=!4m10!3m9!1s0xd39668b8350aa9d:0x19d3f0449b6fe73!5m2!4m1!1i2!8m2!3d41.492595!4d-6.2855616!16s%2Fg%2F119w9r3b8!19sChIJnapQg4tmOQ0Rc_62SQQ_nQE?authuser=0&hl=fr&rclk=1
Norpark - Aquatic Amusement Nazaré," Praia do Norte, 2450-065 Nazaré, Portugal",Miranda do douro+Portugal,Portugal,Parc aquatique,Parc aquatique,"4,1", +351 262 568 515,https://norparknazare.pt/,,,https://www.google.com/maps/place/Norpark+-+Aquatic+Amusement+Nazar%C3%A9/data=!4m7!3m6!1s0xd18a9c3a917f529:0x63bafea1726a9c40!8m2!3d39.6130378!4d-9.0801809!16s%2Fg%2F1trps1rn!19sChIJKfUXqcOpGA0RQJxqcqH-umM?authuser=0&hl=fr&rclk=1
Aquaparque Madeira," ER101, 9100-000 Gaula, Portugal",Miranda do douro+Portugal,Portugal,Parc aquatique,Parc aquatique,"3,8", +351 291 640 535,https://aquaparque-madeira.com/,desabafos.verao@gmail.com,,https://www.google.com/maps/place/Aquaparque+Madeira/data=!4m7!3m6!1s0xc6063736bcba275:0x3e75fcfda401014d!8m2!3d32.6836851!4d-16.7967709!16s%2Fg%2F11hzpnhyb2!19sChIJdaLLa3NjYAwRTQEBpP38dT4?authuser=0&hl=fr&rclk=1
Water Park Gerês," Praia de, Rua do Alqueirão, 4845-062 Alqueirão, Portugal",Miranda do douro+Portugal,Portugal,Parc aquatique,Parc aquatique,"4,4", +351 915 658 866,,,,https://www.google.com/maps/place/Water+Park+Ger%C3%AAs/data=!4m7!3m6!1s0xd251f885badc287:0xdf23855258e4ecd0!8m2!3d41.6796211!4d-8.1762636!16s%2Fg%2F11fn25wx_g!19sChIJh8KtW4gfJQ0R0OzkWFKFI98?authuser=0&hl=fr&rclk=1
Hotel Vila Galé Collection Douro," Lugar dos Varais - Cambres, 5100-426 Lamego, Portugal",Miranda do douro+Portugal,Portugal,Thalassothérapie,,"4,4", +351 254 780 700,https://www.vilagale.com/pt-pt/hoteis-portugal/hoteis-porto-e-norte/vila-gale-collection-douro/,douro@vilagale.com,https://www.linkedin.com/company/vila-gale-s-a-,https://www.google.com/maps/place/Hotel+Vila+Gal%C3%A9+Collection+Douro/data=!4m10!3m9!1s0xd3b52cb5198b875:0xaa3acf89bf507489!5m2!4m1!1i2!8m2!3d41.1537256!4d-7.7849388!16s%2Fg%2F11bv5vjflr!19sChIJdbiYUctSOw0RiXRQv4nPOqo?authuser=0&hl=fr&rclk=1
Octant Hotels Douro," EN 222, R. Vista Alegre Km 41, 4550-631 Raiva, Portugal",Miranda do douro+Portugal,Portugal,Thalassothérapie,,"4,8", +351 255 690 160,http://www.douro.octanthotels.com/,info-douro@octanthotels.com,,https://www.google.com/maps/place/Octant+Hotels+Douro/data=!4m10!3m9!1s0xd24830aca7e46ed:0x5852b0f83611e271!5m2!4m1!1i2!8m2!3d41.038198!4d-8.351272!16s%2Fg%2F113jmt55y!19sChIJ7UZ-ygqDJA0RceIRNviwUlg?authuser=0&hl=fr&rclk=1
Six Senses Douro Valley," Quinta Vale de Abraão, 5100-758 Samodães, Portugal",Miranda do douro+Portugal,Portugal,Thalassothérapie,,"4,9", +351 254 660 600,https://www.sixsenses.com/en/hotels-resorts/europe/portugal/douro-valley/,,,https://www.google.com/maps/place/Six+Senses+Douro+Valley/data=!4m10!3m9!1s0xd24adbc31a79951:0xa32c0984593ca4c1!5m2!4m1!1i2!8m2!3d41.1441174!4d-7.812801!16s%2Fg%2F1wnbz8t4!19sChIJUZmnMbytJA0RwaQ8WYQJLKM?authuser=0&hl=fr&rclk=1
Longroiva spa," R. da Corredoura, Mêda, Portugal",Miranda do douro+Portugal,Portugal,Thalassothérapie,Thermes,"4,5", +351 279 849 230,https://www.cm-meda.pt/polo-termal-de-longroiva/,geral@cm-meda.pt,,https://www.google.com/maps/place/Longroiva+spa/data=!4m7!3m6!1s0xd3c846512c13aaf:0xceb152d874cab588!8m2!3d40.965037!4d-7.2098184!16s%2Fg%2F1v8x3h56!19sChIJrzrBEmWEPA0RiLXKdNhSsc4?authuser=0&hl=fr&rclk=1
Douro Marina Hotel & SPA," Rua de Vila Nazaré 140, Caldas de Aregos, 4660-013 Miomães, Portugal",Miranda do douro+Portugal,Portugal,Thalassothérapie,,"4,3", +351 254 870 700,http://douromarinahotel.com/,geral@douromarinahotel.com,,https://www.google.com/maps/place/Douro+Marina+Hotel+%26+SPA/data=!4m10!3m9!1s0xd24a43658fdd787:0x3fee8a620d577d3f!5m2!4m1!1i2!8m2!3d41.1001021!4d-8.0102273!16s%2Fg%2F11c5s5b4wg!19sChIJh9f9WDakJA0RP31XDWKK7j8?authuser=0&hl=fr&rclk=1
Lavandeira Douro Nature & Wellness," Rua da Lavandeira, 4640-024 Porto, Portugal",Miranda do douro+Portugal,Portugal,Thalassothérapie,,"4,6", +351 910 905 093,http://www.lavandeiradouro.com/,reserve@lavandeiradouro.com,,https://www.google.com/maps/place/Lavandeira+Douro+Nature+%26+Wellness/data=!4m10!3m9!1s0xd24a397444de653:0x98db1c3db3fdb6be!5m2!4m1!1i2!8m2!3d41.108039!4d-8.0636627!16s%2Fg%2F11bv_0gb0f!19sChIJU-ZNRJejJA0Rvrb9sz0c25g?authuser=0&hl=fr&rclk=1
Hotel Douro Scala," R. do Paço, 5040-154 Cidadelhe, Portugal",Miranda do douro+Portugal,Portugal,Thalassothérapie,,"4,4", +351 254 890 020,http://www.douroscala.pt/,info@douroscala.pt,,https://www.google.com/maps/place/Hotel+Douro+Scala/data=!4m10!3m9!1s0xd24ad701e483f85:0x34b155a9f89d61c7!5m2!4m1!1i2!8m2!3d41.167414!4d-7.847084!16s%2Fg%2F1hc0y0tqn!19sChIJhT9IHnCtJA0Rx2Gd-KlVsTQ?authuser=0&hl=fr&rclk=1
Quinta do Pedregal Hotel & SPA," R. Cavada de Meias 109, 4415-637 Lever, Portugal",Miranda do douro+Portugal,Portugal,Thalassothérapie,,"4,8", +351 925 522 970,https://www.quintadopedregal.pt/,info@quintadopedregal.pt,,https://www.google.com/maps/place/Quinta+do+Pedregal+Hotel+%26+SPA/data=!4m10!3m9!1s0xd24875cb87a6ead:0x44e8877d47f4d16!5m2!4m1!1i2!8m2!3d41.065595!4d-8.4739712!16s%2Fg%2F11b73rg_l4!19sChIJrW56uFyHJA0RFk1_1HeITgQ?authuser=0&hl=fr&rclk=1
Mirra Porto SPA," R. do Alferes Malheiro 199, 4000-059 Porto, Portugal",Miranda do douro+Portugal,Portugal,Thalassothérapie,Institut de massages,"4,9", +351 913 844 969,https://mirra.pt/?utm_source=gmb&utm_medium=organic&utm_content=listing&utm_campaign=mirra1,spa@mirra.pt,,https://www.google.com/maps/place/Mirra+Porto+SPA/data=!4m7!3m6!1s0xd2465a574ee6e51:0x9e0226c80dd0cb07!8m2!3d41.1526378!4d-8.6114921!16s%2Fg%2F11h64flxyw!19sChIJUW7udKVlJA0RB8vQDcgmAp4?authuser=0&hl=fr&rclk=1
Canto's Green Garden," R. Eng. Clemente Soares Medeiros, 9675-056 Furnas, Portugal",Povoação+Portugal,Portugal,Hôtel avec spa,,"4,8", +351 296 249 960,https://cantosgreengarden.pt/,camaravcturismo@hotmail.com,,https://www.google.com/maps/place/Canto%27s+Green+Garden/data=!4m10!3m9!1s0xb5d213fed61d2d3:0xdc1191ea3a6bd3fb!5m2!4m1!1i2!8m2!3d37.7759812!4d-25.3133004!16s%2Fg%2F11whvw9_4z!19sChIJ09Jh7T8hXQsR-9NrOuqREdw?authuser=0&hl=fr&rclk=1
The Lince Nordeste Country and Nature Hotel," Sao Miguel, Rua dos Clerigos 1, 9630-160 Nordeste, Portugal",Povoação+Portugal,Portugal,Hôtel avec spa,,"4,6", +351 296 101 390,http://www.nordeste.thelincehotels.com/,info.tln@thelincehotels.com,https://www.linkedin.com/company/thelincehotelsresorts,https://www.google.com/maps/place/The+Lince+Nordeste+Country+and+Nature+Hotel/data=!4m10!3m9!1s0xb5d1d834446f06d:0x75de6bad46d4beb9!5m2!4m1!1i2!8m2!3d37.8329481!4d-25.1495159!16s%2Fg%2F11d_z0vw16!19sChIJbfBGRIMdXQsRub7URq1r3nU?authuser=0&hl=fr&rclk=1
Quinta Da Mó," R. Agua Quente 66, 9675-040 Furnas, Portugal",Povoação+Portugal,Portugal,Hôtel avec spa,,"4,9", +351 917 800 281,http://www.quintadamo.com/,reservas@quintadamo.com,,https://www.google.com/maps/place/Quinta+Da+M%C3%B3/data=!4m10!3m9!1s0xb5d2047aaaaaaab:0x9ebfcd470facb014!5m2!4m1!1i2!8m2!3d37.7672545!4d-25.3187959!16s%2Fg%2F1tf593zz!19sChIJq6qqqkcgXQsRFLCsD0fNv54?authuser=0&hl=fr&rclk=1
Furnas Lake Forest Living," Estrada Regional do Sul, Lagoa das, 9675-090 Furnas, Portugal",Povoação+Portugal,Portugal,Hôtel avec spa,,"4,7", +351 296 584 107,http://www.furnaslake.com/,reservas@furnaslake.com,,https://www.google.com/maps/place/Furnas+Lake+Forest+Living/data=!4m10!3m9!1s0xb5d21a0c0f41715:0x708f7cd1237a9240!5m2!4m1!1i2!8m2!3d37.7492332!4d-25.3244571!16s%2Fg%2F1tdjscvg!19sChIJFRf0wKAhXQsRQJJ6I9F8j3A?authuser=0&hl=fr&rclk=1
Terra Nostra Garden Hotel," Rua Padre José Jacinto Botelho 5, 9675-061 Furnas, Portugal",Povoação+Portugal,Portugal,Hôtel avec spa,,"4,7", +351 296 549 090,https://www.bensaudehotels.com/terranostragardenhotel/?utm_source=google-my-business&utm_medium=organic&utm_campaign=tngh_gmb,tngh@bensaudehotels.pt,https://www.linkedin.com/company/bensaudehotels,https://www.google.com/maps/place/Terra+Nostra+Garden+Hotel/data=!4m10!3m9!1s0xb5d2045f71ada61:0xc2fc2db7afcfeff9!5m2!4m1!1i2!8m2!3d37.7729067!4d-25.3143766!16s%2Fg%2F1tdbb235!19sChIJYdoa90UgXQsR-e_Pr7ct_MI?authuser=0&hl=fr&rclk=1
Octant Hotels Furnas," Avenida Dr. Manuel de Arriaga, Furnas, 9675-022 São Miguel, Portugal",Povoação+Portugal,Portugal,Hôtel avec spa,,"4,6", +351 296 249 200,http://www.furnas.octanthotels.com/,info-furnas@octanthotels.com,,https://www.google.com/maps/place/Octant+Hotels+Furnas/data=!4m10!3m9!1s0xb5d20368a202125:0xe8990a0675bab563!5m2!4m1!1i2!8m2!3d37.7709809!4d-25.304448!16s%2Fg%2F11b7q6qm3v!19sChIJJSEgijYgXQsRY7W6dQYKmeg?authuser=0&hl=fr&rclk=1
Aqua Parque dos Açores," Rua Manuel António, R. Eng. Martins Mota, 9680-029 Vila Franca Do Campo, Portugal",Povoação+Portugal,Portugal,Parc aquatique,Parc aquatique,"3,5",,,,,https://www.google.com/maps/place/Aqua+Parque+dos+A%C3%A7ores/data=!4m7!3m6!1s0xb5d2708db17f0cb:0x1b45319ab5a0c473!8m2!3d37.7172456!4d-25.4273931!16s%2Fg%2F11j2p94fh1!19sChIJy_AX2wgnXQsRc8SgtZoxRRs?authuser=0&hl=fr&rclk=1
Praia da Povoação," 9650-213 Povoacao, Portugal",Povoação+Portugal,Portugal,Parc aquatique,Attraction touristique,"4,5",,,,,https://www.google.com/maps/place/Praia+da+Povoa%C3%A7%C3%A3o/data=!4m7!3m6!1s0xb5d1f3072c586a5:0xb15de54224db65b2!8m2!3d37.7468581!4d-25.2489578!16s%2Fg%2F120nky67!19sChIJpYbFcjAfXQsRsmXbJELlXbE?authuser=0&hl=fr&rclk=1
Piscinas Municipais dos Pelames," Povoacao, Portugal",Povoação+Portugal,Portugal,Parc aquatique,Piscine,"4,5",,,,,https://www.google.com/maps/place/Piscinas+Municipais+dos+Pelames/data=!4m7!3m6!1s0xb5d1f1833219863:0x36ce994252e5a201!8m2!3d37.7465842!4d-25.2486651!16s%2Fg%2F11g21s5jyy!19sChIJY5ghMxgfXQsRAaLlUkKZzjY?authuser=0&hl=fr&rclk=1
Quinta do Areal," Vale de Pereira, R. da Quinta do Areal 22, 3200-129 Lousã, Portugal",Góis+Portugal,Portugal,Hôtel avec spa,,"4,9",,http://www.quintadoareal.com/,,,https://www.google.com/maps/place/Quinta+do+Areal/data=!4m10!3m9!1s0xd22efa9ca6a0459:0x78d54f230a5b79e7!5m2!4m1!1i2!8m2!3d40.1126036!4d-8.2703317!16s%2Fg%2F11j669cd68!19sChIJWQRqyqnvIg0R53lbCiNP1Xg?authuser=0&hl=fr&rclk=1
9Arches," Largo da Capela, Venda Nova, 3350-213 Vila Nova de Poiares, Portugal",Góis+Portugal,Portugal,Hôtel avec spa,,"4,5", +351 933 545 474,https://www.9arelax.com/,9archesvn@gmail.com,,https://www.google.com/maps/place/9Arches/data=!4m10!3m9!1s0xd22e6828fd5a8c3:0x1f45130b854439a4!5m2!4m1!1i2!8m2!3d40.2289367!4d-8.2209897!16s%2Fg%2F11c5bx55pf!19sChIJw6jVj4LmIg0RpDlEhQsTRR8?authuser=0&hl=fr&rclk=1
Quinta da Palmeira," Rua Principal 36, 3305-050 Cerdeira, Portugal",Góis+Portugal,Portugal,Hôtel avec spa,,"4,2", +351 911 017 455,http://www.qportugal.com/,info@qportugal.com,,https://www.google.com/maps/place/Quinta+da+Palmeira/data=!4m10!3m9!1s0xd22d095232c379d:0xa91140792f675984!5m2!4m1!1i2!8m2!3d40.2590015!4d-7.9396351!16s%2Fg%2F1v7tmn8f!19sChIJnTcsI5XQIg0RhFlnL3lAEak?authuser=0&hl=fr&rclk=1
Fragas do Cabril Eco & Wellness Lodge," Rua do Cabril nº 2, 3200-310 Serpins, Portugal",Góis+Portugal,Portugal,Hôtel avec spa,,"4,9", +351 966 582 829,http://www.fragasdocabril.com/,geral@fragasdocabril.com,,https://www.google.com/maps/place/Fragas+do+Cabril+Eco+%26+Wellness+Lodge/data=!4m10!3m9!1s0xd22e90054f0622d:0x4ac1d7d1b099a726!5m2!4m1!1i2!8m2!3d40.1761519!4d-8.1789615!16s%2Fg%2F11x315std6!19sChIJLWLwVADpIg0RJqeZsNHXwUo?authuser=0&hl=fr&rclk=1
Hotel Rural Quinta da Conchada," Quinta da Conchada, 3360-316 Travanca do Mondego, Portugal",Góis+Portugal,Portugal,Hôtel avec spa,,"4,6", +351 239 458 791,http://quintadaconchada.com/,geral@quintadaconchada.com,,https://www.google.com/maps/place/Hotel+Rural+Quinta+da+Conchada/data=!4m10!3m9!1s0xd22e1dcf3410921:0xdb0b61760eb2fa44!5m2!4m1!1i2!8m2!3d40.3373146!4d-8.2161855!16s%2Fg%2F1tgz1w3c!19sChIJIQlB89zhIg0RRPqyDnZhC9s?authuser=0&hl=fr&rclk=1
Montebelo Aguieira Lake Resort & Spa," Vale da Aguieira, 3450-010 Mortágua, Portugal",Góis+Portugal,Portugal,Hôtel avec spa,,"4,5", +351 231 927 060,https://montebelohotels.com/montebelo-aguieira-lake-resort-spa/pt/home,montebeloaguieira@montebelohotels.com,https://www.linkedin.com/company/montebelo-hotels-,https://www.google.com/maps/place/Montebelo+Aguieira+Lake+Resort+%26+Spa/data=!4m10!3m9!1s0xd231e280939a239:0xeb79684c3485f360!5m2!4m1!1i2!8m2!3d40.345626!4d-8.188205!16s%2Fg%2F1hc7jv4qd!19sChIJOaI5CSgeIw0RYPOFNExoees?authuser=0&hl=fr&rclk=1
Hotel NH Coimbra Dona Inês," R. Abel Dias Urbano 12, 3000-001 Coimbra, Portugal",Góis+Portugal,Portugal,Hôtel avec spa,,"4,3", +351 239 855 800,https://www.nh-hotels.com/en/hotel/nh-coimbra-dona-ines?utm_campaign=local-gmb&utm_medium=organic_search&utm_source=google_gmb,,,https://www.google.com/maps/place/Hotel+NH+Coimbra+Dona+In%C3%AAs/data=!4m10!3m9!1s0xd22f9034743ffe9:0x1fdbd485c47bb15c!5m2!4m1!1i2!8m2!3d40.214398!4d-8.43618!16s%2Fg%2F1tfq5y4_!19sChIJ6f9DRwP5Ig0RXLF7xIXU2x8?authuser=0&hl=fr&rclk=1
Palácio da Lousã Boutique Hotel," R. Viscondessa do Espinhal, 3200-257 Lousã, Portugal",Góis+Portugal,Portugal,Hôtel avec spa,,"4,5", +351 239 990 800,http://www.palaciodalousa.com/,reservations@palaciodalousa.com,,https://www.google.com/maps/place/Pal%C3%A1cio+da+Lous%C3%A3+Boutique+Hotel/data=!4m10!3m9!1s0xd22ee9702cb64df:0x3f694f8a2c3b019e!5m2!4m1!1i2!8m2!3d40.1091757!4d-8.2465059!16s%2Fg%2F121ffj68!19sChIJ32TLApfuIg0RngE7LIpPaT8?authuser=0&hl=fr&rclk=1
Mariparque - Praia da Vieira," Av. Marginal 13, Praia da Vieira, 2430-696 Vieira de Leiria, Portugal",Góis+Portugal,Portugal,Parc aquatique,Parc aquatique,"4,1", +351 244 699 068,http://www.hoteiscristal.pt/mariparque,,,https://www.google.com/maps/place/Mariparque+-+Praia+da+Vieira/data=!4m7!3m6!1s0xd2210d580cb66e7:0xbf0d3db12d129e46!8m2!3d39.8780667!4d-8.9680614!16s%2Fg%2F11cn91rxy9!19sChIJ52bLgNUQIg0RRp4SLbE9Db8?authuser=0&hl=fr&rclk=1
Santarém Water Park," R. Prof. Américo Marinho 2, 2005-444 Santarém, Portugal",Góis+Portugal,Portugal,Parc aquatique,Parc aquatique,"4,2", +351 243 300 900,https://viversantarem.pt/complexo-aquatico-de-santarem/,geral@viversantarem.pt,,https://www.google.com/maps/place/Santar%C3%A9m+Water+Park/data=!4m7!3m6!1s0xd18ede992c6d7a3:0xef227f2bc75ed110!8m2!3d39.2602211!4d-8.6806843!16s%2Fg%2F1yg4fd0zt!19sChIJo9fGkuntGA0RENFexyt_Iu8?authuser=0&hl=fr&rclk=1
Caminhada Aquática Rio Ceira de Góis," R. D Luís da Silveira n 2, 3330-304 Góis, Portugal",Góis+Portugal,Portugal,Parc aquatique,Agence de voyages,"4,9", +351 961 787 772,https://www.transserrano.com/portfolio-item/caminhada-aquatica/,geral@transserrano.com,,https://www.google.com/maps/place/Caminhada+Aqu%C3%A1tica+Rio+Ceira+de+G%C3%B3is/data=!4m7!3m6!1s0xd22c35a844cfae9:0xa238af80871b3031!8m2!3d40.1554709!4d-8.1135314!16s%2Fg%2F11lt_4v2jz!19sChIJ6fpMhFrDIg0RMTAbh4CvOKI?authuser=0&hl=fr&rclk=1
Planeta dos Gaiatos," R. de São Martinho 18, 3100-338 Pombal, Portugal",Góis+Portugal,Portugal,Parc aquatique,Parc d'attractions,"4,5", +351 961 694 020,,,,https://www.google.com/maps/place/Planeta+dos+Gaiatos/data=!4m7!3m6!1s0xd226627cfde6675:0x54ec58344e431e63!8m2!3d39.94286!4d-8.6418914!16s%2Fg%2F11f2wmldv9!19sChIJdWbezydmIg0RYx5DTjRY7FQ?authuser=0&hl=fr&rclk=1
Fluvifun - Parque Aquático do Malhadal, Portugal,Góis+Portugal, Portugal,Parc aquatique,Parc aquatique,"4,6", +351 274 685 127,,,,https://www.google.com/maps/place/Fluvifun+-+Parque+Aqu%C3%A1tico+do+Malhadal/data=!4m7!3m6!1s0xd22afdb7fadb159:0xe3d56fa7f3f9051e!8m2!3d39.7966941!4d-7.9516837!16s%2Fg%2F11g2xdrmpd!19sChIJWbGtf9uvIg0RHgX586dv1eM?authuser=0&hl=fr&rclk=1
Parque Fluvial de Casegas," 6225-120 Casegas, Portugal",Góis+Portugal,Portugal,Parc aquatique,Parc aquatique,"4,5",,,,,https://www.google.com/maps/place/Parque+Fluvial+de+Casegas/data=!4m7!3m6!1s0xd3d31803d1c3ecb:0xd8bd616830334eb6!8m2!3d40.176213!4d-7.696715!16s%2Fg%2F11d_pw7tz0!19sChIJyz4cPYAxPQ0Rtk4zMGhhvdg?authuser=0&hl=fr&rclk=1
Camping de Praia da Vagueira," Gafanha da Boa Hora, Portugal",Góis+Portugal,Portugal,Parc aquatique,Terrain pour camping-cars,"4,5", +351 234 797 732,http://www.vagasplash.com/,info@vagasplash.com,,https://www.google.com/maps/place/Camping+de+Praia+da+Vagueira/data=!4m7!3m6!1s0xd23beca00552c39:0x10e99011da5a201b!8m2!3d40.5496393!4d-8.7720627!16s%2Fg%2F11cr_5djvk!19sChIJOSxVAMq-Iw0RGyBa2hGQ6RA?authuser=0&hl=fr&rclk=1
Piscina Natural do Amiosinho," Largo Comissão de Melhoramentos de Amiosinho 3330, Portugal",Góis+Portugal,Portugal,Parc aquatique,Parc aquatique,"5,0",,,,,https://www.google.com/maps/place/Piscina+Natural+do+Amiosinho/data=!4m7!3m6!1s0xd22c1584687d86f:0xa96874042453ac3c!8m2!3d40.0358137!4d-8.0967094!16s%2Fg%2F11hzcj1_h_!19sChIJb9iHRljBIg0RPKxTJAR0aKk?authuser=0&hl=fr&rclk=1
Praia das Rocas," Praia das Rocas, 3280-050 Castanheira de Pêra, Portugal",Góis+Portugal,Portugal,Parc aquatique,,"4,3", +351 236 438 098,https://www.praiadasrocas.com/,praiadasrocas@praiadasrocas.com,,https://www.google.com/maps/place/Praia+das+Rocas/data=!4m10!3m9!1s0xd2294bb08fbdb05:0xe16b288ed8d05ec0!5m2!4m1!1i2!8m2!3d40.0049816!4d-8.2061055!16s%2Fg%2F1td5mz_b!19sChIJBdv7CLuUIg0RwF7Q2I4oa-E?authuser=0&hl=fr&rclk=1
Caminhada Aquática," 3330-354 Góis, Portugal",Góis+Portugal,Portugal,Parc aquatique,Attraction touristique,, +351 913 562 661,http://epicland.pt/,,,https://www.google.com/maps/place/Caminhada+Aqu%C3%A1tica/data=!4m7!3m6!1s0xd22c3001ff753dd:0x5ad5d1d504bd8794!8m2!3d40.1569832!4d-8.1087059!16s%2Fg%2F11yv_cs7px!19sChIJ3VP3HwDDIg0RlIe9BNXR1Vo?authuser=0&hl=fr&rclk=1
Aqualand Algarve," Sítio das Areias, N125, 8365-908 Alcantarilha, Portugal",Góis+Portugal,Portugal,Parc aquatique,Parc aquatique,"4,1", +351 282 320 230,https://www.aqualand.pt/,aqualandalgarve@asproparks.com,,https://www.google.com/maps/place/Aqualand+Algarve/data=!4m7!3m6!1s0xd1ad0e39d6bfd4b:0x81a56dd58df0e845!8m2!3d37.1353881!4d-8.3660084!16s%2Fg%2F1thy11w3!19sChIJS_1rnePQGg0RRejwjdVtpYE?authuser=0&hl=fr&rclk=1
parc Aquilino Ribeiro," Av. 25 de Abril 25, 3510-118 Viseu, Portugal",Góis+Portugal,Portugal,Parc aquatique,Parc,"4,6",,https://www.visitviseu.pt/,turismo@cmviseu.pt,,https://www.google.com/maps/place/parc+Aquilino+Ribeiro/data=!4m7!3m6!1s0xd233652cc8d5f0f:0x2d624f56e62238d2!8m2!3d40.6555178!4d-7.9153696!16s%2Fg%2F122w61l2!19sChIJD1-NzFI2Iw0R0jgi5lZPYi0?authuser=0&hl=fr&rclk=1
Piscinas Scorpio - Guimaraes," Alameda dos Desportos 4805, 4835-235 Guimarães, Portugal",Góis+Portugal,Portugal,Parc aquatique,Parc aquatique,"4,3", +351 253 423 200,https://tempolivre.pt/scorpio/,geral@tempolivre.pt,,https://www.google.com/maps/place/Piscinas+Scorpio+-+Guimaraes/data=!4m7!3m6!1s0xd24f0254e4722c3:0x34d87f8a70abe653!8m2!3d41.4310583!4d-8.3196035!16s%2Fg%2F11b6cbc1f9!19sChIJwyJHTiXwJA0RU-arcIp_2DQ?authuser=0&hl=fr&rclk=1
Complexo de Lazer da Foz Palheiros," Unnamed Road, 3330, Portugal",Góis+Portugal,Portugal,Parc aquatique,Parc aquatique,"4,4",,,,,https://www.google.com/maps/place/Complexo+de+Lazer+da+Foz+Palheiros/data=!4m7!3m6!1s0xd22c1d994ef90cd:0xe87e88dd9d60e7a9!8m2!3d40.0627191!4d-8.0928303!16s%2Fg%2F11h_23zcfs!19sChIJzZDvlNnBIg0Rqedgnd2Ifug?authuser=0&hl=fr&rclk=1
Oasis - Water Park Galveias With Oasis Bar," R. Joaquim Barradas de Carvalho 59, 7400-014 Galveias, Portugal",Góis+Portugal,Portugal,Parc aquatique,Parc aquatique,"4,5",,http://jfgalveias.pt/,info@wane.com,,https://www.google.com/maps/place/Oasis+-+Water+Park+Galveias+With+Oasis+Bar/data=!4m7!3m6!1s0xd1831a5217a2f43:0xcfcaa89d8a0edd90!8m2!3d39.1581322!4d-7.9931942!16s%2Fg%2F11c3q4kytz!19sChIJQy96IaUxGA0RkN0Oip2oys8?authuser=0&hl=fr&rclk=1
Pool Cabanões," Viseu, Portugal",Góis+Portugal,Portugal,Parc aquatique,Parc aquatique,"3,8", +351 232 469 102,http://complexodesportivoprincipeperfeito.pt/,desportosprincipeperfeito@montebelohotels.com,,https://www.google.com/maps/place/Pool+Caban%C3%B5es/data=!4m7!3m6!1s0xd2337b987eb95d1:0xe44462a6338060dc!8m2!3d40.6307869!4d-7.9040071!16s%2Fg%2F11c5001hjm!19sChIJ0ZXrh7k3Iw0R3GCAM6ZiROQ?authuser=0&hl=fr&rclk=1
Monte Gois Country House e Spa," Monte Góis Country House & Spa, Curvatos, 7700-212 Almodôvar, Portugal",Góis+Portugal,Portugal,Thalassothérapie,,"4,5", +351 967 064 146,http://www.montegois.com/,info@montegois.com,,https://www.google.com/maps/place/Monte+Gois+Country+House+e+Spa/data=!4m10!3m9!1s0xd1a93f69c901d7b:0x9e54c9945261ecce!5m2!4m1!1i2!8m2!3d37.4319725!4d-8.0940046!16s%2Fg%2F1hm3sqd0z!19sChIJex2QnPaTGg0RzuxhUpTJVJ4?authuser=0&hl=fr&rclk=1
Cabril do Ceira, Portugal,Góis+Portugal, Portugal,Thalassothérapie,Attraction touristique,"4,6",,https://cm-gois.pt/,correio@cm-gois.pt,,https://www.google.com/maps/place/Cabril+do+Ceira/data=!4m7!3m6!1s0xd22e87db32c4675:0xad6a9de83df027a1!8m2!3d40.1763129!4d-8.1748128!16s%2Fg%2F11ckr4zzlt!19sChIJdUYss33oIg0RoSfwPeidaq0?authuser=0&hl=fr&rclk=1
H2otel Congress & Medical Spa," Av. das Termas Apartado 459, 6215-674 Unhais da Serra, Portugal",Góis+Portugal,Portugal,Thalassothérapie,,"4,8", +351 275 970 020,http://www.h2otel.pt/,geral@naturaimbhotels.com,,https://www.google.com/maps/place/H2otel+Congress+%26+Medical+Spa/data=!4m10!3m9!1s0xd3d2f9d180e33e3:0x8a70685ab3c8807!5m2!4m1!1i2!8m2!3d40.2661659!4d-7.6240681!16s%2Fg%2F11bbrkty4x!19sChIJ4zMOGJ0vPQ0RB4g8q4UGpwg?authuser=0&hl=fr&rclk=1
Praia Fluvial da Peneda," Bairro Combatentes da Grande Guerra, 3330-011 Góis, Portugal",Góis+Portugal,Portugal,Thalassothérapie,Grand bain public,"4,7",,https://praiasfluviais.pt/praia?id=praia-fluvial-de-peneda-pego-escuro,,,https://www.google.com/maps/place/Praia+Fluvial+da+Peneda/data=!4m7!3m6!1s0xd22c3b789a4da6f:0x7ed1c596431ab5c5!8m2!3d40.154328!4d-8.1120033!16s%2Fg%2F11kyfzdhpd!19sChIJb9qkibfDIg0RxbUaQ5bF0X4?authuser=0&hl=fr&rclk=1
Thalasso Nazaré," Av. Manuel Remígio, 2450-106 Nazaré, Portugal",Góis+Portugal,Portugal,Thalassothérapie,Spa,"3,8", +351 262 560 450,https://thalassonazare.com/,info@thalassonazare.com,,https://www.google.com/maps/place/Thalasso+Nazar%C3%A9/data=!4m7!3m6!1s0xd18a9a3ff2c5545:0x1a56285f696726ab!8m2!3d39.5908641!4d-9.0738657!16s%2Fg%2F11x9t07yb!19sChIJRVUs_6OpGA0RqyZnaV8oVho?authuser=0&hl=fr&rclk=1
Satsanga Spa Coimbra," R. Abel Dias Urbano 20, 3000-001 Coimbra, Portugal",Góis+Portugal,Portugal,Thalassothérapie,Spa,"4,9", +351 934 876 576,https://www.instagram.com/satsangaspa_COIMBRA,,,https://www.google.com/maps/place/Satsanga+Spa+Coimbra/data=!4m7!3m6!1s0xd22f95c422c679d:0x8e2e32da8fe28c63!8m2!3d40.2140589!4d-8.4358636!16s%2Fg%2F11sfql6_rc!19sChIJnWcsQlz5Ig0RY4zij9oyLo4?authuser=0&hl=fr&rclk=1
Montebelo Aguieira Lake Resort & Spa," Vale da Aguieira, 3450-010 Mortágua, Portugal",Vila Nova de Poiares+Portugal,Portugal,Hôtel avec spa,,"4,5", +351 231 927 060,https://montebelohotels.com/montebelo-aguieira-lake-resort-spa/pt/home,montebeloaguieira@montebelohotels.com,https://www.linkedin.com/company/montebelo-hotels-,https://www.google.com/maps/place/Montebelo+Aguieira+Lake+Resort+%26+Spa/data=!4m10!3m9!1s0xd231e28146d6ba1:0xeb79684c3485f360!5m2!4m1!1i2!8m2!3d40.3456255!4d-8.1882053!16s%2Fg%2F1hc7jv4qd!19sChIJoWttFCgeIw0RYPOFNExoees?authuser=0&hl=fr&rclk=1
Quinta das Lágrimas," Rua António Augusto Gonçalves, 3041-901 Coimbra, Portugal",Vila Nova de Poiares+Portugal,Portugal,Hôtel avec spa,,"4,5", +351 239 802 380,http://www.quintadaslagrimas.pt/,,,https://www.google.com/maps/place/Quinta+das+L%C3%A1grimas/data=!4m10!3m9!1s0xd22f9ae5811cbb3:0x3482bba8f4ce4025!5m2!4m1!1i2!8m2!3d40.1988637!4d-8.4324364!16s%2Fg%2F1tf3_n4b!19sChIJs8sRWK75Ig0RJUDO9Ki7gjQ?authuser=0&hl=fr&rclk=1
Hotel Vila Galé Coimbra," R. Abel Dias Urbano 20, 3000-001 Coimbra, Portugal",Vila Nova de Poiares+Portugal,Portugal,Hôtel avec spa,,"4,4", +351 239 240 000,https://www.vilagale.com/pt-pt/hoteis-portugal/hoteis-centro/vila-gale-coimbra/,coimbra@vilagale.com,https://www.linkedin.com/company/vila-gale-s-a-,https://www.google.com/maps/place/Hotel+Vila+Gal%C3%A9+Coimbra/data=!4m10!3m9!1s0xd22f90331c76d09:0xece49b392333d480!5m2!4m1!1i2!8m2!3d40.2140478!4d-8.4358533!16s%2Fg%2F1tj4crtq!19sChIJCW3HMQP5Ig0RgNQzIzmb5Ow?authuser=0&hl=fr&rclk=1
Hotel NH Coimbra Dona Inês," R. Abel Dias Urbano 12, 3000-001 Coimbra, Portugal",Vila Nova de Poiares+Portugal,Portugal,Hôtel avec spa,,"4,3", +351 239 855 800,https://www.nh-hotels.com/en/hotel/nh-coimbra-dona-ines?utm_campaign=local-gmb&utm_medium=organic_search&utm_source=google_gmb,,,https://www.google.com/maps/place/Hotel+NH+Coimbra+Dona+In%C3%AAs/data=!4m10!3m9!1s0xd22f903380f501d:0x1fdbd485c47bb15c!5m2!4m1!1i2!8m2!3d40.2143978!4d-8.4361798!16s%2Fg%2F1tfq5y4_!19sChIJHVAPOAP5Ig0RXLF7xIXU2x8?authuser=0&hl=fr&rclk=1
Hotel Vila Galé Coimbra," R. Abel Dias Urbano 20, 3000-001 Coimbra, Portugal",Vila Nova de Poiares+Portugal,Portugal,Hôtel avec spa,,"4,4", +351 239 240 000,https://www.vilagale.com/pt-pt/hoteis-portugal/hoteis-centro/vila-gale-coimbra/,coimbra@vilagale.com,https://www.linkedin.com/company/vila-gale-s-a-,https://www.google.com/maps/place/Hotel+Vila+Gal%C3%A9+Coimbra/data=!4m10!3m9!1s0xd22f90342083d87:0xece49b392333d480!5m2!4m1!1i2!8m2!3d40.214048!4d-8.435853!16s%2Fg%2F1tj4crtq!19sChIJhz0IQgP5Ig0RgNQzIzmb5Ow?authuser=0&hl=fr&rclk=1
Hotel Parque Serra da Lousã," Parque Biológico da Serra da Lousã, 3220-231 Miranda do Corvo, Portugal",Vila Nova de Poiares+Portugal,Portugal,Hôtel avec spa,,"4,5", +351 239 095 054,http://www.hotelparqueserradalousa.pt/,geral@hotelparqueserradalousa.pt,,https://www.google.com/maps/place/Hotel+Parque+Serra+da+Lous%C3%A3/data=!4m10!3m9!1s0xd22f2239163e4ab:0xda5b01cfab7fa2aa!5m2!4m1!1i2!8m2!3d40.0841614!4d-8.3350985!16s%2Fg%2F11bwkds3n7!19sChIJq-RjkSPyIg0RqqJ_q88BW9o?authuser=0&hl=fr&rclk=1
Hotel Ibn-Arrik," R. Alexandre Herculano 18-24, 3000-104 Coimbra, Portugal",Vila Nova de Poiares+Portugal,Portugal,Hôtel avec spa,,"4,0", +351 915 071 961,http://www.ibn-arrik.pt/,geral@ibn-arrik.pt,,https://www.google.com/maps/place/Hotel+Ibn-Arrik/data=!4m10!3m9!1s0xd22f90ac1ae4faf:0xacddfc97055296c0!5m2!4m1!1i2!8m2!3d40.2076691!4d-8.4196868!16s%2Fg%2F11dfj6wsvq!19sChIJr0-uwQr5Ig0RwJZSBZf83aw?authuser=0&hl=fr&rclk=1
Parque de Estacionamento Piscinas da Fraga," 6Q9H+9C, Vila Nova de Poiares, Portugal",Vila Nova de Poiares+Portugal,Portugal,Centre thermal,Parking,"4,4",,,,,https://www.google.com/maps/place/Parque+de+Estacionamento+Piscinas+da+Fraga/data=!4m7!3m6!1s0xd22e50075a27e4b:0xb3e90c177917104!8m2!3d40.218434!4d-8.22146!16s%2Fg%2F11vy5szb80!19sChIJS36idQDlIg0RBHGRd8GQPgs?authuser=0&hl=fr&rclk=1
Hotel Termas da Curia," 3780-541 Tamengos, Portugal",Vila Nova de Poiares+Portugal,Portugal,Centre thermal,,"4,0", +351 231 519 800,http://www.termasdacuria.com/,reservas@termasdacuria.com,https://www.linkedin.com/company/hotel-termas-da-curia,https://www.google.com/maps/place/Hotel+Termas+da+Curia/data=!4m10!3m9!1s0xd23076ab82065d7:0x1b75fce75e534ee7!5m2!4m1!1i2!8m2!3d40.4265676!4d-8.4641151!16s%2Fg%2F1th836sf!19sChIJ12UguGoHIw0R505TXuf8dRs?authuser=0&hl=fr&rclk=1
Caldelas Spa," Braga PT, Av. Afonso Manuel 255, 4720-249 Caldelas, Portugal",Vila Nova de Poiares+Portugal,Portugal,Centre thermal,Thermes,"4,3", +351 253 368 165,https://termas-caldelas.com/,,,https://www.google.com/maps/place/Caldelas+Spa/data=!4m7!3m6!1s0xd2503b960e26e27:0x4ea116b6f6557b7a!8m2!3d41.667979!4d-8.3699156!16s%2Fg%2F122qs4h7!19sChIJJ27iYLkDJQ0RentV9rYWoU4?authuser=0&hl=fr&rclk=1
Complexo de Piscinas da Fraga," São Miguel de Poiares, Portugal",Vila Nova de Poiares+Portugal,Portugal,Centre thermal,Piscine municipale,"4,7",,https://cm-vilanovadepoiares.pt/1394/piscinas-da-fraga,,,https://www.google.com/maps/place/Complexo+de+Piscinas+da+Fraga/data=!4m7!3m6!1s0xd22e7005c7ceb5f:0xae55bbdd8b203119!8m2!3d40.2185359!4d-8.2205814!16s%2Fg%2F11xtry7g_7!19sChIJX-t8XADnIg0RGTEgi927Va4?authuser=0&hl=fr&rclk=1
Parque de Lazer do Castelinho," Vila Nova de Cerveira, 4920-290 Vila Nova de Cerveira, Portugal",Vila Nova de Poiares+Portugal,Portugal,Parc aquatique,Parc,"4,6", +351 251 708 020,http://aquamuseu.cm-vncerveira.pt/pages/481,aquamuseu@cm-vncerveira.pt,,https://www.google.com/maps/place/Parque+de+Lazer+do+Castelinho/data=!4m7!3m6!1s0xd2595d5932cd46f:0xf4a204f13d536338!8m2!3d41.9390554!4d-8.748372!16s%2Fg%2F119x1yzc9!19sChIJb9Qsk9WVJQ0ROGNTPfEEovQ?authuser=0&hl=fr&rclk=1
Posto de Turismo Vila Nova de Poiares," Escadaria do Monumento ao Cristo junto ao Mural da Estrada Nacional 2 — EN2 3350, Vila Nova de Poiares, Portugal",Vila Nova de Poiares+Portugal,Portugal,Parc aquatique,Office de tourisme,, +351 239 420 850,https://www.cm-vilanovadepoiares.pt/,,,https://www.google.com/maps/place/Posto+de+Turismo+Vila+Nova+de+Poiares/data=!4m7!3m6!1s0xd22e500149b3a35:0x335c08626a203c5!8m2!3d40.2097854!4d-8.2590502!16s%2Fg%2F11nqlv41_t!19sChIJNTqbFADlIg0RxQOiJobANQM?authuser=0&hl=fr&rclk=1
praia fluvial de Vilar Das Almas," EM539 252, Portugal",Vila Nova de Poiares+Portugal,Portugal,Parc aquatique,,"4,6",,,,,https://www.google.com/maps/place/praia+fluvial+de+Vilar+Das+Almas/data=!4m7!3m6!1s0xd25aba49609fdcb:0xfde3781fd142087c!8m2!3d41.6502452!4d-8.5436068!16s%2Fg%2F11dxrz1gc3!19sChIJy_0JlqSrJQ0RfAhC0R944_0?authuser=0&hl=fr&rclk=1
Palácio São Silvestre - Boutique Hotel," Largo Terreiro nº5, 3025-561 São Silvestre, Portugal",Vila Nova de Poiares+Portugal,Portugal,Thalassothérapie,,"4,5", +351 239 490 050,https://www.palaciosaosilvestre.com/,geral@palaciosaosilvestre.com,,https://www.google.com/maps/place/Pal%C3%A1cio+S%C3%A3o+Silvestre+-+Boutique+Hotel/data=!4m10!3m9!1s0xd22578189c34237:0x445fab8dcbb6c716!5m2!4m1!1i2!8m2!3d40.2285383!4d-8.5335714!16s%2Fg%2F11gy8crg3k!19sChIJN0LDiYFXIg0RFse2y42rX0Q?authuser=0&hl=fr&rclk=1
Grande Hotel de Luso," R. Dr. José Cid de Oliveira 86, 3050-223 Luso, Portugal",Vila Nova de Poiares+Portugal,Portugal,Thalassothérapie,,"4,4", +351 231 937 937,http://www.hoteluso.com/,reservas@hoteluso.com,,https://www.google.com/maps/place/Grande+Hotel+de+Luso/data=!4m10!3m9!1s0xd2303c68bfe8577:0x438c77b13af2208!5m2!4m1!1i2!8m2!3d40.3847037!4d-8.3779281!16s%2Fg%2F121xcp9p!19sChIJd4X-i8YDIw0RCCKvE3vHOAQ?authuser=0&hl=fr&rclk=1
"Monte Real Hotel,Termas & Spa"," R. de Leiria, 2425-039 Monte Real, Portugal",Vila Nova de Poiares+Portugal,Portugal,Thalassothérapie,,"4,6", +351 244 618 900,http://www.termasdemontereal.pt/,info@termasdemontereal.pt,,"https://www.google.com/maps/place/Monte+Real+Hotel,Termas+%26+Spa/data=!4m10!3m9!1s0xd22131b629776d7:0xf09bb3410f7714e4!5m2!4m1!1i2!8m2!3d39.8514855!4d-8.8668939!16s%2Fg%2F1tfhhp6x!19sChIJ13aXYhsTIg0R5BR3D0Gzm_A?authuser=0&hl=fr&rclk=1"
Sheraton Lisboa Hotel & Spa," R. Latino Coelho 1, 1069 Lisboa, Portugal",Almada+Portugal,Portugal,Hôtel avec spa,,"4,6", +351 21 312 0000,https://www.marriott.com/en-us/hotels/lissi-sheraton-lisboa-hotel-and-spa/overview/?scid=f2ae0541-1279-4f24-b197-a979c79310b0,,,https://www.google.com/maps/place/Sheraton+Lisboa+Hotel+%26+Spa/data=!4m10!3m9!1s0xd1933756cd4d949:0xbbbdc2a5733bc861!5m2!4m1!1i2!8m2!3d38.731753!4d-9.146995!16s%2Fg%2F1218l3y8!19sChIJSdnUbHUzGQ0RYcg7c6XCvbs?authuser=0&hl=fr&rclk=1
Pestana Palace Lisboa," R. Jau 54, 1300-314 Lisboa, Portugal",Almada+Portugal,Portugal,Hôtel avec spa,,"4,7", +351 21 361 5600,https://www.pestana.com/en/hotel/pestana-palace?utm_campaign=pestana-palace-partoo&utm_medium=organicsearch,reception.cph@pestana.com,,https://www.google.com/maps/place/Pestana+Palace+Lisboa/data=!4m10!3m9!1s0xd1934ac614d1339:0x8a8e3df3bd1f3dfb!5m2!4m1!1i2!8m2!3d38.7035902!4d-9.1868817!16s%2Fg%2F11dykcv40!19sChIJORNNYaw0GQ0R-z0fvfM9joo?authuser=0&hl=fr&rclk=1
Hotel Vila Galé Ópera," Tv. do Conde da Ponte, 1300-141 Lisboa, Portugal",Almada+Portugal,Portugal,Hôtel avec spa,,"4,1", +351 21 360 5400,https://www.vilagale.com/pt-pt/hoteis-portugal/hoteis-costa-de-lisboa/vila-gale-opera/,opera@vilagale.com,https://www.linkedin.com/company/vila-gale-s-a-,https://www.google.com/maps/place/Hotel+Vila+Gal%C3%A9+%C3%93pera/data=!4m10!3m9!1s0xd1934afc8fcacab:0xafde4baf7b44a3db!5m2!4m1!1i2!8m2!3d38.6999979!4d-9.1804613!16s%2Fg%2F1hf31t8xt!19sChIJq6z8yK80GQ0R26NEe69L3q8?authuser=0&hl=fr&rclk=1
"Altis Belém Hotel & Spa, member of Design Hotels"," Doca do Bom Sucesso, 1400-038 Lisboa, Portugal",Almada+Portugal,Portugal,Hôtel avec spa,,"4,6", +351 21 040 0200,https://www.altishotels.com/altis-belem-spa/,estaurantefeitoria@altishotels.com,https://www.linkedin.com/company/altis-hotels,"https://www.google.com/maps/place/Altis+Bel%C3%A9m+Hotel+%26+Spa,+member+of+Design+Hotels/data=!4m10!3m9!1s0xd1ecb4215079999:0xee4782eb63422f7e!5m2!4m1!1i2!8m2!3d38.6935483!4d-9.2106293!16s%2Fg%2F1tmcnhqc!19sChIJmZkHFULLHg0Rfi9CY-uCR-4?authuser=0&hl=fr&rclk=1"
Villa 3 Caparica," R. Teresa Leitão Barros 4, 2820-574 Charneca de Caparica, Portugal",Almada+Portugal,Portugal,Hôtel avec spa,,"4,7", +351 964 983 333,https://www.villa3caparica.com/,info@villa3caparica.com,,https://www.google.com/maps/place/Villa+3+Caparica/data=!4m10!3m9!1s0xd1ecaac46988029:0x77df3ee6e29eb29f!5m2!4m1!1i2!8m2!3d38.6330354!4d-9.1935941!16s%2Fg%2F11c43pgvbh!19sChIJKYCYRqzKHg0Rn7Ke4uY-33c?authuser=0&hl=fr&rclk=1
Santiago de Alfama - Boutique Hotel," R. de Santiago 12, 1100-494 Lisboa, Portugal",Almada+Portugal,Portugal,Hôtel avec spa,,"4,7", +351 21 394 1616,https://www.santiagodealfama.com/,reservations@santiagodealfama.com,,https://www.google.com/maps/place/Santiago+de+Alfama+-+Boutique+Hotel/data=!4m10!3m9!1s0xd193476f808baaf:0x81e94a687a0690ae!5m2!4m1!1i2!8m2!3d38.7112935!4d-9.1311712!16s%2Fg%2F11b73pdyhg!19sChIJr7oI-HY0GQ0RrpAGemhK6YE?authuser=0&hl=fr&rclk=1
Lisboa Pessoa Hotel," R. da Oliveira ao Carmo 8, 1200-309 Lisboa, Portugal",Almada+Portugal,Portugal,Hôtel avec spa,,"4,7", +351 21 043 7810,https://www.artsoulgroup.com/lisboapessoahotel?utm_source=MyBusiness&utm_medium=botao&utm_campaign=websitepessoa,pessoa@artsoulgroup.com,,https://www.google.com/maps/place/Lisboa+Pessoa+Hotel/data=!4m10!3m9!1s0xd19347f42a90977:0x80e2cb2605c84587!5m2!4m1!1i2!8m2!3d38.7125123!4d-9.1414479!16s%2Fg%2F11c1s3dt9t!19sChIJdwmpQn80GQ0Rh0XIBSbL4oA?authuser=0&hl=fr&rclk=1
Hyatt Regency Lisbon," R. da Junqueira 65, 1300-343 Lisboa, Portugal",Almada+Portugal,Portugal,Hôtel avec spa,,"4,4", +351 21 241 1234,https://www.hyatt.com/hyatt-regency/en-US/lishr-hyatt-regency-lisbon?src=corp_lclb_google_seo_lishr&utm_source=google&utm_medium=organic&utm_campaign=lmr,,,https://www.google.com/maps/place/Hyatt+Regency+Lisbon/data=!4m10!3m9!1s0xd19352e11102153:0xb262e83629706461!5m2!4m1!1i2!8m2!3d38.6985453!4d-9.1867144!16s%2Fg%2F11mvq_vw2v!19sChIJUyEQES41GQ0RYWRwKTboYrI?authuser=0&hl=fr&rclk=1
Áurea Museum," R. do Cais de Santarém 52, 1100-104 Lisboa, Portugal",Almada+Portugal,Portugal,Hôtel avec spa,,"4,5", +351 21 116 6100,https://www.eurostarshotels.com.pt/aurea-museum.html?referer_code=lb0gg00yx&utm_source=google&utm_medium=business&utm_campaign=lb0gg00yx,visitas@aureamuseum.com,,https://www.google.com/maps/place/%C3%81urea+Museum/data=!4m10!3m9!1s0xd193476cbc21889:0x494d49bbbe13bc7b!5m2!4m1!1i2!8m2!3d38.7092059!4d-9.1304554!16s%2Fg%2F11dym0rd67!19sChIJiRjCy3Y0GQ0Re7wTvrtJTUk?authuser=0&hl=fr&rclk=1
Bairro Alto Hotel," Praça Luís de Camões 2 5º Piso, 1200-243 Lisboa, Portugal",Almada+Portugal,Portugal,Hôtel avec spa,,"4,6", +351 21 340 8288,https://www.bairroaltohotel.com/,,,https://www.google.com/maps/place/Bairro+Alto+Hotel/data=!4m10!3m9!1s0xd19347e5313bfaf:0xccea5f1af0e4500!5m2!4m1!1i2!8m2!3d38.7102778!4d-9.1433333!16s%2Fg%2F113hplghh!19sChIJr78TU340GQ0RAEUOr_Glzgw?authuser=0&hl=fr&rclk=1
Wine & Books Hotels | Lisboa," Tv. da Memória 62, 1300-403 Lisboa, Portugal",Almada+Portugal,Portugal,Hôtel avec spa,,"4,7", +351 21 156 6250,https://lisboa.winebookshotels.com/,info@lisboa.wbh.pt,https://www.linkedin.com/company/grupo-pbh,https://www.google.com/maps/place/Wine+%26+Books+Hotels+%7C+Lisboa/data=!4m10!3m9!1s0xd1ecb2cf9f4f1a1:0x7568176c6150a1c7!5m2!4m1!1i2!8m2!3d38.7021602!4d-9.2021868!16s%2Fg%2F11ng6thzht!19sChIJofH0-SzLHg0Rx6FQYWwXaHU?authuser=0&hl=fr&rclk=1
Hotel Vila Galé Ópera," Tv. do Conde da Ponte, 1300-141 Lisboa, Portugal",Almada+Portugal,Portugal,Hôtel avec spa,,"4,1", +351 21 360 5400,https://www.vilagale.com/pt-pt/hoteis-portugal/hoteis-costa-de-lisboa/vila-gale-opera/,opera@vilagale.com,https://www.linkedin.com/company/vila-gale-s-a-,https://www.google.com/maps/place/Hotel+Vila+Gal%C3%A9+%C3%93pera/data=!4m10!3m9!1s0xd1934afde96fcdd:0xafde4baf7b44a3db!5m2!4m1!1i2!8m2!3d38.699998!4d-9.180461!16s%2Fg%2F1hf31t8xt!19sChIJ3fyW3q80GQ0R26NEe69L3q8?authuser=0&hl=fr&rclk=1
Palácio das Especiarias," R. da Horta Seca 11, 1200-221 Lisboa, Portugal",Almada+Portugal,Portugal,Hôtel avec spa,,"4,6", +351 930 480 337,http://www.palaciodasespeciarias.com/,,,https://www.google.com/maps/place/Pal%C3%A1cio+das+Especiarias/data=!4m10!3m9!1s0xd19347e35d84551:0x6785c4042d5ebb1c!5m2!4m1!1i2!8m2!3d38.7101833!4d-9.1442452!16s%2Fg%2F11c6vw2vdh!19sChIJUUXYNX40GQ0RHLteLQTEhWc?authuser=0&hl=fr&rclk=1
Olissippo Lapa Palace Hotel," Rua do Pau de Bandeira 4, 1249-021 Lisboa, Portugal",Almada+Portugal,Portugal,Hôtel avec spa,,"4,8", +351 21 394 9494,http://www.lapapalace.com/,info.lapa@olissippohotels.com,https://www.linkedin.com/company/olissippo-lapa-palace,https://www.google.com/maps/place/Olissippo+Lapa+Palace+Hotel/data=!4m10!3m9!1s0xd19349ec8cc8653:0x146cc1d431347711!5m2!4m1!1i2!8m2!3d38.7068315!4d-9.1638428!16s%2Fg%2F1tgwc50c!19sChIJU4bMyJ40GQ0REXc0MdTBbBQ?authuser=0&hl=fr&rclk=1
Rosalusa - Massagem e Bem-estar," R. Manuel Luís Costa 18, 2825-365 Almada, Portugal",Almada+Portugal,Portugal,Centre thermal,Institut de massages,"5,0", +351 933 179 954,http://www.rosalusa.com/,darosa.naturologia@gmail.com,,https://www.google.com/maps/place/Rosalusa+-+Massagem+e+Bem-estar/data=!4m7!3m6!1s0xd1ecb78b5f52cdb:0xbcb53dc039c13130!8m2!3d38.6379296!4d-9.2280485!16s%2Fg%2F11y3l217cb!19sChIJ2yz1tXjLHg0RMDHBOcA9tbw?authuser=0&hl=fr&rclk=1
Trombeta Bath," R. do Trombeta 1C, 1200-471 Lisboa, Portugal",Almada+Portugal,Portugal,Centre thermal,Sauna gay,"4,0", +351 21 609 5626,https://www.trombetabath.com/?utm_source=google&utm_medium=gmb&utm_campaign=website,info@trombetabath.com,,https://www.google.com/maps/place/Trombeta+Bath/data=!4m7!3m6!1s0xd19347fdd98d11f:0x8ec56efc66005dfa!8m2!3d38.7115928!4d-9.1451207!16s%2Fg%2F11gzgqxlw!19sChIJH9GY3X80GQ0R-l0AZvxuxY4?authuser=0&hl=fr&rclk=1
Crowne Plaza Caparica Lisbon Spa," Largo Aldeia dos Capuchos, Caparica, Portugal",Almada+Portugal,Portugal,Centre thermal,Salle de gym,"4,2", +351 21 291 2627,https://www.ihg.com/crowneplaza/hotels/pt/pt/caparica/lispr/hoteldetail,,,https://www.google.com/maps/place/Crowne+Plaza+Caparica+Lisbon+Spa/data=!4m7!3m6!1s0xd1ecaf230b0eec7:0x5f0013bc7e42e7af!8m2!3d38.6484398!4d-9.2248804!16s%2Fg%2F11clkwsk3q!19sChIJx-6wMPLKHg0Rr-dCfrwTAF8?authuser=0&hl=fr&rclk=1
Termas do Cró, Portugal,Almada+Portugal, Portugal,Centre thermal,Thermes,"4,4", +351 271 589 000,http://www.termasdocro.pt/,geral@termasdocro.pt,,https://www.google.com/maps/place/Termas+do+Cr%C3%B3/data=!4m7!3m6!1s0xd3c54e6c3c144c9:0x6140199a1b985a4e!8m2!3d40.4422466!4d-7.0440586!16s%2Fg%2F1238y695!19sChIJyUTBw-ZUPA0RTlqYG5oZQGE?authuser=0&hl=fr&rclk=1
Aquadome (Termas de Unhais da Serra)," Av. das Termas, 6200-999 Covilhã, Portugal",Almada+Portugal,Portugal,Centre thermal,Spa,"4,7", +351 275 970 030,http://www.aquadome.pt/,ppires@assec.pt,,https://www.google.com/maps/place/Aquadome+%28Termas+de+Unhais+da+Serra%29/data=!4m7!3m6!1s0xd3d2f771da158cd:0x77f49baf53fbdf88!8m2!3d40.2653058!4d-7.6245872!16s%2Fg%2F1hdzrvbny!19sChIJzVihHXcvPQ0RiN_7U6-b9Hc?authuser=0&hl=fr&rclk=1
Float in Spa Lisboa - RATO - Spa Massagens e Flutuação," Rua de São Filipe Néri 37A, 1250-225 Lisboa, Portugal",Almada+Portugal,Portugal,Centre thermal,Spa,"4,7", +351 915 785 821,http://www.float-in.pt/,info@float-in.pt,,https://www.google.com/maps/place/Float+in+Spa+Lisboa+-+RATO+-+Spa+Massagens+e+Flutua%C3%A7%C3%A3o/data=!4m7!3m6!1s0xd19337af3964b5b:0xea9c2b8f1dec8e3b!8m2!3d38.7210486!4d-9.1543167!16s%2Fg%2F1tg5_xcv!19sChIJW0uW83ozGQ0RO47sHY8rnOo?authuser=0&hl=fr&rclk=1
Parque da Paz," Av. Arsenal do Alfeite, 2810-262 Feijó, Portugal",Almada+Portugal,Portugal,Centre thermal,Parc,"4,6", +351 21 250 8710,https://www.cm-almada.pt/parque-da-paz,devpu@cma.m-almada.pt,,https://www.google.com/maps/place/Parque+da+Paz/data=!4m7!3m6!1s0xd193518d3c721c1:0x280e993e084b32d9!8m2!3d38.6629175!4d-9.1673911!16s%2Fg%2F1235dx9v!19sChIJwSHH0xg1GQ0R2TJLCD6ZDig?authuser=0&hl=fr&rclk=1
Lisbonita Nails & Body," Av. 25 de Abril de 1974 48 Loja 1, 2800-299 Almada, Portugal",Almada+Portugal,Portugal,Centre thermal,Institut de beauté,"4,9", +351 918 176 655,https://www.instagram.com/lisbonita.nails.body/,,,https://www.google.com/maps/place/Lisbonita+Nails+%26+Body/data=!4m7!3m6!1s0xd194b004be8a96d:0x40525b18028fd69a!8m2!3d38.6830369!4d-9.1518143!16s%2Fg%2F11y3ds4hkq!19sChIJbanoSwBLGQ0RmtaPAhhbUkA?authuser=0&hl=fr&rclk=1
Termas das Caldeiras da Ribeira Grande," Caldeiras, 9600-501 Ribeira Grande, Portugal",Almada+Portugal,Portugal,Centre thermal,Station thermale,"4,3", +351 296 493 560,,,,https://www.google.com/maps/place/Termas+das+Caldeiras+da+Ribeira+Grande/data=!4m7!3m6!1s0xb5cd79c9e02da83:0x79ec149a9ee3425e!8m2!3d37.7979471!4d-25.4873641!16s%2Fg%2F11g8wd7djc!19sChIJg9oCnpzXXAsRXkLjnpoU7Hk?authuser=0&hl=fr&rclk=1
"Serenity Spa Cascais, The Art of Well Being"," R. Palmeiras 5, 2750-005 Cascais, Portugal",Almada+Portugal,Portugal,Centre thermal,Spa,"4,3", +351 21 482 9140,https://www.serenity-spa.com/?utm_source=GMB&utm_medium=GMB&utm_campaign=GMB+Cascais&utm_id=GMB+Cascais,info.serenity@pinecliffs.com,https://www.linkedin.com/company/serenity-the-art-of-well-being,"https://www.google.com/maps/place/Serenity+Spa+Cascais,+The+Art+of+Well+Being/data=!4m7!3m6!1s0xd1ec3a804d3b4cf:0x6b063747f4ef4a56!8m2!3d38.7101106!4d-9.4608559!16s%2Fg%2F11lh5qfztz!19sChIJz7TTBKjDHg0RVkrv9Ec3Bms?authuser=0&hl=fr&rclk=1"
BSpa by Karin Herzog," Doca do Bom Sucesso, 1400-038 Lisboa, Portugal",Almada+Portugal,Portugal,Centre thermal,Spa,"4,8", +351 21 040 0220,https://www.topspa.pt/pt/spas/bspa-karin-herzog,bspa@karinherzog.pt,https://www.linkedin.com/company/topspaconsultants,https://www.google.com/maps/place/BSpa+by+Karin+Herzog/data=!4m7!3m6!1s0xd1ecb42153b8583:0x5616c8326acca53a!8m2!3d38.6932449!4d-9.2105979!16s%2Fg%2F1tg3ccdz!19sChIJg4U7FULLHg0ROqXMajLIFlY?authuser=0&hl=fr&rclk=1
Mercure Lisboa Almada," R. Abel Salazar 9, 2805-313 Almada, Portugal",Almada+Portugal,Portugal,Centre thermal,,"4,4", +351 21 276 1401,https://all.accor.com/lien_externe.svlt?goto=fiche_hotel&code_hotel=A040&merchantid=seo-maps-PT-A040&sourceid=aw-cen&utm_medium=seo%20maps&utm_source=google%20Maps&utm_campaign=seo%20maps,HA040@accor.com,https://www.linkedin.com/company/all-accorlivelimitless,https://www.google.com/maps/place/Mercure+Lisboa+Almada/data=!4m10!3m9!1s0xd1934df10a58b5d:0x85eab041d1220fa6!5m2!4m1!1i2!8m2!3d38.670849!4d-9.1709159!16s%2Fg%2F1ptyy74zm!19sChIJXYulEN80GQ0Rpg8i0UGw6oU?authuser=0&hl=fr&rclk=1
The Botanical Massage & therapies," Calçada do Sacramento 20, 1200-394 Lisboa, Portugal",Almada+Portugal,Portugal,Centre thermal,Institut de massages,"4,9", +351 917 777 160,https://www.thebotanicalmassage.com/,reservations@thebotanicalmassage.com,,https://www.google.com/maps/place/The+Botanical+Massage+%26+therapies/data=!4m7!3m6!1s0xd19357709a3a3fb:0xf13bb51c47cb7ded!8m2!3d38.7112186!4d-9.1401474!16s%2Fg%2F11s3v58f9m!19sChIJ-6OjCXc1GQ0R7X3LRxy1O_E?authuser=0&hl=fr&rclk=1
CitySpa - The DaySpa Lisbon.," R. Gonçalves Zarco 19, 1400-033 Lisboa, Portugal",Almada+Portugal,Portugal,Centre thermal,Spa de jour,"4,8", +351 21 363 2492,https://cityspa.pt/,relax@cityspa.pt,,https://www.google.com/maps/place/CitySpa+-+The+DaySpa+Lisbon./data=!4m7!3m6!1s0xd1ecb5eab2f02b5:0x7eb4df2d6025fb71!8m2!3d38.7030027!4d-9.2063781!16s%2Fg%2F1tkl4lcc!19sChIJtQIvq17LHg0RcfslYC3ftH4?authuser=0&hl=fr&rclk=1
Lapa Spa by Elemis (in Olissippo Lapa Palace)," Rua do Pau de Bandeira 4, 1249-021 Lisboa, Portugal",Almada+Portugal,Portugal,Centre thermal,Institut de spa et bien-être,"5,0", +351 21 394 9494,https://www.olissippohotels.com/olissippo-lapa-palace/spa-piscinas-lapa-palace/,spa.lapa@olissippohotels.com,https://www.linkedin.com/company/olissippo-lapa-palace,https://www.google.com/maps/place/Lapa+Spa+by+Elemis+%28in+Olissippo+Lapa+Palace%29/data=!4m7!3m6!1s0xd1935bae397d30d:0x38d1cc6edf55fff5!8m2!3d38.7072916!4d-9.1635672!16s%2Fg%2F11j90xny9_!19sChIJDdOX47o1GQ0R9f9V327M0Tg?authuser=0&hl=fr&rclk=1
Hospital Termal Rainha D. Leonor," Lgo Rainha Dona Leonor, 2500-174 Caldas da Rainha, Portugal",Almada+Portugal,Portugal,Centre thermal,Spa,"4,4", +351 262 240 012,https://termascentro.pt/pt/termas/distrito-de-leiria/caldas-da-rainha,,,https://www.google.com/maps/place/Hospital+Termal+Rainha+D.+Leonor/data=!4m7!3m6!1s0xd18b3bb04e1fd19:0x89bce897476202b6!8m2!3d39.4032656!4d-9.1322985!16s%2Fg%2F120vz_jn!19sChIJGf3hBLuzGA0RtgJiR5fovIk?authuser=0&hl=fr&rclk=1
Termas do Carapacho," Rua Doutor Manuel de Sousa Menezes s/n, 9880-152 Carapacho, Portugal",Almada+Portugal,Portugal,Centre thermal,Thermes,"4,6", +351 295 714 068,https://www.termasdocarapacho.com/,geral@termasdocarapacho.com,,https://www.google.com/maps/place/Termas+do+Carapacho/data=!4m7!3m6!1s0xb47d50057e8f5b1:0x6ca862d6e191906b!8m2!3d39.012772!4d-27.9590252!16s%2Fg%2F121zpl75!19sChIJsfXoVwDVRwsRa5CR4dZiqGw?authuser=0&hl=fr&rclk=1
Poça da Dona Beija," Lomba Das Barracas s/n, 9675-044 Furnas, Portugal",Almada+Portugal,Portugal,Centre thermal,Thermes,"4,6",,http://www.pocadonabeija.com/,pocadadonabeija@gmail.com,,https://www.google.com/maps/place/Po%C3%A7a+da+Dona+Beija/data=!4m7!3m6!1s0xb5d204fd4ff7497:0xf57d47bd7f436b77!8m2!3d37.7692714!4d-25.3193111!16s%2Fg%2F11cfhnkc_!19sChIJl3T_1E8gXQsRd2tDf71HffU?authuser=0&hl=fr&rclk=1
Boca do Vento Panoramic Elevator," Lgo da Boca do Vento, 2800-202 Almada, Portugal",Almada+Portugal,Portugal,Centre thermal,Attraction touristique,"4,4", +351 22 031 5755,https://www.cm-almada.pt/conhecer/natureza/elevador-panoramico-da-boca-do-vento,almadainforma@cm-almada.pt,,https://www.google.com/maps/place/Boca+do+Vento+Panoramic+Elevator/data=!4m7!3m6!1s0xd1934ee6f82f83f:0x4d3b15efc797bcac!8m2!3d38.6846314!4d-9.1587896!16s%2Fg%2F11g72mrhmb!19sChIJP_iCb-40GQ0RrLyXx-8VO00?authuser=0&hl=fr&rclk=1
Termas da Ferraria," Ginetes, Portugal",Almada+Portugal,Portugal,Centre thermal,Thermes,"4,3", +351 296 295 669,https://www.facebook.com/termas.ferraria.90/?locale=pt_PT,,,https://www.google.com/maps/place/Termas+da+Ferraria/data=!4m7!3m6!1s0xb433075effc4a91:0xed304ac0a0ff8440!8m2!3d37.8608255!4d-25.8525276!16s%2Fg%2F11byhj2zgd!19sChIJkUr873UwQwsRQIT_oMBKMO0?authuser=0&hl=fr&rclk=1
Municipal Aquatic Complex Santarém," R. Prof. Américo Marinho 2, 2005-444 Santarém, Portugal",Almada+Portugal,Portugal,Parc aquatique,Centre aquatique,"4,1", +351 243 300 900,http://viversantarem.pt/,geral@viversantarem.pt,,https://www.google.com/maps/place/Municipal+Aquatic+Complex+Santar%C3%A9m/data=!4m7!3m6!1s0xd18edea2077fbc7:0x1d1909d63d34ab0!8m2!3d39.2603755!4d-8.6809205!16s%2Fg%2F11cmhxq77j!19sChIJx_t3IOrtGA0RsErTY52Q0QE?authuser=0&hl=fr&rclk=1
Splash Seixal," Av. Mud Juvenil 1405, Seixal, Portugal",Almada+Portugal,Portugal,Parc aquatique,,"3,7",,https://www.splashseixal.pt/,,,https://www.google.com/maps/place/Splash+Seixal/data=!4m7!3m6!1s0xd19360f09b0bf37:0xb1aedfc41c3ccbb2!8m2!3d38.6459451!4d-9.093165!16s%2Fg%2F11g9fq3784!19sChIJN7-wCQ82GQ0Rsss8HMTfrrE?authuser=0&hl=fr&rclk=1
"Sportágua - Water Amusement Park, Lda."," Avenida Monsenhor Manuel Bastos, 2520-206 Peniche, Portugal",Almada+Portugal,Portugal,Parc aquatique,,"4,2", +351 262 789 125,http://www.sportagua.com/,,,"https://www.google.com/maps/place/Sport%C3%A1gua+-+Water+Amusement+Park,+Lda./data=!4m7!3m6!1s0xd1f4916d16ea2af:0x9f753d326d8c31f7!8m2!3d39.3542233!4d-9.3619154!16s%2Fg%2F1pp2twlxg!19sChIJr6Ju0RZJHw0R9zGMbTI9dZ8?authuser=0&hl=fr&rclk=1"
Lagoa do Falcão," R. do Pavilhão Gimnodesportivo, 2565-587 Campelos, Portugal",Almada+Portugal,Portugal,Parc aquatique,Parc aquatique,"4,3", +351 969 008 368,http://lagoadofalcao.pt/,info@lagoadofalcao.pt,,https://www.google.com/maps/place/Lagoa+do+Falc%C3%A3o/data=!4m7!3m6!1s0xd18ccb231e1b01d:0xa02427e63e83c59!8m2!3d39.1941472!4d-9.1842912!16s%2Fg%2F11f4tncslv!19sChIJHbDhMbLMGA0RWTzoY35CAgo?authuser=0&hl=fr&rclk=1
Ondaparque (ruínas)," Trafaria, Portugal",Almada+Portugal,Portugal,Parc aquatique,,"4,1",,https://www.facebook.com/OndaparquePortugal/,,,https://www.google.com/maps/place/Ondaparque+%28ru%C3%ADnas%29/data=!4m7!3m6!1s0xd1ecbe3a0bd39db:0x4ab74f46d25a1276!8m2!3d38.6534653!4d-9.2275763!16s%2Fg%2F11vbvl706t!19sChIJ2zm9oOPLHg0RdhJa0kZPt0o?authuser=0&hl=fr&rclk=1
Ondaparque," Trafaria, Portugal",Almada+Portugal,Portugal,Parc aquatique,,"5,0",,https://www.facebook.com/OndaparquePortugal/,,,https://www.google.com/maps/place/Ondaparque/data=!4m7!3m6!1s0xd1ecb0031699453:0xb08454289a6b60bf!8m2!3d38.6535931!4d-9.2270841!16s%2Fg%2F11xz2y7pm8!19sChIJU5RpMQDLHg0Rv2BrmihUhLA?authuser=0&hl=fr&rclk=1
"Quantum Park Lisboa - Trampolins, Escalada e Laser Tag"," Estr. Ligeiras 18 20, 2735-337 Agualva-Cacém, Portugal",Almada+Portugal,Portugal,Parc aquatique,Parc de loisirs,"4,5", +351 21 194 7184,http://www.quantumparks.com/,reservas@quantumparks.com,,"https://www.google.com/maps/place/Quantum+Park+Lisboa+-+Trampolins,+Escalada+e+Laser+Tag/data=!4m7!3m6!1s0xd1ecf48c9bdcda3:0xf25c21826e299674!8m2!3d38.7624595!4d-9.3086569!16s%2Fg%2F11gjt2_cy7!19sChIJo829yUjPHg0RdJYpboIhXPI?authuser=0&hl=fr&rclk=1"
Head Spa Portugal - Spa Capilar em Almada," R. Bernardo Francisco da Costa 9A, 2800-031 Almada, Portugal",Almada+Portugal,Portugal,Thalassothérapie,Spa,"4,9", +351 939 009 796,https://www.instagram.com/headspaportugal/,,,https://www.google.com/maps/place/Head+Spa+Portugal+-+Spa+Capilar+em+Almada/data=!4m7!3m6!1s0xd19354610d4f13b:0x959467534ec6ee9e!8m2!3d38.6821979!4d-9.1538959!16s%2Fg%2F11lybk1ck_!19sChIJO_HUEEY1GQ0Rnu7GTlNnlJU?authuser=0&hl=fr&rclk=1
Mioterapia - Osteopatia e Massagens," 1C, Av. António José Gomes 54A, 2805-086 Almada, Portugal",Almada+Portugal,Portugal,Thalassothérapie,Spa de jour,"4,6", +351 961 277 775,https://mioterapia.com/,,,https://www.google.com/maps/place/Mioterapia+-+Osteopatia+e+Massagens/data=!4m7!3m6!1s0xd1934fd3541591d:0xd98fbdb0eb4a561c!8m2!3d38.671815!4d-9.1565739!16s%2Fg%2F1ptzh_47g!19sChIJHVlBNf00GQ0RHFZK67C9j9k?authuser=0&hl=fr&rclk=1
Hotel Rural Rocha da Gralheira," Rocha da Gralheira cx 10 RG, 8150-039, Portugal",São Brás de Alportel+Portugal,Portugal,Hôtel avec spa,,"4,3", +351 289 842 394,https://hotelrochadagralheira.com/,,,https://www.google.com/maps/place/Hotel+Rural+Rocha+da+Gralheira/data=!4m10!3m9!1s0xd1aaefc7f61d98f:0x8d73b1a036ca5462!5m2!4m1!1i2!8m2!3d37.1564085!4d-7.9076726!16s%2Fg%2F11b73kx6lr!19sChIJj9lhf_yuGg0RYlTKNqCxc40?authuser=0&hl=fr&rclk=1
"Domes Lake Algarve, Autograph Collection"," Praia da Falésia 811, 8126-910 Apartadó, Portugal",São Brás de Alportel+Portugal,Portugal,Hôtel avec spa,,"4,7", +351 289 320 700,https://www.marriott.com/en-us/hotels/faoak-domes-lake-algarve-autograph-collection/overview/?scid=f2ae0541-1279-4f24-b197-a979c79310b0,,,"https://www.google.com/maps/place/Domes+Lake+Algarve,+Autograph+Collection/data=!4m10!3m9!1s0xd1ab58cbb77013b:0xd22ff4039bcdfe86!5m2!4m1!1i2!8m2!3d37.0786661!4d-8.126481!16s%2Fg%2F11bbrpdv7b!19sChIJOwF3u4y1Gg0Rhv7NmwP0L9I?authuser=0&hl=fr&rclk=1"
Ria Park Hotel & Spa," Av. do Garrão, 8125-951 Almancil, Portugal",São Brás de Alportel+Portugal,Portugal,Hôtel avec spa,,"4,5", +351 289 359 800,https://hotelandspa.riaparkhotels.com/,info@riaparkhotels.com,https://www.linkedin.com/company/ria-park-hotels,https://www.google.com/maps/place/Ria+Park+Hotel+%26+Spa/data=!4m10!3m9!1s0xd1ab399b9f6413f:0xe69f7358e2ca569d!5m2!4m1!1i2!8m2!3d37.0456771!4d-8.0451126!16s%2Fg%2F11n07hn6kj!19sChIJP0H2uZmzGg0RnVbK4lhzn-Y?authuser=0&hl=fr&rclk=1
Grande Real Santa Eulalia Resort & Hotel Spa," Estr. de Albufeira, 8200-916 Albufeira, Portugal",São Brás de Alportel+Portugal,Portugal,Hôtel avec spa,,"4,5", +351 289 598 000,http://www.granderealsantaeulalia.realhotelsgroup.com/?partner=9862utm_source=google&utm_medium=organic&utm_campaign=MyBusiness&utm,GRSE@realhotelsgroup.com,https://www.linkedin.com/company/hoteis-real-portugal,https://www.google.com/maps/place/Grande+Real+Santa+Eulalia+Resort+%26+Hotel+Spa/data=!4m10!3m9!1s0xd1acc25c6ee128f:0xca1c4c519b463017!5m2!4m1!1i2!8m2!3d37.0910708!4d-8.2119381!16s%2Fg%2F1td7pl7h!19sChIJjxLuxiXMGg0RFzBGm1FMHMo?authuser=0&hl=fr&rclk=1
Real Marina Hotel & Spa," Av. 5 de Outubro, 8700-307 Olhão, Portugal",São Brás de Alportel+Portugal,Portugal,Hôtel avec spa,,"4,5", +351 289 091 300,http://www.realmarina.realhotelsgroup.com/?partner=9862utm_source=google&utm_medium=organic&utm_campaign=MyBusiness&utm,rmo@realhotelsgroup.com,https://www.linkedin.com/company/hoteis-real-portugal,https://www.google.com/maps/place/Real+Marina+Hotel+%26+Spa/data=!4m10!3m9!1s0xd0555d63965e6e3:0x6e07bba0349f994!5m2!4m1!1i2!8m2!3d37.023701!4d-7.8471857!16s%2Fg%2F11n_z1_443!19sChIJ4-ZlOdZVBQ0RlPlJA7p74AY?authuser=0&hl=fr&rclk=1
"The Westin Salgados Beach Resort, Algarve"," Herdade dos Salgados, Guia, Rua da Boca da Alagoa, 8200-424 Albufeira, Portugal",São Brás de Alportel+Portugal,Portugal,Hôtel avec spa,,"4,5", +351 289 244 780,https://www.marriott.com/en-us/hotels/faoaa-the-westin-salgados-beach-resort-algarve/overview/?scid=f2ae0541-1279-4f24-b197-a979c79310b0,,,"https://www.google.com/maps/place/The+Westin+Salgados+Beach+Resort,+Algarve/data=!4m10!3m9!1s0xd1ad21da03d03d1:0x484bbbaee0721c87!5m2!4m1!1i2!8m2!3d37.089112!4d-8.322628!16s%2Fg%2F11lw864g1t!19sChIJ0QM9oB3SGg0Rhxxy4K67S0g?authuser=0&hl=fr&rclk=1"
Emeralds Albufeira," R. do Indico 8200-161 lote 14, 8200-161 Albufeira, Portugal",São Brás de Alportel+Portugal,Portugal,Hôtel avec spa,,"4,0",,,,,https://www.google.com/maps/place/Emeralds+Albufeira/data=!4m10!3m9!1s0xd1acc194a5e4205:0xa4b08a37c2bdbed1!5m2!4m1!1i2!8m2!3d37.090842!4d-8.23898!16s%2Fg%2F11stk2m1_l!19sChIJBUJeShnMGg0R0b69wjeKsKQ?authuser=0&hl=fr&rclk=1
Igreja Matriz de São Brás de Alportel," Largo da Igreja, 8150-151 São Brás de Alportel, Portugal",São Brás de Alportel+Portugal,Portugal,Centre thermal,Église catholique,"4,6",,,,,https://www.google.com/maps/place/Igreja+Matriz+de+S%C3%A3o+Br%C3%A1s+de+Alportel/data=!4m7!3m6!1s0xd1aaec49c4218d7:0x9ddc2a3740962a10!8m2!3d37.1503125!4d-7.8883304!16s%2Fg%2F1237dcgx!19sChIJ1xhCnMSuGg0RECqWQDcq3J0?authuser=0&hl=fr&rclk=1
Villa Termal das Caldas de Monchique," R. de Caldas de Monchique, 8550-232, Portugal",São Brás de Alportel+Portugal,Portugal,Centre thermal,,"4,1", +351 282 910 910,https://monchiquetermalresort.com/,resort@villatermal.pt,,https://www.google.com/maps/place/Villa+Termal+das+Caldas+de+Monchique/data=!4m10!3m9!1s0xd1b2174134954ff:0x4fd55d3aa98db471!5m2!4m1!1i2!8m2!3d37.2852451!4d-8.5536875!16s%2Fg%2F1tj9d811!19sChIJ_1RJE3QhGw0RcbSNqTpd1U8?authuser=0&hl=fr&rclk=1
Piscinas Municipais Cobertas de São Brás de Alportel," Rua Padre Sena Neto, s/n | 8150, 8150-000 São Brás de Alportel, Portugal",São Brás de Alportel+Portugal,Portugal,Centre thermal,Centre aquatique,"4,4", +351 289 840 070,http://www.cm-sbras.pt/,geral@cm-sbras.pt,,https://www.google.com/maps/place/Piscinas+Municipais+Cobertas+de+S%C3%A3o+Br%C3%A1s+de+Alportel/data=!4m7!3m6!1s0xd1aaed0aed379f7:0x3cdbcae27562b436!8m2!3d37.1574057!4d-7.8827967!16s%2Fg%2F11g68yl73v!19sChIJ93nTrtCuGg0RNrRideLK2zw?authuser=0&hl=fr&rclk=1
Corpus Sanus - Massagens e Terapêuticas Integrativas," R. António Rosa Brito 38A, 8150-118 São Brás de Alportel, Portugal",São Brás de Alportel+Portugal,Portugal,Centre thermal,Spa,"4,9", +351 910 369 848,https://terapeuticasesaude.wixsite.com/my-site-4,,,https://www.google.com/maps/place/Corpus+Sanus+-+Massagens+e+Terap%C3%AAuticas+Integrativas/data=!4m7!3m6!1s0xd1aaedcd77262d1:0xf5771bcfe8827ce3!8m2!3d37.1537205!4d-7.8869178!16s%2Fg%2F11g6bfzzsw!19sChIJ0WJy19yuGg0R43yC6M8bd_U?authuser=0&hl=fr&rclk=1
Algarve Costume Museum," R. Dr. José Dias Sancho 61, 8150-141 São Brás de Alportel, Portugal",São Brás de Alportel+Portugal,Portugal,Centre thermal,Musée,"4,5", +351 289 840 100,http://www.museu-sbras.com/,webmaster@museu-sbras.com,,https://www.google.com/maps/place/Algarve+Costume+Museum/data=!4m7!3m6!1s0xd1aaedb2a747e0b:0xa118742ece82861b!8m2!3d37.1527504!4d-7.8857881!16s%2Fg%2F11b6m10c4c!19sChIJC350KtuuGg0RG4aCzi50GKE?authuser=0&hl=fr&rclk=1
Zoomarine," N125 KM 65, 8201-864 Guia, Portugal",São Brás de Alportel+Portugal,Portugal,Parc aquatique,Parc à thème,"4,6", +351 289 560 300,https://www.zoomarine.pt/,info@zoomarine.pt,https://www.linkedin.com/company/zoomarinealgarve,https://www.google.com/maps/place/Zoomarine/data=!4m7!3m6!1s0xd1ace4ed8ed7ec7:0x8cf7b5092d8538af!8m2!3d37.126969!4d-8.314199!16s%2Fg%2F1217cr26!19sChIJx37t2E7OGg0RrziFLQm194w?authuser=0&hl=fr&rclk=1
Swimming pool São Brás de Alportel," R. do Matadouro 7 8150, 8150-000 São Brás de Alportel, Portugal",São Brás de Alportel+Portugal,Portugal,Parc aquatique,Piscine extérieure,"4,3", +351 289 840 204,https://www.cm-sbras.pt/pt/menu/295/equipamentos-desportivos.aspx#piscinas-municipais-descobertas,desporto@cm-sbras.pt,,https://www.google.com/maps/place/Swimming+pool+S%C3%A3o+Br%C3%A1s+de+Alportel/data=!4m7!3m6!1s0xd1aaec4f052a845:0x90f43e00e7912be5!8m2!3d37.1502637!4d-7.8864661!16s%2Fg%2F11c1q3v3rz!19sChIJRahS8MSuGg0R5SuR5wA-9JA?authuser=0&hl=fr&rclk=1
Aquashow Park Hotel," Aquashow Hotel, Hotel Aquashow, Volta do Parque n.º 2, 8125-313 Quarteira, Portugal",São Brás de Alportel+Portugal,Portugal,Parc aquatique,,"4,5", +351 289 315 129,http://www.aquashowparkhotel.com/,,,https://www.google.com/maps/place/Aquashow+Park+Hotel/data=!4m10!3m9!1s0xd1ab449b86bb007:0xaf81f8cfd5302a0f!5m2!4m1!1i2!8m2!3d37.0913756!4d-8.0736079!16s%2Fm%2F0k5xqfv!19sChIJB7BruEm0Gg0RDyow1c_4ga8?authuser=0&hl=fr&rclk=1
"Healing By Su - Mobile Massage Algarve, Massagem ao Domicílio Algarve",,São Brás de Alportel+Portugal,,Thalassothérapie,Spa,"5,0", +351 916 015 202,https://www.healingbysu.com/,healingbysu@gmail.com,,"https://www.google.com/maps/place/Healing+By+Su+-+Mobile+Massage+Algarve,+Massagem+ao+Domic%C3%ADlio+Algarve/data=!4m7!3m6!1s0x461e3c7e4c98193:0x9db2ecba6fc318c2!8m2!3d37.0884023!4d-8.0318248!16s%2Fg%2F11txfg3w1c!19sChIJk4HJ5MfjYQQRwhjDb7rssp0?authuser=0&hl=fr&rclk=1"
SPA Centro de Bem Estar Serra & Mar," R. Bombeiros Voluntários loja H, 8150-156 São Brás de Alportel, Portugal",São Brás de Alportel+Portugal,Portugal,Thalassothérapie,Spa,, +351 927 005 078,,,,https://www.google.com/maps/place/SPA+Centro+de+Bem+Estar+Serra+%26+Mar/data=!4m7!3m6!1s0xd1aafee07b0079f:0x8dec5b1039d35060!8m2!3d37.152505!4d-7.8919107!16s%2Fg%2F11lcmycb48!19sChIJnwewB-6vGg0RYFDTORBb7I0?authuser=0&hl=fr&rclk=1
Casa Ferrobo," Sitio Do Farrobo 184A, 8150-032 São Brás de Alportel, Portugal",São Brás de Alportel+Portugal,Portugal,Thalassothérapie,,"4,9",,http://www.casaferrobo.com/,Asset-1@1x.svg,,https://www.google.com/maps/place/Casa+Ferrobo/data=!4m10!3m9!1s0xd1aaf1d66222c69:0x71207336022cf17c!5m2!4m1!1i2!8m2!3d37.1625161!4d-7.9032134!16s%2Fg%2F11g8bwnx3d!19sChIJaSwiZh2vGg0RfPEsAjZzIHE?authuser=0&hl=fr&rclk=1
Cascade Wellness Resort," R. das Ilhas, 8600-513 Lagos, Portugal",São Brás de Alportel+Portugal,Portugal,Thalassothérapie,,"4,6", +351 282 771 500,https://www.cascaderesortalgarve.com/?utm_source=google&utm_medium=organic&utm_campaign=gbp_listing,info@cascade.pt,,https://www.google.com/maps/place/Cascade+Wellness+Resort/data=!4m10!3m9!1s0xd1b31ea0e3af7d9:0x3f81bbc59459b210!5m2!4m1!1i2!8m2!3d37.0862561!4d-8.6782591!16s%2Fg%2F119wl9y7t!19sChIJ2fc6DuoxGw0RELJZlMW7gT8?authuser=0&hl=fr&rclk=1
Vilalara Grand Hotel Algarve," Praia das Gaivotas, 8400-450 Porches, Portugal",São Brás de Alportel+Portugal,Portugal,Thalassothérapie,,"4,7", +351 282 320 000,https://www.vilalara.com/,RESERVAS@VILALARA.COM,,https://www.google.com/maps/place/Vilalara+Grand+Hotel+Algarve/data=!4m10!3m9!1s0xd1ad143867b9ea9:0x995e80cbaa1d97cb!5m2!4m1!1i2!8m2!3d37.1000664!4d-8.3801173!16s%2Fg%2F1v_s743_!19sChIJqZ57hkPRGg0Ry5cdqsuAXpk?authuser=0&hl=fr&rclk=1
SAN - Saúde Integrativa," R. Dr. Evaristo Sousa Gago 5 R/C A, 8150-139 São Brás de Alportel, Portugal",São Brás de Alportel+Portugal,Portugal,Thalassothérapie,Clinique spécialisée,"5,0", +351 289 845 131,http://sanintegrativa.pt/,,,https://www.google.com/maps/place/SAN+-+Sa%C3%BAde+Integrativa/data=!4m7!3m6!1s0xd1aaf71250a8889:0xb0307b4c8bb27e28!8m2!3d37.1527668!4d-7.8893331!16s%2Fg%2F11h03f4r41!19sChIJiYgKJXGvGg0RKH6yi0x7MLA?authuser=0&hl=fr&rclk=1
Grande Hotel das Caldas da Felgueira," Av. António Marques, 3525-201 Vale de Madeiros, Portugal",Carregal do Sal+Portugal,Portugal,Hôtel avec spa,,"4,3", +351 232 941 740,http://www.grandehoteldafelgueira.pt/,geral@grandehoteldafelgueira.pt,,https://www.google.com/maps/place/Grande+Hotel+das+Caldas+da+Felgueira/data=!4m10!3m9!1s0xd232c2d2b3c7983:0xa9da12646f058c68!5m2!4m1!1i2!8m2!3d40.4882628!4d-7.8621485!16s%2Fg%2F1tdlwk1_!19sChIJg3k8Ky0sIw0RaIwFb2QS2qk?authuser=0&hl=fr&rclk=1
Quinta Moinhos da Ponte," Estrada S. Geraldo, 3420-136 TBU, Portugal",Carregal do Sal+Portugal,Portugal,Hôtel avec spa,,"4,9", +351 963 715 695,https://moinhos-da-ponte.com/,moinhos.da.ponte@gmail.com,,https://www.google.com/maps/place/Quinta+Moinhos+da+Ponte/data=!4m10!3m9!1s0xd232805798cf48f:0x69f06cc07c7d87c2!5m2!4m1!1i2!8m2!3d40.3692795!4d-7.9538712!16s%2Fg%2F11fy4vl7gg!19sChIJj_SMeQUoIw0Rwod9fMBs8Gk?authuser=0&hl=fr&rclk=1
Solar dos Alperces," Região Centro, R. do Campo de Futebol 5, 6270-604, Portugal",Carregal do Sal+Portugal,Portugal,Hôtel avec spa,,"4,8", +351 964 349 467,http://www.solardosalperces.pt/,info@solardosalperces.pt,,https://www.google.com/maps/place/Solar+dos+Alperces/data=!4m10!3m9!1s0xd232b0eb41060d7:0x164e9ff30e529f95!5m2!4m1!1i2!8m2!3d40.4249075!4d-7.8231128!16s%2Fg%2F11t3k4pblr!19sChIJ12AQtA4rIw0RlZ9SDvOfThY?authuser=0&hl=fr&rclk=1
Coracao d'Ouro," R. Escola 62, 3420-169 Coimbra, Portugal",Carregal do Sal+Portugal,Portugal,Hôtel avec spa,,"4,4", +351 961 358 262,http://www.coracao-de-ouro.com/,,,https://www.google.com/maps/place/Coracao+d%27Ouro/data=!4m10!3m9!1s0xd23287ce74f9a57:0x11f3fd210c6ae563!5m2!4m1!1i2!8m2!3d40.3981078!4d-7.9499838!16s%2Fg%2F11lgks8dk_!19sChIJV5pP53woIw0RY-VqDCH98xE?authuser=0&hl=fr&rclk=1
Luna Hotel de Tábua," Av. Professor Dr. Caeiro da Matta, 3420-335 Tábua, Portugal",Carregal do Sal+Portugal,Portugal,Hôtel avec spa,,"4,6", +351 235 249 170,https://www.lunahoteis.com/luna-tabua/,tabua@lunahoteis.com,,https://www.google.com/maps/place/Luna+Hotel+de+T%C3%A1bua/data=!4m10!3m9!1s0xd23278839f1a6c7:0x2f5225fe1b864af4!5m2!4m1!1i2!8m2!3d40.3608051!4d-8.0278221!16s%2Fg%2F11fszzg0_v!19sChIJx6bxOYgnIw0R9EqGG_4lUi8?authuser=0&hl=fr&rclk=1
Grande Hotel das Caldas da Felgueira," Av. António Marques, 3525-201 Vale de Madeiros, Portugal",Carregal do Sal+Portugal,Portugal,Hôtel avec spa,,"4,3", +351 232 941 740,http://www.grandehoteldafelgueira.pt/,geral@grandehoteldafelgueira.pt,,https://www.google.com/maps/place/Grande+Hotel+das+Caldas+da+Felgueira/data=!4m10!3m9!1s0xd232c2d45a3e3af:0xa9da12646f058c68!5m2!4m1!1i2!8m2!3d40.488263!4d-7.862149!16s%2Fg%2F1tdlwk1_!19sChIJr-OjRS0sIw0RaIwFb2QS2qk?authuser=0&hl=fr&rclk=1
Quinta do Rabaçal," Quinta do Rabaçal, Vila do Mato, 3420-149 Tábua, Portugal",Carregal do Sal+Portugal,Portugal,Hôtel avec spa,,"4,6", +351 967 223 395,https://www.quintarabacal.com/?utm_source=google&utm_medium=wix_google_business_profile&utm_campaign=1585336582009220659,quintarabacal@gmail.com,,https://www.google.com/maps/place/Quinta+do+Raba%C3%A7al/data=!4m10!3m9!1s0xd23262562f8a8ad:0x84bef34cb4d86306!5m2!4m1!1i2!8m2!3d40.410959!4d-7.9679015!16s%2Fg%2F11cnc22c74!19sChIJraj4YiUmIw0RBmPYtEzzvoQ?authuser=0&hl=fr&rclk=1
Puro Dão Hotel & Spa," R. Mondego, 3520-063 Nelas, Portugal",Carregal do Sal+Portugal,Portugal,Hôtel avec spa,,"4,6", +351 968 212 158,http://www.purodao.pt/,rececao@purodao.pt,,https://www.google.com/maps/place/Puro+D%C3%A3o+Hotel+%26+Spa/data=!4m10!3m9!1s0xd3cd347ec6fb047:0x9fb932a6da031cdd!5m2!4m1!1i2!8m2!3d40.5286771!4d-7.850512!16s%2Fg%2F11st_8d8v0!19sChIJR7Bv7EfTPA0R3RwD2qYyuZ8?authuser=0&hl=fr&rclk=1
Palacete Do Guerreiro Charme Hotel & SPA," Quinta dos Barbas, 3400-654 São Gião, Portugal",Carregal do Sal+Portugal,Portugal,Hôtel avec spa,,"5,0", +351 968 358 625,https://www.palacetedoguerreiro.com/,manager@palacetedoguerreiro.com,,https://www.google.com/maps/place/Palacete+Do+Guerreiro+Charme+Hotel+%26+SPA/data=!4m10!3m9!1s0xd22d5bc20ca7d35:0xa13743348fc0e757!5m2!4m1!1i2!8m2!3d40.3367215!4d-7.8096426!16s%2Fg%2F11xnp3tb94!19sChIJNX3KILzVIg0RV-fAjzRDN6E?authuser=0&hl=fr&rclk=1
Carvalhal Spa," Mamouros, Portugal",Carregal do Sal+Portugal,Portugal,Centre thermal,,"4,4", +351 232 382 342,http://termasdocarvalhal.com/,geral@termasdocarvalhal.com,,https://www.google.com/maps/place/Carvalhal+Spa/data=!4m7!3m6!1s0xd235026ab818359:0xb8fac136168f3b58!8m2!3d40.8520383!4d-7.9318684!16s%2Fg%2F1hb_gs02_!19sChIJWYOBqyZQIw0RWDuPFjbB-rg?authuser=0&hl=fr&rclk=1
Centro de Saúde Carregal do Sal," R. Matilreira 6, Carregal do Sal, Portugal",Carregal do Sal+Portugal,Portugal,Centre thermal,Médecin,"3,4",,https://www.centrosaude.pt/viseu/centro-de-saude-de-carregal-do-sal,,https://www.linkedin.com/company/sns24lx,https://www.google.com/maps/place/Centro+de+Sa%C3%BAde+Carregal+do+Sal/data=!4m7!3m6!1s0xd232675d6c00001:0x22a5c786db10ef2a!8m2!3d40.4378407!4d-7.9862795!16s%2Fg%2F11txmznhvx!19sChIJAQDA1nUmIw0RKu8Q24bHpSI?authuser=0&hl=fr&rclk=1
Thermal Spa of Sangemil,,Carregal do Sal+Portugal,,Centre thermal,Spa,, +351 232 672 460,http://termasdesangemil.cm-tondela.pt/,termasdesangemil@cm-tondela.pt,,https://www.google.com/maps/place/Thermal+Spa+of+Sangemil/data=!4m4!3m3!1s0xca19408d093f5a9:0xdadbc3d56a24499b!16s%2Fg%2F11t7z9ffmf!19sChIJqfWT0AiUoQwRm0kkatXD29o?authuser=0&hl=fr&rclk=1
Piscine municipale," Carregal do Sal, Portugal",Carregal do Sal+Portugal,Portugal,Parc aquatique,Piscine municipale,"4,3", +351 232 960 495,,,,https://www.google.com/maps/place/Piscine+municipale/data=!4m7!3m6!1s0xd23267cea2763b3:0xa5d89cb2183032e3!8m2!3d40.430331!4d-7.9991403!16s%2Fg%2F11bxg3gz_2!19sChIJs2Mn6nwmIw0R4zIwGLKc2KU?authuser=0&hl=fr&rclk=1
"Body'S Beauty - Centro De Estética, Lda."," Rua Das Finaças, S/N, Carregal Do Sal, Viseu, Portugal",Carregal do Sal+Portugal,Portugal,Spa / bien-être,Institut de beauté,"5,0", +351 232 961 643,,,,"https://www.google.com/maps/place/Body%27S+Beauty+-+Centro+De+Est%C3%A9tica,+Lda./data=!4m7!3m6!1s0xd23267eb03addcf:0x8acb2bce927f097f!8m2!3d40.4346935!4d-7.9979695!16s%2Fg%2F1q62m7f7k!19sChIJz906sH4mIw0Rfwl_ks4ry4o?authuser=0&hl=fr&rclk=1"
Mediestética & Fisioterapia," Av. Dr. José Augusto Capelo n. 32 Bl A, 3430-056 Carregal do Sal, Portugal",Carregal do Sal+Portugal,Portugal,Spa / bien-être,Kinésithérapeute,"4,0", +351 968 600 882,,,,https://www.google.com/maps/place/Mediest%C3%A9tica+%26+Fisioterapia/data=!4m7!3m6!1s0xd2327b35d6c277b:0x638f568791b8956d!8m2!3d40.4351436!4d-7.9966354!16s%2Fg%2F11fqw0g812!19sChIJeydsXbMnIw0RbZW4kYdWj2M?authuser=0&hl=fr&rclk=1
Tree Life by Alexandra Nogueira," Av. Estação, Oliveirinha, 3430-399 Carregal do Sal, Portugal",Carregal do Sal+Portugal,Portugal,Spa / bien-être,Station thermale,"5,0", +351 964 075 092,,,,https://www.google.com/maps/place/Tree+Life+by+Alexandra+Nogueira/data=!4m7!3m6!1s0xd2325bf1cbc3b83:0xa7102a82b0fb9968!8m2!3d40.447225!4d-7.96857!16s%2Fg%2F11mlbcjwf7!19sChIJgzu8HL8lIw0RaJn7sIIqEKc?authuser=0&hl=fr&rclk=1
Termas de Monfortinho," Balneário Termal das, Termas de Monfortinho, 6060-072 Penha Garcia, Portugal",Monforte+Portugal,Portugal,Centre thermal,Station thermale,"4,2", +351 277 430 320,http://www.termasdemonfortinho.com/,,,https://www.google.com/maps/place/Termas+de+Monfortinho/data=!4m7!3m6!1s0xd3d90e18bf4ae8b:0xb2f3caa945cbbcbd!8m2!3d40.0010182!4d-6.8751735!16s%2Fg%2F12mkz58qq!19sChIJi670i-GQPQ0RvbzLRanK87I?authuser=0&hl=fr&rclk=1
Termas da Fadagosa de Nisa," Nisa, Portugal",Monforte+Portugal,Portugal,Centre thermal,Thermes,"4,1", +351 245 799 050,http://www.cm-nisa.pt/termasdenisa.html,,,https://www.google.com/maps/place/Termas+da+Fadagosa+de+Nisa/data=!4m7!3m6!1s0xd17f389ad384551:0xfcb8294e800e0ac9!8m2!3d39.4514398!4d-7.6960988!16s%2Fg%2F11bzr8ldjj!19sChIJUUU4rYnzFw0RyQoOgE4puPw?authuser=0&hl=fr&rclk=1
Termas da Sulfurea," Sitio das Termas, 7460-002 Cabeço de Vide, Portugal",Monforte+Portugal,Portugal,Centre thermal,,"4,3", +351 245 634 027,https://sites.google.com/view/termas-da-sulfurea/,,,https://www.google.com/maps/place/Termas+da+Sulfurea/data=!4m10!3m9!1s0xd179ced42f694a5:0xe32f2b14c7643bd8!5m2!4m1!1i2!8m2!3d39.135283!4d-7.5797296!16s%2Fg%2F11dfgrbvd5!19sChIJpZT2Qu2cFw0R2DtkxxQrL-M?authuser=0&hl=fr&rclk=1
Penafiel Park Hotel & Spa," R. Província de Pontevedra s/n, 4560-232 Penafiel, Portugal",Paços de Ferreira+Portugal,Portugal,Hôtel avec spa,,"4,3", +351 255 710 100,https://www.penafielparkhotelspa.com/,reservas@penafielparkhotelspa.com,,https://www.google.com/maps/place/Penafiel+Park+Hotel+%26+Spa/data=!4m10!3m9!1s0xd2491a283aa49bf:0x80fa747157a7839f!5m2!4m1!1i2!8m2!3d41.204557!4d-8.2756182!16s%2Fg%2F1vxcxpsx!19sChIJv0mqg6KRJA0Rn4OnV3F0-oA?authuser=0&hl=fr&rclk=1
Village Aparthotel by BOA," R. do Bonjardim 541, 4000-126 Porto, Portugal",Paços de Ferreira+Portugal,Portugal,Hôtel avec spa,,"4,8", +351 910 985 706,https://www.villagebyboa.com/,,https://www.linkedin.com/company/boa-hotels,https://www.google.com/maps/place/Village+Aparthotel+by+BOA/data=!4m10!3m9!1s0xd2464fba916dca9:0xfdfe0be663e3cc04!5m2!4m1!1i2!8m2!3d41.152122!4d-8.608281!16s%2Fg%2F11s_ddw6p9!19sChIJqdwWqftkJA0RBMzjY-YL_v0?authuser=0&hl=fr&rclk=1
TURIM Oporto Hotel," Praça Trindade 115, 4000-589 Porto, Portugal",Paços de Ferreira+Portugal,Portugal,Hôtel avec spa,,"4,5", +351 22 043 4080,https://turim-hotels.com/turim-oporto-hotel-pt/?partner=8048utm_source=google&utm_medium=organic&utm_campaign=MyBusiness&utm,oporto@turimhotels.com,,https://www.google.com/maps/place/TURIM+Oporto+Hotel/data=!4m10!3m9!1s0xd2464fc99a8270d:0x112a67d29e67a9d8!5m2!4m1!1i2!8m2!3d41.150633!4d-8.611086!16s%2Fg%2F11t9c6486k!19sChIJDSeomfxkJA0R2KlnntJnKhE?authuser=0&hl=fr&rclk=1
Hotel de Charme Quinta do Pinheiro," R. de Miraldo 262, 4590-390 Freamunde, Portugal",Paços de Ferreira+Portugal,Portugal,Hôtel avec spa,,"4,6", +351 255 870 097,http://www.hotelquintadopinheiro.com/,hotelcharme@hotelquintadopinheiro.com,,https://www.google.com/maps/place/Hotel+de+Charme+Quinta+do+Pinheiro/data=!4m10!3m9!1s0xd248d2e033fade5:0x3a36d216141b0fc4!5m2!4m1!1i2!8m2!3d41.2982044!4d-8.3402623!16s%2Fg%2F1v9v05n4!19sChIJ5a0_Ay6NJA0RxA8bFBbSNjo?authuser=0&hl=fr&rclk=1
Quinta Do Passal," R. de São João 279, 4590-163 Codessos, Portugal",Paços de Ferreira+Portugal,Portugal,Hôtel avec spa,,"4,5", +351 255 870 420,https://www.quintadopassal.com/,,,https://www.google.com/maps/place/Quinta+Do+Passal/data=!4m10!3m9!1s0xd24f2e5258bce2f:0xf33894fc22c40f82!5m2!4m1!1i2!8m2!3d41.3276146!4d-8.3437876!16s%2Fg%2F11b6d5c1w0!19sChIJL86LJeXyJA0Rgg_EIvyUOPM?authuser=0&hl=fr&rclk=1
Paços Ferrara Hotel," Av. 1º de Dezembro 137, 4590-505 Paços de Ferreira, Portugal",Paços de Ferreira+Portugal,Portugal,Hôtel avec spa,,"4,2", +351 255 962 548,http://www.pacosferrarahotel.com/,,,https://www.google.com/maps/place/Pa%C3%A7os+Ferrara+Hotel/data=!4m10!3m9!1s0xd248cbff67c8311:0xe92fc62b519d24cc!5m2!4m1!1i2!8m2!3d41.2770578!4d-8.3747858!16s%2Fg%2F1q5bp8bdk!19sChIJEYN89r-MJA0RzCSdUSvGL-k?authuser=0&hl=fr&rclk=1
Termas Caldas da Saúde," R. Termas 754, 4780-068 Santo Tirso, Portugal",Paços de Ferreira+Portugal,Portugal,Centre thermal,Thermes,"4,4", +351 252 860 860,http://www.caldasdasaude.pt/,,,https://www.google.com/maps/place/Termas+Caldas+da+Sa%C3%BAde/data=!4m7!3m6!1s0xd24f6075918f71f:0xfb6db41986e75ae9!8m2!3d41.3689594!4d-8.4795617!16s%2Fg%2F1tdhg8ls!19sChIJH_cYWQf2JA0R6Vrnhhm0bfs?authuser=0&hl=fr&rclk=1
Paços Health Club Ginásio Lda," R. 6 de Novembro 35 B R/C, 4590-869 Paços de Ferreira, Portugal",Paços de Ferreira+Portugal,Portugal,Centre thermal,Salle de fitness,"4,5", +351 912 523 574,https://pacoshealthclub.pt/,geral@pacoshealthclub.pt,,https://www.google.com/maps/place/Pa%C3%A7os+Health+Club+Gin%C3%A1sio+Lda/data=!4m7!3m6!1s0xd24f32b99f136fd:0xc28adfdd94f59dfb!8m2!3d41.2784394!4d-8.3691412!16s%2Fg%2F1tnjkv_m!19sChIJ_TbxmSvzJA0R-531lN3fisI?authuser=0&hl=fr&rclk=1
Thermal spa of Peso," Parque do Peso, 4960-207, Portugal",Paços de Ferreira+Portugal,Portugal,Centre thermal,Station thermale,"4,2", +351 251 404 404,http://www.termasdemelgaco.pt/,geraltermasdemelgaco@gmail.com,,https://www.google.com/maps/place/Thermal+spa+of+Peso/data=!4m7!3m6!1s0xd256568dbc18b6d:0x6e1a77c2ec343b77!8m2!3d42.1062323!4d-8.282035!16s%2Fg%2F11bw_4xtx0!19sChIJbYvB22hlJQ0Rdzs07MJ3Gm4?authuser=0&hl=fr&rclk=1
"Gespaços - Gestão de Equipamentos Municipais, E.M., S.A."," R. Cap. da Praça 145, 4590-570 Paços de Ferreira, Portugal",Paços de Ferreira+Portugal,Portugal,Centre thermal,Piscine municipale,"4,2", +351 255 868 860,http://www.gespacos.pt/,geral@gespacos.pt,,"https://www.google.com/maps/place/Gespa%C3%A7os+-+Gest%C3%A3o+de+Equipamentos+Municipais,+E.M.,+S.A./data=!4m7!3m6!1s0xd248c97a995fec9:0x4a0b4a1039394afe!8m2!3d41.273461!4d-8.383219!16s%2Fg%2F1q62k4w0n!19sChIJyf6VqZeMJA0R_ko5ORBKC0o?authuser=0&hl=fr&rclk=1"
Piscinas Exteriores Paços de Ferreira," R. Cap. da Praça 244, Paços de Ferreira, Portugal",Paços de Ferreira+Portugal,Portugal,Centre thermal,Piscine extérieure,"4,4", +351 255 868 860,http://www.gespacos.pt/index.php/equipamentos/pisc-pac-ferr,,,https://www.google.com/maps/place/Piscinas+Exteriores+Pa%C3%A7os+de+Ferreira/data=!4m7!3m6!1s0xd248c96fe36597d:0x88f3571f7db5bf22!8m2!3d41.2732198!4d-8.3827155!16s%2Fg%2F11c550s_3y!19sChIJfVk2_paMJA0RIr-1fR9X84g?authuser=0&hl=fr&rclk=1
Piscina Municipal de Paços de Ferreira," R. Cap. da Praça 246, 4590-555 Paços de Ferreira, Portugal",Paços de Ferreira+Portugal,Portugal,Centre thermal,Piscine municipale,"4,3", +351 255 868 860,http://www.gespacos.pt/index.php/equipamentos/pisc-pac-ferr,,,https://www.google.com/maps/place/Piscina+Municipal+de+Pa%C3%A7os+de+Ferreira/data=!4m7!3m6!1s0xd248c965c3b1be5:0xbdd5a8f14dbd13a6!8m2!3d41.2734261!4d-8.3820467!16s%2Fg%2F11b807nyrw!19sChIJ5Rs7XJaMJA0RphO9TfGo1b0?authuser=0&hl=fr&rclk=1
Parque aquático de Amarante," R. do Meixomil 41, Casal do Rei, 4595 Paços de Ferreira, Portugal",Paços de Ferreira+Portugal,Portugal,Parc aquatique,Parc,,,,,,https://www.google.com/maps/place/Parque+aqu%C3%A1tico+de+Amarante/data=!4m7!3m6!1s0xd248d0002829f1f:0xfb8b198f1e94ac62!8m2!3d41.2780303!4d-8.3882445!16s%2Fg%2F11nk8xd3sf!19sChIJH5-CAgCNJA0RYqyUHo8Zi_s?authuser=0&hl=fr&rclk=1
The Sailors Fun Park - Paços de Ferreira," Praceta Santa Eulália 17, 4590-530 Paços de Ferreira, Portugal",Paços de Ferreira+Portugal,Portugal,Parc aquatique,Parc à thème,"4,7", +351 916 499 220,https://www.facebook.com/funparkmatosinhos,,,https://www.google.com/maps/place/The+Sailors+Fun+Park+-+Pa%C3%A7os+de+Ferreira/data=!4m7!3m6!1s0xd248d4db21e630b:0x8e7a8406a1cdade8!8m2!3d41.2782281!4d-8.3727907!16s%2Fg%2F11wq3bt8m1!19sChIJC2Mesk2NJA0R6K3NoQaEeo4?authuser=0&hl=fr&rclk=1
Piscina Municipal de Freamunde," Freamunde, Portugal",Paços de Ferreira+Portugal,Portugal,Parc aquatique,Piscine municipale,"4,3", +351 255 865 280,http://www.gespacos.pt/,geral@gespacos.pt,,https://www.google.com/maps/place/Piscina+Municipal+de+Freamunde/data=!4m7!3m6!1s0xd248d3b1c889a05:0x8876a7e511bf86ff!8m2!3d41.2861697!4d-8.3397684!16s%2Fg%2F11cj_pkhlg!19sChIJBZqIHDuNJA0R_4a_EeWndog?authuser=0&hl=fr&rclk=1
Paços de Ferreira Urban Park," R. da Ribeirinha 125, 4590-555 Paços de Ferreira, Portugal",Paços de Ferreira+Portugal,Portugal,Parc aquatique,Parc,"4,6",,,,,https://www.google.com/maps/place/Pa%C3%A7os+de+Ferreira+Urban+Park/data=!4m7!3m6!1s0xd248c94efffffff:0x5917104f03ce4873!8m2!3d41.2742269!4d-8.378591!16s%2Fg%2F11bxf1drvm!19sChIJ____75SMJA0Rc0jOA08QF1k?authuser=0&hl=fr&rclk=1
Hotel Pico Terramar & SPA," R. Dr. Manuel de Arriaga, Areia Larga, 9950-302 Madalena, Portugal",Horta+Portugal,Portugal,Hôtel avec spa,,"4,5", +351 292 242 590,https://www.picoterramar.com/,,,https://www.google.com/maps/place/Hotel+Pico+Terramar+%26+SPA/data=!4m10!3m9!1s0xb478d002a4bd1a1:0x53fb818ffaf71070!5m2!4m1!1i2!8m2!3d38.5274046!4d-28.5349668!16s%2Fg%2F11xsnpbgg5!19sChIJodFLKgCNRwsRcBD3-o-B-1M?authuser=0&hl=fr&rclk=1
Azoris Faial Garden - Resort Hotel," R. Cônsul Dabney, 9901-856 Horta, Portugal",Horta+Portugal,Portugal,Hôtel avec spa,,"4,3", +351 292 207 400,https://www.azorishotels.com/faialgarden?utm_medium=organic&utm_source=google&utm_campaign=google-my-business&utm_term=google-local&utm_id=azoris-faial,centraldereservas@azorishotels.com,https://es.linkedin.com/company/azorishotels,https://www.google.com/maps/place/Azoris+Faial+Garden+-+Resort+Hotel/data=!4m10!3m9!1s0xb478ae040edaccb:0x6de91910cdfa644f!5m2!4m1!1i2!8m2!3d38.5306819!4d-28.6280897!16s%2Fg%2F1tf7hxwr!19sChIJy6ztQOCKRwsRT2T6zRAZ6W0?authuser=0&hl=fr&rclk=1
Hotel Horta," R. Marcelino Lima, 9900-122 Horta, Portugal",Horta+Portugal,Portugal,Centre thermal,,"4,0", +351 292 208 200,http://hotelhorta.pt/,reservas@hotelhorta.pt,,https://www.google.com/maps/place/Hotel+Horta/data=!4m10!3m9!1s0xb478ad7f06d385f:0x26e8bc78dd2b1374!5m2!4m1!1i2!8m2!3d38.5359429!4d-28.6293535!16s%2Fg%2F1tfd_2j4!19sChIJXzht8NeKRwsRdBMr3Xi86CY?authuser=0&hl=fr&rclk=1
Hotel do Canal," Largo Dr. Manuel de Arriaga, 9900-026 Horta, Portugal",Horta+Portugal,Portugal,Centre thermal,,"4,3", +351 292 202 120,https://www.bensaudehotels.com/hoteldocanal/?utm_source=google-my-business&utm_medium=organic&utm_campaign=hc_gmb,hc@bensaudehotels.pt,https://www.linkedin.com/company/bensaudehotels,https://www.google.com/maps/place/Hotel+do+Canal/data=!4m10!3m9!1s0xd23a1bf229db1df:0x25a6fe8746c2315e!5m2!4m1!1i2!8m2!3d38.528553!4d-28.627023!16s%2Fg%2F1tp28j_y!19sChIJ37GdIr-hIw0RXjHCRof-piU?authuser=0&hl=fr&rclk=1
Varadouro natural swimming pools," Varadouro, Capelo, Faial Island, Portugal",Horta+Portugal,Portugal,Parc aquatique,Piscine municipale,"4,7",,http://turismo.cmhorta.pt/index.php/pt/o-que-fazer/praias-e-banhos/piscinas-varadouro,,,https://www.google.com/maps/place/Varadouro+natural+swimming+pools/data=!4m7!3m6!1s0xb380de9e9382f61:0x123b433c9a48f894!8m2!3d38.5647392!4d-28.7743968!16s%2Fg%2F122xk_s5!19sChIJYS846ekNOAsRlPhImjxDOxI?authuser=0&hl=fr&rclk=1
Praia do Porto Pim," Horta, Portugal",Horta+Portugal,Portugal,Parc aquatique,Plage publique,"4,5",,,,,https://www.google.com/maps/place/Praia+do+Porto+Pim/data=!4m7!3m6!1s0xb478b1d4338e1c5:0x931ad0f8ce57e48!8m2!3d38.5248191!4d-28.6257208!16s%2Fg%2F11csplj2rf!19sChIJxeE4Qx2LRwsRSH7ljA-tMQk?authuser=0&hl=fr&rclk=1
Piscina Municipal," EN1-1A 9900, Conceição, 9900-000 Horta, Portugal",Horta+Portugal,Portugal,Parc aquatique,Piscine municipale,"4,2", +351 292 292 016,http://www.urbhorta.pt/,,,https://www.google.com/maps/place/Piscina+Municipal/data=!4m7!3m6!1s0xb478b25e9721c27:0x8de4575118688fad!8m2!3d38.5431678!4d-28.6188017!16s%2Fg%2F1tf6nfv9!19sChIJJxxy6SWLRwsRrY9oGFFX5I0?authuser=0&hl=fr&rclk=1
Estação de Peixes Vivos // Aquário do Porto Pim," Monte da Guia, 9900-124 Horta, Portugal",Horta+Portugal,Portugal,Parc aquatique,Aquarium,"4,4",,https://parquesnaturais.azores.gov.pt/pt/parques/3/centro/14,,,https://www.google.com/maps/place/Esta%C3%A7%C3%A3o+de+Peixes+Vivos+%2F%2F+Aqu%C3%A1rio+do+Porto+Pim/data=!4m7!3m6!1s0xb478ae2cc74f219:0x72a2871a68734576!8m2!3d38.5225698!4d-28.6283775!16s%2Fg%2F11cncmjfsx!19sChIJGfJ0zOKKRwsRdkVzaBqHonI?authuser=0&hl=fr&rclk=1
PÁTIO Ecolodge," Quinta do Moinho, R. da Igreja, 9900-341 Cedros, Portugal",Horta+Portugal,Portugal,Thalassothérapie,,"4,6", +351 292 946 805,http://www.patio.pt/,booking@patio.pt,,https://www.google.com/maps/place/P%C3%81TIO+Ecolodge/data=!4m10!3m9!1s0xb478ad7f06d385f:0xd7b47bbe0d616ed2!5m2!4m1!1i2!8m2!3d38.631765!4d-28.692877!16s%2Fg%2F11_tgybp8!19sChIJXzht8NeKRwsR0m5hDb57tNc?authuser=0&hl=fr&rclk=1
Restaurante Varanda da Horta," Garden - Resort Hotel, Azoris Faial, R. Cônsul Dabney, 9901-856 Horta, Portugal",Horta+Portugal,Portugal,Thalassothérapie,Restaurant,"3,9", +351 292 207 400,http://www.azorishotels.com/faialgarden/restaurante-e-bar,rececao.faial@azorishotels.com,https://es.linkedin.com/company/azorishotels,https://www.google.com/maps/place/Restaurante+Varanda+da+Horta/data=!4m7!3m6!1s0xb478bf316a77799:0x2be957ff2ba1a62f!8m2!3d38.5306259!4d-28.6278766!16s%2Fg%2F11hdq394jk!19sChIJmXenFvOLRwsRL6ahK_9X6Ss?authuser=0&hl=fr&rclk=1
Atlantic Spa - Hotel do Caracol," Hotel do Caracol Silveira, EN1-1A Estrada Regional, N 1, 1° piso, 9700-193 Angra do Heroísmo, Portugal",Horta+Portugal,Portugal,Thalassothérapie,Spa,"4,9", +351 924 885 475,http://www.atlanticspa.pt/,geral@atlanticspa.pt,,https://www.google.com/maps/place/Atlantic+Spa+-+Hotel+do+Caracol/data=!4m7!3m6!1s0xb467fe129908649:0xdc02968a3eed5fbd!8m2!3d38.6568036!4d-27.2364799!16s%2Fg%2F11pzvjrk19!19sChIJSYaQKeF_RgsRvV_tPoqWAtw?authuser=0&hl=fr&rclk=1
Hotel Vila Galé Alentejo Vineyards," Herdade da Figueirinha - Santa Vitória, 7800-730 Beja, Portugal",Aljustrel+Portugal,Portugal,Hôtel avec spa,,"4,5", +351 284 970 100,https://www.vilagale.com/pt-pt/hoteis-portugal/hoteis-alentejo/vila-gale-alentejo-vineyards/,campo@vilagale.com,https://www.linkedin.com/company/vila-gale-s-a-,https://www.google.com/maps/place/Hotel+Vila+Gal%C3%A9+Alentejo+Vineyards/data=!4m10!3m9!1s0xd1a748693834191:0x8daa5edfddb8917c!5m2!4m1!1i2!8m2!3d37.8891144!4d-8.0205376!16s%2Fg%2F11g69hh9kw!19sChIJkUGDk4Z0Gg0RfJG43d9eqo0?authuser=0&hl=fr&rclk=1
Herdade da Malhadinha Nova Country House & Spa," Herdade da Malhadinha Nova, 7800-601 Albernoa, Portugal",Aljustrel+Portugal,Portugal,Hôtel avec spa,,"4,6", +351 284 965 432,https://www.malhadinhanova.pt/pt/,,,https://www.google.com/maps/place/Herdade+da+Malhadinha+Nova+Country+House+%26+Spa/data=!4m10!3m9!1s0xd1a64e374e9fc6d:0x29a3fc770d28464!5m2!4m1!1i2!8m2!3d37.8213733!4d-7.9783449!16s%2Fg%2F1hc77d0pl!19sChIJbfzpdONkGg0RZITScMc_mgI?authuser=0&hl=fr&rclk=1
Herdade da Malhadinha Nova Country House & Spa," Herdade da Malhadinha Nova, 7800-601 Albernoa, Portugal",Aljustrel+Portugal,Portugal,Hôtel avec spa,,"4,6", +351 284 965 432,https://www.malhadinhanova.pt/pt/,,,https://www.google.com/maps/place/Herdade+da+Malhadinha+Nova+Country+House+%26+Spa/data=!4m10!3m9!1s0xd1a64c3ad4b96b9:0x29a3fc770d28464!5m2!4m1!1i2!8m2!3d37.821373!4d-7.978345!16s%2Fg%2F1hc77d0pl!19sChIJuZZLrcNkGg0RZITScMc_mgI?authuser=0&hl=fr&rclk=1
Hotel Vila Galé Alentejo Vineyards," Herdade da Figueirinha - Santa Vitória, 7800-730 Beja, Portugal",Aljustrel+Portugal,Portugal,Hôtel avec spa,,"4,5", +351 284 970 100,https://www.vilagale.com/pt-pt/hoteis-portugal/hoteis-alentejo/vila-gale-alentejo-vineyards/,campo@vilagale.com,https://www.linkedin.com/company/vila-gale-s-a-,https://www.google.com/maps/place/Hotel+Vila+Gal%C3%A9+Alentejo+Vineyards/data=!4m10!3m9!1s0xd1a6f694034d2d3:0x8daa5edfddb8917c!5m2!4m1!1i2!8m2!3d37.889114!4d-8.020538!16s%2Fg%2F11g69hh9kw!19sChIJ09I0QGlvGg0RfJG43d9eqo0?authuser=0&hl=fr&rclk=1
Aljustrel Castle," R. Nossa Sra. do Castelo, Aljustrel, Portugal",Aljustrel+Portugal,Portugal,Centre thermal,Fabricant,"4,5", +351 284 602 193,,,,https://www.google.com/maps/place/Aljustrel+Castle/data=!4m7!3m6!1s0xd1a42dcc0fb5763:0x89cbb57a8918313c!8m2!3d37.8812384!4d-8.1671558!16s%2Fm%2F0h68676!19sChIJY1f7wNxCGg0RPDEYiXq1y4k?authuser=0&hl=fr&rclk=1
Parque Mineiro de Aljustrel," Bairro do Vale da Oca, 7600-020 Aljustrel, Portugal",Aljustrel+Portugal,Portugal,Centre thermal,Musée en plein air,"4,7", +351 284 009 131,http://www.parquemineiroaljustrel.pt/,geral@mun-aljustrel.pt,,https://www.google.com/maps/place/Parque+Mineiro+de+Aljustrel/data=!4m7!3m6!1s0xd1a438d142e80fd:0x2438ea9ed27d3d06!8m2!3d37.868745!4d-8.1635504!16s%2Fg%2F11gmv06jwz!19sChIJ_YAuFI1DGg0RBj190p7qOCQ?authuser=0&hl=fr&rclk=1
Hotel Villa Aljustrel," R. Gen. Humberto Delgado nº 5, 7600-099 Aljustrel, Portugal",Aljustrel+Portugal,Portugal,Centre thermal,,"4,3", +351 284 600 800,https://www.flagworldhotels.com/flag-hotel-aljustrel.html?utm_medium=organic&utm_source=google&utm_campaign=google-my-business&utm_term=google-local&utm_id=flagworld-aljustrel,booking@maarlab.com,,https://www.google.com/maps/place/Hotel+Villa+Aljustrel/data=!4m10!3m9!1s0xd1a42c45cf498a7:0xdfd29b02e3124919!5m2!4m1!1i2!8m2!3d37.8789134!4d-8.1632635!16s%2Fg%2F11btm09rlj!19sChIJp5j0XMRCGg0RGUkS4wKb0t8?authuser=0&hl=fr&rclk=1
Museu Municipal de Arqueologia de Aljustrel," R. de São João de Deus 19, 7600-116 Aljustrel, Portugal",Aljustrel+Portugal,Portugal,Centre thermal,Musée,"4,2", +351 284 600 070,http://mun-aljustrel.pt/menu/288/apresentacao.aspx,geral@mun-aljustrel.pt,,https://www.google.com/maps/place/Museu+Municipal+de+Arqueologia+de+Aljustrel/data=!4m7!3m6!1s0xd1a42c37df013bf:0xf0fa29b3e571c061!8m2!3d37.8803997!4d-8.164294!16s%2Fg%2F12hk40n87!19sChIJvxPwfcNCGg0RYcBx5bMp-vA?authuser=0&hl=fr&rclk=1
Garden April 25," Av. 1º de Maio, 7600-010 Aljustrel, Portugal",Aljustrel+Portugal,Portugal,Parc aquatique,Parc,"4,4",,http://www.mun-aljustrel.pt/,geral@mun-aljustrel.pt,,https://www.google.com/maps/place/Garden+April+25/data=!4m7!3m6!1s0xd1a42c5b984ed5f:0x39cfaa9b37c16617!8m2!3d37.8781213!4d-8.1619285!16s%2Fg%2F119x3pf19!19sChIJX-2EucVCGg0RF2bBN5uqzzk?authuser=0&hl=fr&rclk=1
Piscinas Municipais," R. da Quadra, 7600-000 Aljustrel, Portugal",Aljustrel+Portugal,Portugal,Parc aquatique,Piscine municipale,"4,6", +351 284 600 079,https://www.mun-aljustrel.pt/,geral@mun-aljustrel.pt,,https://www.google.com/maps/place/Piscinas+Municipais/data=!4m7!3m6!1s0xd1a42c6780fd28f:0x16239fc64b70195d!8m2!3d37.8769302!4d-8.1608495!16s%2Fg%2F11g9jwh6hl!19sChIJj9IPeMZCGg0RXRlwS8afIxY?authuser=0&hl=fr&rclk=1
Centro Terapêutico de Saúde e Bem Estar," R. 5 de Outubro 128, 7600-014 Aljustrel, Portugal",Aljustrel+Portugal,Portugal,Thalassothérapie,Boutique de santé et beauté,"5,0", +351 914 384 098,http://www.facebook.com/Centro-Terap%C3%AAutico-de-Sa%C3%BAde-e-Bem-Estar-178208482789006,,,https://www.google.com/maps/place/Centro+Terap%C3%AAutico+de+Sa%C3%BAde+e+Bem+Estar/data=!4m7!3m6!1s0xd1a433fb6a5b133:0xa5ecccb092efa3e2!8m2!3d37.8772962!4d-8.1652411!16s%2Fg%2F11fjyvwpdz!19sChIJM7Gltj9DGg0R4qPvkrDM7KU?authuser=0&hl=fr&rclk=1
Vila Galé Collection Monte do Vilar," Herdade da Figueirinha, 7800-730 Mina da Juliana, Portugal",Aljustrel+Portugal,Portugal,Thalassothérapie,,"4,7", +351 21 246 0650,https://www.vilagale.com/pt-pt/hoteis-portugal/hoteis-alentejo/vila-gale-collection-monte-do-vilar/,montevilar.recepcao1@vilagale.com,https://www.linkedin.com/company/vila-gale-s-a-,https://www.google.com/maps/place/Vila+Gal%C3%A9+Collection+Monte+do+Vilar/data=!4m10!3m9!1s0xd1a69e49b61975d:0x38417928404aafa8!5m2!4m1!1i2!8m2!3d37.8950227!4d-8.0498716!16s%2Fg%2F11sk0f93jf!19sChIJXZdhm-RpGg0RqK9KQCh5QTg?authuser=0&hl=fr&rclk=1
Hotel aljustrel 2," Monte dos Poços Carregueiro, Aljustrel, 7600-171 Beja, Portugal",Aljustrel+Portugal,Portugal,Thalassothérapie,,"4,3", +351 284 010 559,,,,https://www.google.com/maps/place/Hotel+aljustrel+2/data=!4m10!3m9!1s0xd1a61242287ebc9:0xcf6e14a2b804596b!5m2!4m1!1i2!8m2!3d37.8132983!4d-8.1013908!16s%2Fg%2F11xg4gk5x!19sChIJyeuHIiRhGg0Ra1kEuKIUbs8?authuser=0&hl=fr&rclk=1
Monte do Giestal - Casas de Campo & Spa," Bric 801 . Cova do Gato, 7540-031, Portugal",Aljustrel+Portugal,Portugal,Thalassothérapie,,"4,8", +351 269 902 068,https://montedogiestal.com/,geral@montedogiestal.com,,https://www.google.com/maps/place/Monte+do+Giestal+-+Casas+de+Campo+%26+Spa/data=!4m10!3m9!1s0xd1bcaa1d80c199f:0xe300ce99282ad5c6!5m2!4m1!1i2!8m2!3d38.0119444!4d-8.5061111!16s%2Fg%2F1tgffmzv!19sChIJnxkM2KHKGw0RxtUqKJnOAOM?authuser=0&hl=fr&rclk=1
Monte Beato," Unnamed Rd,, Almodôvar, Portugal",Almodôvar+Portugal,Portugal,Centre thermal,,"4,4",,http://www.montedobeato.portugaljourney.com/,,,https://www.google.com/maps/place/Monte+Beato/data=!4m10!3m9!1s0xd1a8deebfd0a3d3:0xa50145663015d78!5m2!4m1!1i2!8m2!3d37.5481491!4d-8.0617037!16s%2Fg%2F11ck6t9kmr!19sChIJ06PQv-6NGg0ReF0BY1YUUAo?authuser=0&hl=fr&rclk=1
Municipal pools of Almodovar," Almodôvar, Portugal",Almodôvar+Portugal,Portugal,Parc aquatique,Centre aquatique,"4,5", +351 286 660 220,https://cm-almodovar.pt/atividades/desporto/escola-de-natacao/,geral@cm-almodovar.pt,,https://www.google.com/maps/place/Municipal+pools+of+Almodovar/data=!4m7!3m6!1s0xd1a920e45155b13:0x2aeb8ccd3b15b0c1!8m2!3d37.5248741!4d-8.0609289!16s%2Fg%2F11dflrhycr!19sChIJE1sVRQ6SGg0RwbAVO82M6yo?authuser=0&hl=fr&rclk=1
Joe & Vera's Vintage Place," R. da Matriz, 9980-020 Corvo, Portugal",Corvo+Portugal,Portugal,Hôtel avec spa,,"4,8", +351 914 112 097,https://www.joeveraplace.pt/,reservas@joeveraplace.pt,,https://www.google.com/maps/place/Joe+%26+Vera%27s+Vintage+Place/data=!4m10!3m9!1s0xb323870c2d59b99:0xea2368fed391a6ce!5m2!4m1!1i2!8m2!3d39.6721539!4d-31.1115388!16s%2Fg%2F11g8whsny0!19sChIJmZvVwnA4MgsRzqaR0_5oI-o?authuser=0&hl=fr&rclk=1
Hotel Comodoro," Caminho da Várzea, 9980-034 Corvo, Portugal",Corvo+Portugal,Portugal,Hôtel avec spa,,"4,6", +351 917 763 056,https://booking.roomraccoon.pt/hotel-comodoro/pt/,,,https://www.google.com/maps/place/Hotel+Comodoro/data=!4m10!3m9!1s0xb323870cbfd7d5b:0x245b945f0f3151f0!5m2!4m1!1i2!8m2!3d39.6727244!4d-31.1151395!16s%2Fg%2F11b73qwdw_!19sChIJW339y3A4MgsR8FExD1-UWyQ?authuser=0&hl=fr&rclk=1
Sand Beach," Vila do Corvo, Portugal",Corvo+Portugal,Portugal,Centre thermal,,"4,6",,,,,https://www.google.com/maps/place/Sand+Beach/data=!4m7!3m6!1s0xb32387ee30135cb:0xdf884ff7a26f7db4!8m2!3d39.6724569!4d-31.1214697!16s%2Fg%2F11g6vjx9cy!19sChIJyzUB4344MgsRtH1vovdPiN8?authuser=0&hl=fr&rclk=1
Centro de Interpretação Ambiental da Caldeira Velha," Estrada Regional da Lagoa do Fogo, 9600-590 Ribeira Grande, Portugal",Corvo+Portugal,Portugal,Centre thermal,Réserve naturelle,"4,4", +351 296 704 669,https://parquesnaturais.azores.gov.pt/pt/parques/9/centro/21,,,https://www.google.com/maps/place/Centro+de+Interpreta%C3%A7%C3%A3o+Ambiental+da+Caldeira+Velha/data=!4m7!3m6!1s0xb5cd7be9ce48e21:0xca7fe7f188e52b3d!8m2!3d37.7842955!4d-25.5009788!16s%2Fg%2F12321gx4!19sChIJIY7knL7XXAsRPSvliPHnf8o?authuser=0&hl=fr&rclk=1
Centro de Interpretação de Aves Selvagens do Corvo," Canada do Graciosa s/n, 9980-031 Corvo, Portugal",Corvo+Portugal,Portugal,Centre thermal,Centre d'information,"4,5", +351 292 596 051,https://parquesnaturais.azores.gov.pt/pt/parques/1/centro/4,,,https://www.google.com/maps/place/Centro+de+Interpreta%C3%A7%C3%A3o+de+Aves+Selvagens+do+Corvo/data=!4m7!3m6!1s0xb3238773c7099eb:0xbdf3f3aa71028c20!8m2!3d39.673707!4d-31.111944!16s%2Fg%2F11by_zsjz3!19sChIJ65lwPHc4MgsRIIwCcarz870?authuser=0&hl=fr&rclk=1
Ponta da Ferraria," Rua Ilha Sabrina, Ginetes, Portugal",Corvo+Portugal,Portugal,Centre thermal,Thermes,"4,6",,https://parquesnaturais.azores.gov.pt/pt/parques/9/areasprotegidas/109,,,https://www.google.com/maps/place/Ponta+da+Ferraria/data=!4m7!3m6!1s0xb4330743c9cf6bf:0xb718512d2fed822b!8m2!3d37.858382!4d-25.8522698!16s%2Fg%2F121rpwyz!19sChIJv_acPHQwQwsRK4LtLy1RGLc?authuser=0&hl=fr&rclk=1
Miradouro Caldeirão," Vila do Corvo, Portugal",Corvo+Portugal,Portugal,Centre thermal,Point de vue,"4,8",,,,,https://www.google.com/maps/place/Miradouro+Caldeir%C3%A3o/data=!4m7!3m6!1s0xb3247c64431b089:0x879034d2fad8e6d5!8m2!3d39.708304!4d-31.0985026!16s%2Fg%2F11gdqtw28v!19sChIJibAxRMZHMgsR1ebY-tI0kIc?authuser=0&hl=fr&rclk=1
Sazorea," R. da Fonte, 9980-021 Corvo, Portugal",Corvo+Portugal,Portugal,Thalassothérapie,Fournisseur de produits de beauté,"5,0",,https://sazorea.com/,logo_menu@4x.webp,,https://www.google.com/maps/place/Sazorea/data=!4m7!3m6!1s0xb32391d728c3aed:0xfeafc530c818d37e!8m2!3d39.6737902!4d-31.111045!16s%2Fg%2F11vqv4ddtd!19sChIJ7TqMch05MgsRftMYyDDFr_4?authuser=0&hl=fr&rclk=1
"Senhora da Rosa, Tradition & Nature Hotel"," R. da Sra. da Rosa 3, 9500-450 Ponta Delgada, Portugal",Ribeira Grande+Portugal,Portugal,Hôtel avec spa,,"4,6", +351 296 100 900,http://www.senhoradarosa.com/?utm_medium=organic&utm_source=google&utm_campaign=google-my-business&utm_term=google-local,sales@senhoradarosa.com,,"https://www.google.com/maps/place/Senhora+da+Rosa,+Tradition+%26+Nature+Hotel/data=!4m10!3m9!1s0xb5cd514eb9e4333:0x3069bff307315f46!5m2!4m1!1i2!8m2!3d37.7579884!4d-25.6399856!16s%2Fg%2F11h8jc2qmd!19sChIJM0Oe6xTVXAsRRl8xB_O_aTA?authuser=0&hl=fr&rclk=1"
Pedras do Mar Resort & SPA," Rua das Tercas 3, 9545-228 Ponta Delgada, Portugal",Ribeira Grande+Portugal,Portugal,Hôtel avec spa,,"4,5", +351 296 249 300,http://pedrasdomar.com/,reservas@pedrasdomar.com,,https://www.google.com/maps/place/Pedras+do+Mar+Resort+%26+SPA/data=!4m10!3m9!1s0xb5cd3767cd6b1db:0x71fdd87b76e84323!5m2!4m1!1i2!8m2!3d37.826275!4d-25.618227!16s%2Fg%2F11cnxyr54q!19sChIJ27HWfHbTXAsRI0PodnvY_XE?authuser=0&hl=fr&rclk=1
Vila Gale Collection S. Miguel," Campo de São Francisco, 9500-199 Ponta Delgada, Portugal",Ribeira Grande+Portugal,Portugal,Hôtel avec spa,,"4,5", +351 296 240 430,https://www.vilagale.com/pt-pt/hoteis-portugal/hoteis-acores/vila-gale-collection-sao-miguel/,saomiguel@vilagale.com,https://www.linkedin.com/company/vila-gale-s-a-,https://www.google.com/maps/place/Vila+Gale+Collection+S.+Miguel/data=!4m10!3m9!1s0xb432ab7a797de15:0x637029d3528528a0!5m2!4m1!1i2!8m2!3d37.7370712!4d-25.6734765!16s%2Fg%2F11sk911fn1!19sChIJFd6Xp7cqQwsRoCiFUtMpcGM?authuser=0&hl=fr&rclk=1
Hotel Verde Mar & Spa - Açorsonho Hotels & Resorts," Rua, Av. Dr. José Nunes da Ponte, 9600-525 Ribeira Grande, Portugal",Ribeira Grande+Portugal,Portugal,Hôtel avec spa,,"4,5", +351 296 247 710,http://www.verdemarhotel.com/,reservas@verdemarhotel.com,,https://www.google.com/maps/place/Hotel+Verde+Mar+%26+Spa+-+A%C3%A7orsonho+Hotels+%26+Resorts/data=!4m10!3m9!1s0xb5cd784aed7c16b:0xe5088ea22d6c562d!5m2!4m1!1i2!8m2!3d37.8208071!4d-25.5286368!16s%2Fg%2F11fjx3ch4_!19sChIJa8HXroTXXAsRLVZsLaKOCOU?authuser=0&hl=fr&rclk=1
Santa Barbara Eco-Beach Resort," Estrada Regional nº1, 1º Morro de Baixo, 9600-219 Ribeira Grande, Portugal",Ribeira Grande+Portugal,Portugal,Hôtel avec spa,,"4,5", +351 296 470 360,http://www.santabarbaraazores.com/,resort@santabarbaraazores.com,,https://www.google.com/maps/place/Santa+Barbara+Eco-Beach+Resort/data=!4m10!3m9!1s0xb5cd6bbfef99f8b:0xab1eaa5df70e5359!5m2!4m1!1i2!8m2!3d37.8149854!4d-25.5505317!16s%2Fg%2F11b7vxdlv7!19sChIJi5_5_rvWXAsRWVMO912qHqs?authuser=0&hl=fr&rclk=1
Azoris Royal Garden - Leisure & Conference Hotel," R. de Lisboa, 9500-216 Ponta Delgada, Portugal",Ribeira Grande+Portugal,Portugal,Hôtel avec spa,,"4,5", +351 296 307 300,https://www.azorishotels.com/royalgarden?utm_medium=organic&utm_source=google&utm_campaign=google-my-business&utm_term=google-local&utm_id=azoris-royal,centraldereservas@azorishotels.com,https://es.linkedin.com/company/azorishotels,https://www.google.com/maps/place/Azoris+Royal+Garden+-+Leisure+%26+Conference+Hotel/data=!4m10!3m9!1s0xb432ac79eb013b7:0xd62c28dcdb32308c!5m2!4m1!1i2!8m2!3d37.7389696!4d-25.6768912!16s%2Fg%2F1hc4vb6kg!19sChIJtxOwnscqQwsRjDAy29woLNY?authuser=0&hl=fr&rclk=1
MINUVIDA ORCHARD LODGE," Rua de São João 48, 9600-095 Rabo de Peixe, Portugal",Ribeira Grande+Portugal,Portugal,Hôtel avec spa,,"4,8", +351 919 315 291,http://www.minuvida.com/,,,https://www.google.com/maps/place/MINUVIDA+ORCHARD+LODGE/data=!4m10!3m9!1s0xb5cd43ce38b2bb1:0xe6e4e3d996f7d383!5m2!4m1!1i2!8m2!3d37.797754!4d-25.581894!16s%2Fg%2F11b7r7msct!19sChIJsSuL4zzUXAsRg9P3ltnj5OY?authuser=0&hl=fr&rclk=1
Mercure Ponta Delgada Azores," R. Machado dos Santos 82, 9500-083 Ponta Delgada, Portugal",Ribeira Grande+Portugal,Portugal,Hôtel avec spa,,"4,9", +351 296 102 424,https://all.accor.com/lien_externe.svlt?goto=fiche_hotel&code_hotel=B366&merchantid=seo-maps-PT-B366&sourceid=aw-cen&utm_medium=seo%20maps&utm_source=google%20Maps&utm_campaign=seo%20maps,hb366@accor.com,https://www.linkedin.com/company/all-accorlivelimitless,https://www.google.com/maps/place/Mercure+Ponta+Delgada+Azores/data=!4m10!3m9!1s0xb432b4833632df7:0x62c6adbd7ea12428!5m2!4m1!1i2!8m2!3d37.7406162!4d-25.6700739!16s%2Fg%2F11lthzj42z!19sChIJ9y1jM0grQwsRKCShfr2txmI?authuser=0&hl=fr&rclk=1
Delta Hotels Azores," Estr. Regional da Ribeira Grande s/n, 9500-702 Ponta Delgada, Portugal",Ribeira Grande+Portugal,Portugal,Hôtel avec spa,,"4,9", +351 296 241 290,https://www.marriott.com/en-us/hotels/pdlde-delta-hotels-azores/overview/?scid=f2ae0541-1279-4f24-b197-a979c79310b0,,,https://www.google.com/maps/place/Delta+Hotels+Azores/data=!4m10!3m9!1s0xb5cd518f76c84fb:0x8d15d1c582959520!5m2!4m1!1i2!8m2!3d37.7488139!4d-25.6455941!16s%2Fg%2F11wbtq6jsz!19sChIJ-4Rs9xjVXAsRIJWVgsXRFY0?authuser=0&hl=fr&rclk=1
Antillia Hotel," R. do Negrāo 31, 9500-334 Ponta Delgada, Portugal",Ribeira Grande+Portugal,Portugal,Hôtel avec spa,,"4,3", +351 296 206 000,http://www.aparthotel-antillia.com/,reservas@antilliahotel.com,https://www.linkedin.com/company/ciprotur-hotel-group,https://www.google.com/maps/place/Antillia+Hotel/data=!4m10!3m9!1s0xb5cd54a82c2cfbd:0x1658dcb0de662d4d!5m2!4m1!1i2!8m2!3d37.7425263!4d-25.6603746!16s%2Fg%2F1tg4mmg0!19sChIJvc_CgkrVXAsRTS1m3rDcWBY?authuser=0&hl=fr&rclk=1
Hotel Marina Atlântico," Av. João Bosco Mota Amaral n.º1, 767, 9500-767 Ponta Delgada, Portugal",Ribeira Grande+Portugal,Portugal,Hôtel avec spa,,"4,4", +351 296 307 900,https://www.bensaudehotels.com/hotelmarinaatlantico/?utm_source=google-my-business&utm_medium=organic&utm_campaign=hma_gmb,hma@bensaudehotels.pt,https://www.linkedin.com/company/bensaudehotels,https://www.google.com/maps/place/Hotel+Marina+Atl%C3%A2ntico/data=!4m10!3m9!1s0xb5cd54ac56aa0ab:0xedfc5ec9a86be139!5m2!4m1!1i2!8m2!3d37.7411201!4d-25.6606933!16s%2Fg%2F1hc2xjp27!19sChIJq6BqxUrVXAsROeFrqMle_O0?authuser=0&hl=fr&rclk=1
NINE DOTS Azorean Art Boutique Hotel," R. dos Mercadores 76, 9500-092 Ponta Delgada, Portugal",Ribeira Grande+Portugal,Portugal,Hôtel avec spa,,"4,6", +351 296 242 579,https://ninedotsazores.com/,info@ninedotsazores.com,,https://www.google.com/maps/place/NINE+DOTS+Azorean+Art+Boutique+Hotel/data=!4m10!3m9!1s0xb432b4296631683:0x996687aadc05fa9c!5m2!4m1!1i2!8m2!3d37.7404687!4d-25.6662884!16s%2Fg%2F11l1fqmy23!19sChIJgxZjlkIrQwsRnPoF3KqHZpk?authuser=0&hl=fr&rclk=1
Pedras do Mar Resort & SPA," Rua das Tercas 3, 9545-228 Ponta Delgada, Portugal",Ribeira Grande+Portugal,Portugal,Hôtel avec spa,,"4,5", +351 296 249 300,http://pedrasdomar.com/,reservas@pedrasdomar.com,,https://www.google.com/maps/place/Pedras+do+Mar+Resort+%26+SPA/data=!4m10!3m9!1s0xb5cd37677aafbcd:0x71fdd87b76e84323!5m2!4m1!1i2!8m2!3d37.8262748!4d-25.618227!16s%2Fg%2F11cnxyr54q!19sChIJzfuqd3bTXAsRI0PodnvY_XE?authuser=0&hl=fr&rclk=1
Golden Mermaid Villa," Av. Joaquim Maria Cabral 19, 9600-313 Ribeirinha, Portugal",Ribeira Grande+Portugal,Portugal,Hôtel avec spa,,"5,0", +351 924 115 734,http://goldenmermaidvilla.com/,tiger@soloseniorcoliving.com,,https://www.google.com/maps/place/Golden+Mermaid+Villa/data=!4m10!3m9!1s0xb5cd7007798ea67:0x8bd6a96a41a3f143!5m2!4m1!1i2!8m2!3d37.8263469!4d-25.4964791!16s%2Fg%2F11xtxwtgqp!19sChIJZ-qYdwDXXAsRQ_GjQWqp1os?authuser=0&hl=fr&rclk=1
Hotel Ponta Delgada," R. João Francisco Cabral 49, 9500-208 Ponta Delgada, Portugal",Ribeira Grande+Portugal,Portugal,Hôtel avec spa,,"4,2", +351 296 209 480,http://www.hotelpdl.com/,reservas@hotelpdl.com,https://www.linkedin.com/company/ciprotur-hotel-group,https://www.google.com/maps/place/Hotel+Ponta+Delgada/data=!4m10!3m9!1s0xb432acb9c1ca967:0x10daec551cc14231!5m2!4m1!1i2!8m2!3d37.7375932!4d-25.6754977!16s%2Fg%2F1thw3d0y!19sChIJZ6kcnMsqQwsRMULBHFXs2hA?authuser=0&hl=fr&rclk=1
Aqua - Pópulo Eco Village," Estr. Regional do Pópulo 115, 9500-609, Portugal",Ribeira Grande+Portugal,Portugal,Hôtel avec spa,,"4,5", +351 964 087 883,https://aquapopulo.com/,,,https://www.google.com/maps/place/Aqua+-+P%C3%B3pulo+Eco+Village/data=!4m10!3m9!1s0xb5cd5757e0a8565:0x4c18f847de2a0463!5m2!4m1!1i2!8m2!3d37.7510452!4d-25.6157112!16s%2Fg%2F11fmljbrcs!19sChIJZYUKfnXVXAsRYwQq3kf4GEw?authuser=0&hl=fr&rclk=1
DoubleTree by Hilton Lagoa Azores," Y Gama, Avenida da Inovação, 9560-421 Lagoa, Portugal",Ribeira Grande+Portugal,Portugal,Hôtel avec spa,,"4,5", +351 296 922 000,https://www.hilton.com/en/hotels/pdlladi-doubletree-lagoa-azores/?SEO_id=GMB-EMEA-DI-PDLLADI,,,https://www.google.com/maps/place/DoubleTree+by+Hilton+Lagoa+Azores/data=!4m10!3m9!1s0xb5cd5032ca54905:0x995202771ac211ee!5m2!4m1!1i2!8m2!3d37.7494803!4d-25.5810652!16s%2Fg%2F11vt669r5r!19sChIJBUmlLAPVXAsR7hHCGncCUpk?authuser=0&hl=fr&rclk=1
Azores Homes Resort & Spa," Caminho da Abelheira de Cima 7B Faja de Baixo, 9500-459 Ponta Delgada, Portugal",Ribeira Grande+Portugal,Portugal,Hôtel avec spa,,"5,0", +351 927 033 210,https://azoreshomes.pt/,,,https://www.google.com/maps/place/Azores+Homes+Resort+%26+Spa/data=!4m10!3m9!1s0xb5cd51ca3903ddf:0x412d2af69e46d06d!5m2!4m1!1i2!8m2!3d37.7651477!4d-25.6411068!16s%2Fg%2F11lv8hh_0c!19sChIJ3z2QoxzVXAsRbdBGnvYqLUE?authuser=0&hl=fr&rclk=1
VIP Executive Azores Hotel," R. de São Gonçalo 131, 9500-343 Ponta Delgada, Portugal",Ribeira Grande+Portugal,Portugal,Hôtel avec spa,,"4,1", +351 296 000 100,https://www.viphotels.com/en/hotels/vip-executive-azores-in-ponta-delgada/?partner=8189utm_source=google&utm_medium=organic&utm_campaign=MyBusiness&utm,hotelazores@viphotels.com,,https://www.google.com/maps/place/VIP+Executive+Azores+Hotel/data=!4m10!3m9!1s0xb5cd53249be7d73:0x9e3a4e3e475566c9!5m2!4m1!1i2!8m2!3d37.751062!4d-25.6585765!16s%2Fm%2F07mb29x!19sChIJc32-STLVXAsRyWZVRz5OOp4?authuser=0&hl=fr&rclk=1
Sul Villas & Spa," R. do Dr. Filomeno da Câmara 42, 9560-017 Lagoa, Portugal",Ribeira Grande+Portugal,Portugal,Hôtel avec spa,,"4,7", +351 961 509 247,https://www.sulvillasazores.com/?utm_source=google&utm_medium=organic&utm_campaign=google--my-business,reservations@sulvillasazores.com,,https://www.google.com/maps/place/Sul+Villas+%26+Spa/data=!4m10!3m9!1s0xb5cd600178d4d15:0x887250f83db4ed11!5m2!4m1!1i2!8m2!3d37.745143!4d-25.5670537!16s%2Fg%2F11gy54mqly!19sChIJFU2NFwDWXAsREe20PfhQcog?authuser=0&hl=fr&rclk=1
Grand Hotel Açores Atlântico," Av. Infante Dom Henrique 113, 9500-150 Ponta Delgada, Portugal",Ribeira Grande+Portugal,Portugal,Hôtel avec spa,,"4,6", +351 296 302 200,https://www.bensaudehotels.com/grandhotelacoresatlantico/?utm_source=google-my-business&utm_medium=organic&utm_campaign=ghaa_gmb,ghaa@bensaudehotels.pt,https://www.linkedin.com/company/bensaudehotels,https://www.google.com/maps/place/Grand+Hotel+A%C3%A7ores+Atl%C3%A2ntico/data=!4m10!3m9!1s0xb5cd54ac4d10ca7:0x85568587bb7fa9c8!5m2!4m1!1i2!8m2!3d37.740375!4d-25.661872!16s%2Fg%2F11fskrb95q!19sChIJpwzRxErVXAsRyKl_u4eFVoU?authuser=0&hl=fr&rclk=1
Hotel Gaivota Azores," Av. Infante Dom Henrique 103, 9500-764 Ponta Delgada, Portugal",Ribeira Grande+Portugal,Portugal,Hôtel avec spa,,"4,4", +351 296 302 510,https://www.hotelgaivota.com/,,,https://www.google.com/maps/place/Hotel+Gaivota+Azores/data=!4m10!3m9!1s0xb432ab5142a2fe3:0x84db588f9fb66467!5m2!4m1!1i2!8m2!3d37.7401739!4d-25.6638848!16s%2Fg%2F1vxcxnkv!19sChIJ4y8qFLUqQwsRZ2S2n49Y24Q?authuser=0&hl=fr&rclk=1
WPA - Wake Park," Canada do Bacharel, freguesia de Rabo de Peixe, concelho da, 9600-174 Ribeira Grande, Portugal",Ribeira Grande+Portugal,Portugal,Parc aquatique,Club de ski nautique,"4,9", +351 919 890 799,http://www.wpa.pt/,,,https://www.google.com/maps/place/WPA+-+Wake+Park/data=!4m7!3m6!1s0xb5cd52fd01ae1f7:0x92f214678fdef717!8m2!3d37.7870983!4d-25.5884736!16s%2Fg%2F11nz42sv73!19sChIJ9-Ea0C_VXAsRF_fej2cU8pI?authuser=0&hl=fr&rclk=1
Piscinas Municipais de Ribeira Grande," Ribeira Grande, Portugal",Ribeira Grande+Portugal,Portugal,Parc aquatique,Piscine municipale,"4,5", +351 296 473 153,,,,https://www.google.com/maps/place/Piscinas+Municipais+de+Ribeira+Grande/data=!4m7!3m6!1s0xb5cd6d7c972c407:0x205b6494600a0c05!8m2!3d37.8264447!4d-25.5219923!16s%2Fg%2F11dxc1sjjc!19sChIJB8RyydfWXAsRBQwKYJRkWyA?authuser=0&hl=fr&rclk=1
Parque Natural da Ribeira dos Caldeirões," Estrada Regional Achada 011, Achada, Portugal",Ribeira Grande+Portugal,Portugal,Parc aquatique,Parc national,"4,8",,,,,https://www.google.com/maps/place/Parque+Natural+da+Ribeira+dos+Caldeir%C3%B5es/data=!4m7!3m6!1s0xb5ce06f670b609f:0xeb42fa7fbab2fa7c!8m2!3d37.8426449!4d-25.2675579!16s%2Fg%2F11g6tst3pl!19sChIJn2ALZ2_gXAsRfPqyun_6Qus?authuser=0&hl=fr&rclk=1
Cascata do Salto do Cabrito," Ribeira Grande, Portugal",Ribeira Grande+Portugal,Portugal,Parc aquatique,Point de vue,"4,6",,,,,https://www.google.com/maps/place/Cascata+do+Salto+do+Cabrito/data=!4m7!3m6!1s0xb5cd7941de2869d:0xa014c01fa212109f!8m2!3d37.7960374!4d-25.4946088!16s%2Fg%2F11csbpsfmt!19sChIJnYbiHZTXXAsRnxASoh_AFKA?authuser=0&hl=fr&rclk=1
Piscina Natural Da Boca De Ribeira, Portugal,Ribeira Grande+Portugal, Portugal,Parc aquatique,Piscine municipale,"4,4",,,,,https://www.google.com/maps/place/Piscina+Natural+Da+Boca+De+Ribeira/data=!4m7!3m6!1s0xb5ce27ea98eea85:0x45129c1d5301df73!8m2!3d37.8456063!4d-25.1470137!16s%2Fg%2F11c6_gcmt_!19sChIJheqOqX7iXAsRc98BUx2cEkU?authuser=0&hl=fr&rclk=1
AlmondTree Therapies," Roda do Pico, Rabo de Peixe, Portugal",Ribeira Grande+Portugal,Portugal,Thalassothérapie,Institut de massages,"4,9", +351 933 720 718,http://www.almondtree.pt/,Ativo-1@2x.png,,https://www.google.com/maps/place/AlmondTree+Therapies/data=!4m7!3m6!1s0xb5cd7adb66a9ad5:0x9d01d6447d95ae80!8m2!3d37.7974332!4d-25.5825176!16s%2Fg%2F11fnsqmcbf!19sChIJ1Zpqtq3XXAsRgK6VfUTWAZ0?authuser=0&hl=fr&rclk=1
Atlântida Mar Hotel," Boavista, 9, 9760-557 Praia da Vitória, Portugal",Praia da Vitória+Portugal,Portugal,Hôtel avec spa,,"4,6", +351 295 545 800,http://www.atlantidamarhotel.com/,reservations@atlantidamarhotel.pt,,https://www.google.com/maps/place/Atl%C3%A2ntida+Mar+Hotel/data=!4m10!3m9!1s0xd24656e50e09279:0x4466ecdfc95b6003!5m2!4m1!1i2!8m2!3d38.7211726!4d-27.0626286!16s%2Fg%2F1tj3mc3k!19sChIJeZLgUG5lJA0RA2Bbyd_sZkQ?authuser=0&hl=fr&rclk=1
Hotel Varandas Do Atlantico," R. da Alfândega 19, 9760-411 Praia da Vitória, Portugal",Praia da Vitória+Portugal,Portugal,Hôtel avec spa,,"4,1", +351 295 540 050,https://www.ridanhotels.com/pt/hoteis/hotel-varandas-do-atlantico-em-ilha-terceira/?partner=10048&utm_source=google&utm_medium=organic&utm_campaign=MyBusiness,,https://www.linkedin.com/company/ridan-hotels,https://www.google.com/maps/place/Hotel+Varandas+Do+Atlantico/data=!4m10!3m9!1s0xb45d15ce68c4b9f:0x491529b22d13605c!5m2!4m1!1i2!8m2!3d38.731367!4d-27.059331!16s%2Fg%2F1tgz6rnx!19sChIJn0uM5lzRRQsRXGATLbIpFUk?authuser=0&hl=fr&rclk=1
Hotel Teresinha," Praceta Dr. Machado Pires 45, 9760-449 Praia da Vitória, Portugal",Praia da Vitória+Portugal,Portugal,Hôtel avec spa,,"4,2", +351 295 540 060,http://www.hotel-teresinha.com/,hotelteresinha@hotmail.com,,https://www.google.com/maps/place/Hotel+Teresinha/data=!4m10!3m9!1s0xb45d1448d3ba3cd:0xb1e71ee09ee8bdd9!5m2!4m1!1i2!8m2!3d38.733794!4d-27.063164!16s%2Fg%2F1vyk3rfk!19sChIJzaM7jUTRRQsR2b3onuAe57E?authuser=0&hl=fr&rclk=1
Hotel Apt. Praia Marina," Av. Álvaro Martins Homem, 9760-412 Praia da Vitória, Portugal",Praia da Vitória+Portugal,Portugal,Hôtel avec spa,,"4,4", +351 295 540 055,https://www.ridanhotels.com/pt/hoteis/hotel-praia-marina-em-ilha-terceira/?partner=10048&utm_source=google&utm_medium=organic&utm_campaign=MyBusiness,,https://www.linkedin.com/company/ridan-hotels,https://www.google.com/maps/place/Hotel+Apt.+Praia+Marina/data=!4m10!3m9!1s0xb45d15cdf0a5b41:0x65413ad97f794fcf!5m2!4m1!1i2!8m2!3d38.7317679!4d-27.0588008!16s%2Fg%2F11g0g4xmb0!19sChIJQVsK31zRRQsRz095f9k6QWU?authuser=0&hl=fr&rclk=1
Facho Viewpoint," Praia da Vitória, Portugal",Praia da Vitória+Portugal,Portugal,Centre thermal,Attraction touristique,"4,6", +351 295 540 200,,,,https://www.google.com/maps/place/Facho+Viewpoint/data=!4m7!3m6!1s0xb45d167dbbb2fe9:0xc1a4b2d94764edfb!8m2!3d38.733531!4d-27.0540516!16s%2Fg%2F122dyhtf!19sChIJ6S-722fRRQsR--1kR9mypME?authuser=0&hl=fr&rclk=1
Centro de Saúde da Praia da Vitória," Rua da Artesia, 9760-586 Praia da Vitória, Portugal",Praia da Vitória+Portugal,Portugal,Centre thermal,Service hospitalier,"2,6", +351 295 545 000,https://usiterceira.azores.gov.pt/,,,https://www.google.com/maps/place/Centro+de+Sa%C3%BAde+da+Praia+da+Vit%C3%B3ria/data=!4m7!3m6!1s0xb45d15af794e2fb:0x6874b29f07243ad9!8m2!3d38.7289571!4d-27.0653259!16s%2Fg%2F11g6q_6yxc!19sChIJ--KU91rRRQsR2TokB5-ydGg?authuser=0&hl=fr&rclk=1
Gruta do Natal," Altares, 9700-000 Angra do Heroísmo, Portugal",Praia da Vitória+Portugal,Portugal,Centre thermal,Attraction touristique,"4,3", +351 295 212 992,http://www.montanheiros.com/,montanheiros@montanheiros.com,,https://www.google.com/maps/place/Gruta+do+Natal/data=!4m7!3m6!1s0xb467a1d67cd1bd7:0xd3e1b6fe7efc4ed1!8m2!3d38.7374102!4d-27.2684469!16s%2Fm%2F051zk3y!19sChIJ1xvNZx16RgsR0U78fv624dM?authuser=0&hl=fr&rclk=1
Hotel Teresinha," Praceta Dr. Machado Pires 45, 9760-449 Praia da Vitória, Portugal",Praia da Vitória+Portugal,Portugal,Centre thermal,,"4,2", +351 295 540 060,http://www.hotel-teresinha.com/,hotelteresinha@hotmail.com,,https://www.google.com/maps/place/Hotel+Teresinha/data=!4m10!3m9!1s0xb45d144f68d5b71:0xb1e71ee09ee8bdd9!5m2!4m1!1i2!8m2!3d38.7337935!4d-27.0631641!16s%2Fg%2F1vyk3rfk!19sChIJcVuN9kTRRQsR2b3onuAe57E?authuser=0&hl=fr&rclk=1
Hotel Branco I," Estr. 25 de Abril 2, 9760-403 Praia da Vitória, Portugal",Praia da Vitória+Portugal,Portugal,Centre thermal,,"3,9", +351 295 513 459,http://www.hotel-branco.com/,pvitoria@residencial-branco.com,,https://www.google.com/maps/place/Hotel+Branco+I/data=!4m10!3m9!1s0xb45d374ffffffff:0x80008abc36ca2644!5m2!4m1!1i2!8m2!3d38.7347767!4d-27.063173!16s%2Fg%2F1tdhn1m8!19sChIJ_____3TTRQsRRCbKNryKAIA?authuser=0&hl=fr&rclk=1
Pico Dona Joana (geodésico)," Unnamed Road, 9700, Portugal",Praia da Vitória+Portugal,Portugal,Centre thermal,Attraction touristique,"4,5",,,,,https://www.google.com/maps/place/Pico+Dona+Joana+%28geod%C3%A9sico%29/data=!4m7!3m6!1s0xb45d56f542d38b1:0x756bf5ae19786d42!8m2!3d38.6652075!4d-27.1405073!16s%2Fg%2F11rstnw39b!19sChIJsTgtVG_VRQsRQm14Ga71a3U?authuser=0&hl=fr&rclk=1
Praia da Riviera," Isla Terceira, Portugal",Praia da Vitória+Portugal,Portugal,Centre thermal,Attraction touristique,"4,6",,,,,https://www.google.com/maps/place/Praia+da+Riviera/data=!4m7!3m6!1s0xb45d3e1e6b7a69d:0x96434ce68df8707b!8m2!3d38.7146222!4d-27.0606613!16s%2Fg%2F120khbz6!19sChIJnaa35uHTRQsRe3D4jeZMQ5Y?authuser=0&hl=fr&rclk=1
Miradouro da Serra de Santa Bárbara," EN5-2A, Portugal",Praia da Vitória+Portugal,Portugal,Centre thermal,Point de vue,"4,7",,,,,https://www.google.com/maps/place/Miradouro+da+Serra+de+Santa+B%C3%A1rbara/data=!4m7!3m6!1s0xb467a86ea053a33:0xda4b9cae36278f47!8m2!3d38.7296853!4d-27.3184812!16s%2Fg%2F11g9vl6mh8!19sChIJMzoF6oZ6RgsRR48nNq6cS9o?authuser=0&hl=fr&rclk=1
Paul da Pedreira do Cabo da praia," @38.7065962,-27.0489334, 3, 9760-000 Praia da Vitória, Portugal",Praia da Vitória+Portugal,Portugal,Centre thermal,Réserve naturelle,"4,1",,,,,https://www.google.com/maps/place/Paul+da+Pedreira+do+Cabo+da+praia/data=!4m7!3m6!1s0xb45d3fc12286ceb:0x58354f37f6833b20!8m2!3d38.7037914!4d-27.0461528!16s%2Fg%2F11gl0zlksf!19sChIJ62woEvzTRQsRIDuD9jdPNVg?authuser=0&hl=fr&rclk=1
Miradouro da Serra do Cume," R. Padre Damião 23, Portugal",Praia da Vitória+Portugal,Portugal,Centre thermal,Point de vue,"4,8",,,,,https://www.google.com/maps/place/Miradouro+da+Serra+do+Cume/data=!4m7!3m6!1s0xb45d69d7af3fb6f:0x5e51f4bf4eb435f4!8m2!3d38.7094493!4d-27.112334!16s%2Fg%2F121nm9pr!19sChIJb_vzep3WRQsR9DW0Tr_0UV4?authuser=0&hl=fr&rclk=1
Império Do Divino Espírito Santo da Caridade," Praia da Vitória, Portugal",Praia da Vitória+Portugal,Portugal,Centre thermal,Sanctuaire,"4,6",,,,,https://www.google.com/maps/place/Imp%C3%A9rio+Do+Divino+Esp%C3%ADrito+Santo+da+Caridade/data=!4m7!3m6!1s0xb45d1445e49ec4f:0x517978bc01bc1eed!8m2!3d38.7344365!4d-27.0633347!16s%2Fg%2F11g9jdq40s!19sChIJT-xJXkTRRQsR7R68Abx4eVE?authuser=0&hl=fr&rclk=1
Small beach of Praia da Vitória," Oceano Atlântico, Portugal",Praia da Vitória+Portugal,Portugal,Centre thermal,,"4,7",,,,,https://www.google.com/maps/place/Small+beach+of+Praia+da+Vit%C3%B3ria/data=!4m7!3m6!1s0xb45d1677bf1d007:0x86ff818d726971bb!8m2!3d38.7310042!4d-27.0554597!16s%2Fg%2F11b7zb5b32!19sChIJB9Dxe2fRRQsRu3Fpco2B_4Y?authuser=0&hl=fr&rclk=1
Furnas do Enxofre," Porto Judeu, 9700-000 Angra do Heroísmo, Portugal, Portugal",Praia da Vitória+Portugal,Portugal,Parc aquatique,Attraction touristique,"4,4",,https://parquesnaturais.azores.gov.pt/en/parques/8/areasprotegidas/89,,,https://www.google.com/maps/place/Furnas+do+Enxofre/data=!4m7!3m6!1s0xb4679b01f35d8cf:0x1c7b93dd08484520!8m2!3d38.729073!4d-27.2309531!16s%2Fg%2F121ln401!19sChIJz9g1H7B5RgsRIEVICN2Texw?authuser=0&hl=fr&rclk=1
Lagoa das Patas," São Bartolomeu dos Regatos, Portugal",Praia da Vitória+Portugal,Portugal,Parc aquatique,Parc national,"4,6",,,,,https://www.google.com/maps/place/Lagoa+das+Patas/data=!4m7!3m6!1s0xb467b22440232d3:0x956640a474adb2bc!8m2!3d38.7174423!4d-27.2881404!16s%2Fg%2F121h3jh9!19sChIJ0zICRCJ7RgsRvLKtdKRAZpU?authuser=0&hl=fr&rclk=1
Deep Blue Azores," Porto das Pipas, 9700-154 Angra do Heroísmo, Portugal",Praia da Vitória+Portugal,Portugal,Thalassothérapie,Centre de plongée,"4,9", +351 962 772 199,http://www.deepblueazores.com/,information@deepblueazores.com,,https://www.google.com/maps/place/Deep+Blue+Azores/data=!4m7!3m6!1s0xb467f040e5de63f:0x1a2b1f0b398df184!8m2!3d38.651287!4d-27.2142086!16s%2Fg%2F11fy1fqttz!19sChIJP-ZdDgR_RgsRhPGNOQsfKxo?authuser=0&hl=fr&rclk=1
Elegância - Sónia Santos - Clinica Medica. Dentária. Estetica.," R. de Jesus 65B, 9700-103 Angra do Heroísmo, Portugal",Praia da Vitória+Portugal,Portugal,Thalassothérapie,Esthéticien,"4,5", +351 924 303 626,https://www.facebook.com/face.elegancia/,,,https://www.google.com/maps/place/Eleg%C3%A2ncia+-+S%C3%B3nia+Santos+-+Clinica+Medica.+Dent%C3%A1ria.+Estetica./data=!4m7!3m6!1s0xb45d12bda5b675b:0x98a5a903c8287d!8m2!3d38.6536468!4d-27.2216732!16s%2Fg%2F11fk8f9rmm!19sChIJW2db2ivRRQsRfSjIA6mlmAA?authuser=0&hl=fr&rclk=1
Luz Terapias Holísticas & Massagens," R. do Pico Celeiro, 9760-435 Fontinhas, Portugal",Praia da Vitória+Portugal,Portugal,Thalassothérapie,Massothérapeute,"5,0", +351 961 289 758,https://luzterapiasholisticasemassagensn2qr.setmore.com/,curly-hair-women-setmore@2x.webp,,https://www.google.com/maps/place/Luz+Terapias+Hol%C3%ADsticas+%26+Massagens/data=!4m7!3m6!1s0xb45d7e860bfd8d9:0xc7ecdd57e7c23391!8m2!3d38.7283358!4d-27.0920079!16s%2Fg%2F11w3cn7_nf!19sChIJ2di_YOjXRQsRkTPC51fd7Mc?authuser=0&hl=fr&rclk=1
Pousada Forte Angra do Heroísmo," R. do Castelinho, 9700-045 Angra do Heroísmo, Portugal",Praia da Vitória+Portugal,Portugal,Thalassothérapie,,"4,5", +351 295 403 560,https://www.pousadas.pt/en/hotel/pousada-angra?utm_source=google-my-business&utm_medium=organicsearch&utm_campaign=pousada-angra&tc_alt=114036,reservas.pousadasaosebastiao@pestana.com,,https://www.google.com/maps/place/Pousada+Forte+Angra+do+Hero%C3%ADsmo/data=!4m10!3m9!1s0xb467f043431a763:0x1c549e943514bef!5m2!4m1!1i2!8m2!3d38.652485!4d-27.212116!16s%2Fg%2F1td6hqq2!19sChIJY6cxNAR_RgsR70tRQ-lJxQE?authuser=0&hl=fr&rclk=1
Zona Balnear Escaleiras," Rua da Praia, Vila Nova de Gaia, Portugal",Praia da Vitória+Portugal,Portugal,Thalassothérapie,Piscine extérieure,"4,6",,,,,https://www.google.com/maps/place/Zona+Balnear+Escaleiras/data=!4m7!3m6!1s0xb45d82f2e364c6f:0xacc2dc2f4f6c0404!8m2!3d38.786992!4d-27.13595!16s%2Fg%2F11d_wp034j!19sChIJb0w2Li_YRQsRBARsTy_cwqw?authuser=0&hl=fr&rclk=1
LUXUS clinic," R. da Graça 19, 9760-478 Praia da Vitória, Portugal",Praia da Vitória+Portugal,Portugal,Thalassothérapie,Clinique,"4,2", +351 924 384 520,https://instagram.com/luxusclinic?igshid=ZDdkNTZiNTM=,,,https://www.google.com/maps/place/LUXUS+clinic/data=!4m7!3m6!1s0xb45d15c8552ac93:0xa793611eac31c860!8m2!3d38.7299231!4d-27.0628576!16s%2Fg%2F1hf4bd3j6!19sChIJk6xShVzRRQsRYMgxrB5hk6c?authuser=0&hl=fr&rclk=1
Mythos Care Spa Azores," R. Direita 52 1º piso, 9700-066 Angra do Heroísmo, Portugal",Praia da Vitória+Portugal,Portugal,Thalassothérapie,Spa,"4,5", +351 295 216 294,https://www.mythos.pt/,,,https://www.google.com/maps/place/Mythos+Care+Spa+Azores/data=!4m7!3m6!1s0xb467f1d3c3c7bb5:0xaa38a54f927c946f!8m2!3d38.6551057!4d-27.21867!16s%2Fg%2F11cnc9zp16!19sChIJtXs8PB1_RgsRb5R8kk-lOKo?authuser=0&hl=fr&rclk=1
"Clinica Médica da Praia da Vitória, Unipessoal Lda."," R. da Misericórdia 11, 9760-468 Praia da Vitória, Portugal",Praia da Vitória+Portugal,Portugal,Thalassothérapie,Hôpital privé,"2,9", +351 295 540 910,https://www.facebook.com/clinicamedicapv/,,,"https://www.google.com/maps/place/Clinica+M%C3%A9dica+da+Praia+da+Vit%C3%B3ria,+Unipessoal+Lda./data=!4m7!3m6!1s0xb45d15cc69aaaa5:0x48e5bae60e927915!8m2!3d38.7319149!4d-27.060102!16s%2Fg%2F11c6f96qdw!19sChIJpaqaxlzRRQsRFXmSDua65Ug?authuser=0&hl=fr&rclk=1"
Luxus Azorean Spa Concept," R. Dr. Henrique Braz N° 3 R/c, 9700-097 Angra do Heroísmo, Portugal",Praia da Vitória+Portugal,Portugal,Thalassothérapie,Spa,"4,7", +351 911 507 979,https://www.facebook.com/luxusazoreanspaconcept/,,,https://www.google.com/maps/place/Luxus+Azorean+Spa+Concept/data=!4m7!3m6!1s0xb467f1d14737eef:0xc85606574dedfb5!8m2!3d38.6563032!4d-27.211914!16s%2Fg%2F11xgsz1f8!19sChIJ735zFB1_RgsRtd_edGVghQw?authuser=0&hl=fr&rclk=1
Hotel Caracol," Estrada regional, nr1 - Silveira, 9700-193 Angra do Heroísmo, Portugal",Praia da Vitória+Portugal,Portugal,Thalassothérapie,,"4,2", +351 295 402 600,https://www.bensaudehotels.com/hoteldocaracol/?utm_source=google-my-business&utm_medium=organic&utm_campaign=hcl_gmb,hcl@bensaudehotels.pt,https://www.linkedin.com/company/bensaudehotels,https://www.google.com/maps/place/Hotel+Caracol/data=!4m10!3m9!1s0xb467ee910c4e985:0xb7b4f371cb0b94b8!5m2!4m1!1i2!8m2!3d38.6568365!4d-27.2363452!16s%2Fg%2F119w51mr1!19sChIJhenEEOl-RgsRuJQLy3HztLc?authuser=0&hl=fr&rclk=1
Whale'come Hotel · by Espaço Talassa," Rua dos Baleeiros, 9930-142 Lajes do Pico, Portugal",Lajes do Pico+Portugal,Portugal,Hôtel avec spa,,"3,7", +351 292 672 010,https://espacotalassa.com/en/accommodations/,espacotalassa@espacotalassa.com,,https://www.google.com/maps/place/Whale%27come+Hotel+%C2%B7+by+Espa%C3%A7o+Talassa/data=!4m10!3m9!1s0xb47a10023873a79:0x97d89f76e5216273!5m2!4m1!1i2!8m2!3d38.3959716!4d-28.2538746!16s%2Fg%2F11x6w49qth!19sChIJeTqHIwChRwsRc2Ih5Xaf2Jc?authuser=0&hl=fr&rclk=1
Aldeia da Fonte Hotel," Caminho de Baixo, 9930-177 Lajes do Pico, Portugal",Lajes do Pico+Portugal,Portugal,Hôtel avec spa,,"4,1", +351 292 679 500,https://fontenaturahotel.com/,reservas@fontenaturahotel.com,,https://www.google.com/maps/place/Aldeia+da+Fonte+Hotel/data=!4m10!3m9!1s0xb47a21c3784b2e1:0xef02533889615a55!5m2!4m1!1i2!8m2!3d38.4135571!4d-28.2834356!16s%2Fg%2F1ptzxhjxx!19sChIJ4bKENxyiRwsRVVphiThTAu8?authuser=0&hl=fr&rclk=1
Physio(e)motion," Estrada Regional 28A 1 1-2 Silveira, 9930-177 Lajes do Pico, Portugal",Lajes do Pico+Portugal,Portugal,Centre thermal,Centre de rééducation,"5,0", +351 968 110 342,http://physioemotion.pt/,,,https://www.google.com/maps/place/Physio%28e%29motion/data=!4m7!3m6!1s0xb47a21f407e3075:0xdf673f4972349c0b!8m2!3d38.4155987!4d-28.2776326!16s%2Fg%2F11c6t762b3!19sChIJdTB-QB-iRwsRC5w0ckk_Z98?authuser=0&hl=fr&rclk=1
Lajes do Pico Natural swimming pool," R. de São Pedro Pico Island, Lajes do Pico, Portugal",Lajes do Pico+Portugal,Portugal,Centre thermal,Attraction touristique,"4,6",,,,,https://www.google.com/maps/place/Lajes+do+Pico+Natural+swimming+pool/data=!4m7!3m6!1s0xb47a109b16a0539:0x478e9fed5366fee!8m2!3d38.3905203!4d-28.2518085!16s%2Fg%2F11g8fypmx1!19sChIJOQVqsQmhRwsR7m821f7peAQ?authuser=0&hl=fr&rclk=1
Parque de Campismo das Lajes," 9930-136 Lajes do Pico, Portugal",Lajes do Pico+Portugal,Portugal,Centre thermal,Terrain de camping,"4,3", +351 292 679 700,,,,https://www.google.com/maps/place/Parque+de+Campismo+das+Lajes/data=!4m7!3m6!1s0xb47a1085692c051:0x8880ad146cc563eb!8m2!3d38.3932432!4d-28.2503949!16s%2Fg%2F11dxhzh_7j!19sChIJUcCSVgihRwsR62PFbBStgIg?authuser=0&hl=fr&rclk=1
Espaço Talassa," R. do Saco, 9930-143 Lajes do Pico, Portugal",Lajes do Pico+Portugal,Portugal,Parc aquatique,Organisateur d'excursions d'observation des baleines,"4,6", +351 292 672 010,https://www.espacotalassa.com/,espacotalassa@espacotalassa.com,,https://www.google.com/maps/place/Espa%C3%A7o+Talassa/data=!4m7!3m6!1s0xb47a116fffbceaf:0x3bdf3898c0ded76e!8m2!3d38.3957986!4d-28.2537799!16s%2Fg%2F1tc_xvn0!19sChIJr877_xahRwsRbtfewJg43zs?authuser=0&hl=fr&rclk=1
Zona Balnear Ponta do Admoiro," Rua do Poço, São João, Ilha do Pico, Lajes do Pico, Portugal",Lajes do Pico+Portugal,Portugal,Parc aquatique,Piscine extérieure,"4,7",,https://www.facebook.com/barpontadoadmoiro/,,,https://www.google.com/maps/place/Zona+Balnear+Ponta+do+Admoiro/data=!4m7!3m6!1s0xb47991fdc4ecf1b:0x69066834e0be4295!8m2!3d38.4143468!4d-28.3470202!16s%2Fg%2F11g87lq5g3!19sChIJG89O3B-ZRwsRlUK-4DRoBmk?authuser=0&hl=fr&rclk=1
"Aqua Açores, Lda - Whale and Dolphin Whatching"," Avenida Marginal - Núcleo Náutico, 9930-121 Lajes do Pico, Portugal",Lajes do Pico+Portugal,Portugal,Parc aquatique,Organisateur d'excursions d'observation des baleines,"4,7", +351 292 672 009,https://aquaacores.pt/,aquaacores@gmail.com,,"https://www.google.com/maps/place/Aqua+A%C3%A7ores,+Lda+-+Whale+and+Dolphin+Whatching/data=!4m7!3m6!1s0xb47a10a1c13d015:0x277b5b5697bd6dc3!8m2!3d38.395955!4d-28.2544502!16s%2Fg%2F11cjrl92n3!19sChIJFdATHAqhRwsRw229l1Zbeyc?authuser=0&hl=fr&rclk=1"
Peak Sensations," Portugal PT, Rua José Pereira Macedo 6A, 9950-336 Madalena, Portugal",Lajes do Pico+Portugal,Portugal,Thalassothérapie,Institut de massages,"4,9", +351 910 463 223,https://www.peaksensations.pt/pt,geral@peaksensations.pt,,https://www.google.com/maps/place/Peak+Sensations/data=!4m7!3m6!1s0xb478de7cee7bcd1:0xfec9253ac11b021!8m2!3d38.5339841!4d-28.5286024!16s%2Fg%2F11sp93wqc5!19sChIJ0bznzueNRwsRIbARrFOS7A8?authuser=0&hl=fr&rclk=1
azoresislands.travel," R. Cap. Mor Garcia Gonçalves Madruga 26, 9930-129 Lajes do Pico, Portugal",Lajes do Pico+Portugal,Portugal,Thalassothérapie,Agence de visites touristiques,, +351 292 679 505,https://www.azoresislands.travel/,,,https://www.google.com/maps/place/azoresislands.travel/data=!4m7!3m6!1s0xb47a1a68704f3ed:0xe4fa894a7bd4f63c!8m2!3d38.3965185!4d-28.2521011!16s%2Fg%2F11jnd43tb5!19sChIJ7fMEh6ahRwsRPPbUe0qJ-uQ?authuser=0&hl=fr&rclk=1
Hominis natura," Porto de Recreio e Pescas, 9930-136 Lajes do Pico, Portugal",Lajes do Pico+Portugal,Portugal,Thalassothérapie,Organisateur d’activités de plein air,"5,0", +32 479 73 81 66,http://hominisnatura.com/,info.hominisnatura@gmail.com,,https://www.google.com/maps/place/Hominis+natura/data=!4m7!3m6!1s0xb47a748095da927:0x8469dbfe62f8adaf!8m2!3d38.3955906!4d-28.254134!16s%2Fg%2F11fjy6tkvs!19sChIJJ6ldCUinRwsRr634Yv7baYQ?authuser=0&hl=fr&rclk=1
Gruta das Torres lava tube," Caminho da Gruta das Torres Criação Velha, 9950-000 Madalena, Portugal",Lajes do Pico+Portugal,Portugal,Thalassothérapie,Centre d'information,"4,4", +351 924 403 921,https://parquesnaturais.azores.gov.pt/pt/parques/5/centro/8,,,https://www.google.com/maps/place/Gruta+das+Torres+lava+tube/data=!4m7!3m6!1s0xb478e11153ecdeb:0x8e031e325c08d6cb!8m2!3d38.494341!4d-28.502384!16s%2Fm%2F04112qf!19sChIJ680-FRGORwsRy9YIXDIeA44?authuser=0&hl=fr&rclk=1
Palace Hotel & Spa - Termas do Bicanho," Termas do Bicanho, 3130-112, Portugal",Soure+Portugal,Portugal,Centre thermal,,"3,7", +351 239 580 020,http://www.termasdobicanho.com/,,,https://www.google.com/maps/place/Palace+Hotel+%26+Spa+-+Termas+do+Bicanho/data=!4m10!3m9!1s0xd224423837b6c03:0xc6628ee972128fb9!5m2!4m1!1i2!8m2!3d40.0854035!4d-8.739964!16s%2Fg%2F11clysxlz_!19sChIJA2x7gyNEIg0RuY8ScumOYsY?authuser=0&hl=fr&rclk=1
Termas da Amieira, Portugal,Soure+Portugal, Portugal,Centre thermal,,"3,9",,,,,https://www.google.com/maps/place/Termas+da+Amieira/data=!4m7!3m6!1s0xd2245280c5fa749:0xb09b14a8ccdf9475!8m2!3d40.095288!4d-8.7469342!16s%2Fg%2F11qn6ny12c!19sChIJSadfDChFIg0RdZTfzKgUm7A?authuser=0&hl=fr&rclk=1
Termas-da-Azenha," Rua jõa Henrique Foja Oliveira 47, 3130-434 Soure, Portugal",Soure+Portugal,Portugal,Centre thermal,,"4,2", +351 963 809 529,https://www.termas-da-azenha.com/,info@termas-da-azenha.com,,https://www.google.com/maps/place/Termas-da-Azenha/data=!4m10!3m9!1s0xd224422848e83db:0xf46bac06d83513b0!5m2!4m1!1i2!8m2!3d40.0812683!4d-8.7392236!16s%2Fg%2F1vf9dn2g!19sChIJ24OOhCJEIg0RsBM12Aasa_Q?authuser=0&hl=fr&rclk=1
Refúgio Alentejano," R. Dom Nuno Álvares Pereira 8, 7250-134 Alandroal, Portugal",Redondo+Portugal,Portugal,Hôtel avec spa,,"4,8", +351 968 757 904,https://refugioalentejano.pt/,anaritarobalo1@gmail.com,,https://www.google.com/maps/place/Ref%C3%BAgio+Alentejano/data=!4m10!3m9!1s0xd173f2dede75eeb:0x484d2dc28bd1eb75!5m2!4m1!1i2!8m2!3d38.7006595!4d-7.4048798!16s%2Fg%2F11lnhtrfb9!19sChIJ617n7S0_Fw0RdevRi8ItTUg?authuser=0&hl=fr&rclk=1
Alentejo Marmòris Hotel & SPA," Largo Gago Coutinho 11 7160, 7160-214 Vila Viçosa, Portugal",Redondo+Portugal,Portugal,Hôtel avec spa,,"4,7", +351 268 887 010,https://www.marmorishotels.com/alentejo-marmoris-hotel--spa.html,booking@maarlab.com,,https://www.google.com/maps/place/Alentejo+Marm%C3%B2ris+Hotel+%26+SPA/data=!4m10!3m9!1s0xd17153e9291022b:0xdf1268068bf1f4bc!5m2!4m1!1i2!8m2!3d38.777107!4d-7.419938!16s%2Fg%2F11b6s_3tzt!19sChIJKwKRkj4VFw0RvPTxiwZoEt8?authuser=0&hl=fr&rclk=1
Alentejo Marmòris Hotel & SPA," Largo Gago Coutinho 11 7160, 7160-214 Vila Viçosa, Portugal",Redondo+Portugal,Portugal,Hôtel avec spa,,"4,7", +351 268 887 010,https://www.marmorishotels.com/alentejo-marmoris-hotel--spa.html,booking@maarlab.com,,https://www.google.com/maps/place/Alentejo+Marm%C3%B2ris+Hotel+%26+SPA/data=!4m10!3m9!1s0xd17153e9271c6eb:0xdf1268068bf1f4bc!5m2!4m1!1i2!8m2!3d38.7771072!4d-7.4199376!16s%2Fg%2F11b6s_3tzt!19sChIJ68Zxkj4VFw0RvPTxiwZoEt8?authuser=0&hl=fr&rclk=1
Piscina Municipal Descoberta de Redondo," R. Conde de Monsaraz, 7170-028 Redondo, Portugal",Redondo+Portugal,Portugal,Parc aquatique,Piscine municipale,"4,6",,https://www.cm-redondo.pt/servicos/equipamentos-municipais/piscina-municipal-descoberta/,geral@cm-redondo.pt,,https://www.google.com/maps/place/Piscina+Municipal+Descoberta+de+Redondo/data=!4m7!3m6!1s0xd17446b5053dbcd:0x627249fa5b15ab2f!8m2!3d38.644595!4d-7.5469134!16s%2Fg%2F11c5h1szy7!19sChIJzdtTUGtEFw0RL6sVW_pJcmI?authuser=0&hl=fr&rclk=1
NEYA Lisboa Hotel," R. de Dona Estefânia 71 75 75 77, 1150-132 Lisboa, Portugal",Lisboa+Portugal,Portugal,Hôtel avec spa,,"4,3", +351 21 841 3051,http://lisboa.neyahotels.com/?partner=6201&utm_source=google&utm_medium=gmb&utm_campaign=web_link,lisboa@neyahotels.com,https://www.linkedin.com/company/neya-hotels,https://www.google.com/maps/place/NEYA+Lisboa+Hotel/data=!4m10!3m9!1s0xd19339eae3a5ad1:0x6fc827b238121bdd!5m2!4m1!1i2!8m2!3d38.7294444!4d-9.1405556!16s%2Fg%2F1tznnm6b!19sChIJ0Vo6rp4zGQ0R3RsSOLInyG8?authuser=0&hl=fr&rclk=1
Altis Grand Hotel," R. Castilho 11, 1269-072 Lisboa, Portugal",Lisboa+Portugal,Portugal,Hôtel avec spa,,"4,7", +351 21 310 6000,https://www.altishotels.com/altis-grand-hotel/,estaurantefeitoria@altishotels.com,https://www.linkedin.com/company/altis-hotels,https://www.google.com/maps/place/Altis+Grand+Hotel/data=!4m10!3m9!1s0xd193370954e8899:0xb8df31532da7c799!5m2!4m1!1i2!8m2!3d38.7208049!4d-9.1500769!16s%2Fg%2F1td14jp_!19sChIJmYhOlXAzGQ0RmcenLVMx37g?authuser=0&hl=fr&rclk=1
Iberostar Selection Lisboa," R. Castilho 64, 1250-071 Lisboa, Portugal",Lisboa+Portugal,Portugal,Hôtel avec spa,,"4,7", +351 21 585 9000,https://www.iberostar.com/en/hotels/lisboa/iberostar-lisboa/?utm_source=gmb&utm_medium=organic&utm_campaign=IBSVOL_EMEA_SEOLOC_GMB_NA_EN_POR_LIS_LIS_LIS_PULL_NA_NA_NA_NA_NA,lis.eve@iberostar.com,https://www.linkedin.com/company/iberostar,https://www.google.com/maps/place/Iberostar+Selection+Lisboa/data=!4m10!3m9!1s0xd193370c06a0dd3:0xa40d7ed51cfa3bcb!5m2!4m1!1i2!8m2!3d38.72409!4d-9.1524581!16s%2Fg%2F11fy5gk6tc!19sChIJ0w1qwHAzGQ0Ryzv6HNV-DaQ?authuser=0&hl=fr&rclk=1
Sheraton Lisboa Hotel & Spa," R. Latino Coelho 1, 1069 Lisboa, Portugal",Lisboa+Portugal,Portugal,Hôtel avec spa,,"4,6", +351 21 312 0000,https://www.marriott.com/en-us/hotels/lissi-sheraton-lisboa-hotel-and-spa/overview/?scid=f2ae0541-1279-4f24-b197-a979c79310b0,,,https://www.google.com/maps/place/Sheraton+Lisboa+Hotel+%26+Spa/data=!4m10!3m9!1s0xd1933757e33657f:0xbbbdc2a5733bc861!5m2!4m1!1i2!8m2!3d38.731753!4d-9.1469952!16s%2Fg%2F1218l3y8!19sChIJf2UzfnUzGQ0RYcg7c6XCvbs?authuser=0&hl=fr&rclk=1
Meliá Lisboa Aeroporto," R. C 2, 1749-125 Lisboa, Portugal",Lisboa+Portugal,Portugal,Hôtel avec spa,,"4,4", +351 21 842 5000,https://www.melialisboaaeroporto.com/?utm_campaign=google&utm_content=5689&utm_medium=organic&utm_source=directories,,,https://www.google.com/maps/place/Meli%C3%A1+Lisboa+Aeroporto/data=!4m10!3m9!1s0xd19324717046fd1:0xd0740faeacd8a50!5m2!4m1!1i2!8m2!3d38.770252!4d-9.125067!16s%2Fg%2F1ptw1kj2j!19sChIJ0W8EF0cyGQ0RUIrN6vpABw0?authuser=0&hl=fr&rclk=1
Luster Hotel," Av. Casal Ribeiro 48, 1000-091 Lisboa, Portugal",Lisboa+Portugal,Portugal,Hôtel avec spa,,"4,6", +351 21 151 4580,https://www.lusterhotels.com/,rececao@lusterhotels.com,,https://www.google.com/maps/place/Luster+Hotel/data=!4m10!3m9!1s0xd1933180da11abf:0x31fe948a1b26e67b!5m2!4m1!1i2!8m2!3d38.7331826!4d-9.1436677!16s%2Fg%2F11s8sq4yvd!19sChIJvxqhDRgzGQ0Re-YmG4qU_jE?authuser=0&hl=fr&rclk=1
Palácio do Governador," R. Bartolomeu Dias 117, 1400-030 Lisboa, Portugal",Lisboa+Portugal,Portugal,Hôtel avec spa,,"4,6", +351 21 246 7808,https://www.palaciogovernador.com/?utm_source=google&utm_medium=organic&utm_campaign=gbp_listing,bookings@palaciogovernador.com,,https://www.google.com/maps/place/Pal%C3%A1cio+do+Governador/data=!4m10!3m9!1s0xd1ecb684fdc56f1:0xe6130d4da25021c1!5m2!4m1!1i2!8m2!3d38.6947776!4d-9.2148288!16s%2Fg%2F11bwl3swjn!19sChIJ8VbcT2jLHg0RwSFQok0NE-Y?authuser=0&hl=fr&rclk=1
Corinthia Hotel Lisbon," Av. Columbano Bordalo Pinheiro 105, 1099-031 Lisboa, Portugal",Lisboa+Portugal,Portugal,Hôtel avec spa,,"4,6", +351 21 723 6300,https://www.corinthia.com/lisbon/?utm_source=gmb&utm_medium=seo&utm_campaign=lisbonlisting,lisbon@corinthia.com,https://www.linkedin.com/company/corinthialisbon,https://www.google.com/maps/place/Corinthia+Hotel+Lisbon/data=!4m10!3m9!1s0xd1933fc13da826d:0x75274a0810f192d2!5m2!4m1!1i2!8m2!3d38.7388319!4d-9.1664022!16s%2Fg%2F11h04p1rsc!19sChIJbYLaE_wzGQ0R0pLxEAhKJ3U?authuser=0&hl=fr&rclk=1
The Lumiares Hotel & Spa," R. do Diário de Notícias 142, 1200-146 Lisboa, Portugal",Lisboa+Portugal,Portugal,Hôtel avec spa,,"4,6", +351 21 116 0200,http://www.thelumiares.com/,info@thelumiares.com,,https://www.google.com/maps/place/The+Lumiares+Hotel+%26+Spa/data=!4m10!3m9!1s0xd19338013909af3:0x458c1635d8d10dab!5m2!4m1!1i2!8m2!3d38.7138788!4d-9.1439556!16s%2Fg%2F11c32622j6!19sChIJ85qQE4AzGQ0Rqw3R2DUWjEU?authuser=0&hl=fr&rclk=1
"Dom Pedro Lisboa Hotel, a member of Radisson Individuals"," Av. Eng. Duarte Pacheco 24, 1070-110 Lisboa, Portugal",Lisboa+Portugal,Portugal,Hôtel avec spa,,"4,5", +351 21 389 6600,https://www.radissonhotels.com/en-us/hotels/radisson-individuals-dompedro-lisboa?cid=a:se+b:gmb+c:emea+i:local+e:ri+d:ukirwe+h:PTLISAAB,,,"https://www.google.com/maps/place/Dom+Pedro+Lisboa+Hotel,+a+member+of+Radisson+Individuals/data=!4m10!3m9!1s0xd19336ee287255d:0xb1a22ea65c994bf4!5m2!4m1!1i2!8m2!3d38.7248345!4d-9.160352!16s%2Fg%2F1tls42m8!19sChIJXSWH4m4zGQ0R9EuZXKYuorE?authuser=0&hl=fr&rclk=1"
VIP Grand Lisboa Hotel & Spa," Avenida 5 de Outubro 197, 1050-054 Lisboa, Portugal",Lisboa+Portugal,Portugal,Hôtel avec spa,,"4,0", +351 21 043 5000,https://www.viphotels.com/en/hotels/vip-grand-lisboa-in-lisbon/?partner=8189utm_source=google&utm_medium=organic&utm_campaign=MyBusiness&utm,res.viplisboa@viphotels.com,,https://www.google.com/maps/place/VIP+Grand+Lisboa+Hotel+%26+Spa/data=!4m10!3m9!1s0xd19330bbe350087:0x2315e0665607ea6d!5m2!4m1!1i2!8m2!3d38.7422406!4d-9.1491891!16s%2Fg%2F1tgd7t3y!19sChIJhwA1vgszGQ0RbeoHVmbgFSM?authuser=0&hl=fr&rclk=1
ME Lisbon," Av. António Augusto de Aguiar 2, 1050-016 Lisboa, Portugal",Lisboa+Portugal,Portugal,Hôtel avec spa,,"4,8", +351 21 838 6080,https://www.melia.com/en/hotels/portugal/lisbon/me-lisbon?utm_campaign=google&utm_content=5692&utm_medium=organic&utm_source=directories,,,https://www.google.com/maps/place/ME+Lisbon/data=!4m10!3m9!1s0xd193334ac833191:0x6af7c7fbc62161e1!5m2!4m1!1i2!8m2!3d38.72827!4d-9.1484898!16s%2Fg%2F11wmsd0y2b!19sChIJkTGDrDQzGQ0R4WEhxvvH92o?authuser=0&hl=fr&rclk=1
Epic Sana Lisboa Hotel," Av. Eng. Duarte Pacheco 15, 1070-100 Lisboa, Portugal",Lisboa+Portugal,Portugal,Hôtel avec spa,,"4,7", +351 21 159 7300,https://www.sanahotels.com/hotel/epic-sana-lisboa/,reservations@sanahotels.com,https://www.linkedin.com/company/sana-hotels,https://www.google.com/maps/place/Epic+Sana+Lisboa+Hotel/data=!4m10!3m9!1s0xd19336fb3c339cf:0x6f727d920dc193ec!5m2!4m1!1i2!8m2!3d38.7245593!4d-9.1585114!16s%2Fg%2F12jsjh23c!19sChIJzznDs28zGQ0R7JPBDZJ9cm8?authuser=0&hl=fr&rclk=1
Epic Sana," Av. Fontes Pereira de Melo, Pç do Marquês de Pombal 8, 1069-310 Lisboa, Portugal",Lisboa+Portugal,Portugal,Hôtel avec spa,,"4,6", +351 21 006 4300,https://www.sanahotels.com/hotel/epic-sana-marques/,reservations@sanahotels.com,https://www.linkedin.com/company/sana-hotels,https://www.google.com/maps/place/Epic+Sana/data=!4m10!3m9!1s0xd1933766137b109:0xb90f68152af177d2!5m2!4m1!1i2!8m2!3d38.7275232!4d-9.1484312!16s%2Fg%2F11xkjb_lg!19sChIJCbE3YXYzGQ0R0nfxKhVoD7k?authuser=0&hl=fr&rclk=1
Melia Lisboa Oriente," Av. Dom João II 31, 1990-083 Lisboa, Portugal",Lisboa+Portugal,Portugal,Hôtel avec spa,,"4,3", +351 21 893 0000,https://www.melialisboaoriente.com/?utm_campaign=google&utm_content=5827&utm_medium=organic&utm_source=directories,,,https://www.google.com/maps/place/Melia+Lisboa+Oriente/data=!4m10!3m9!1s0xd19318123ee8e95:0xd159fa1339d7ad99!5m2!4m1!1i2!8m2!3d38.769427!4d-9.0980145!16s%2Fg%2F1thssn68!19sChIJlY7uI4ExGQ0Rma3XORP6WdE?authuser=0&hl=fr&rclk=1
Masa hotel campo Grande," Campo Grande 56 56A, 1700-093 Lisboa, Portugal",Lisboa+Portugal,Portugal,Hôtel avec spa,,"4,2", +351 21 013 4450,http://www.masahotels-lisboncollection.com/,info@masahotels-lisboncollection.com,,https://www.google.com/maps/place/Masa+hotel+campo+Grande/data=!4m10!3m9!1s0xd193386a8f8f6c7:0xab549cff756f1df!5m2!4m1!1i2!8m2!3d38.7508511!4d-9.1487456!16s%2Fg%2F11kplf2q4c!19sChIJx_b4qIYzGQ0R3_FW989JtQo?authuser=0&hl=fr&rclk=1
Eurostars Universal Lisboa Hotel," Avenida do D. João II (13 1.12.01, Parque das Nações, 1990-050 Lisboa, Portugal",Lisboa+Portugal,Portugal,Hôtel avec spa,,"4,3", +351 21 116 1600,https://www.eurostarshotels.com.pt/eurostars-universal-lisboa.html?referer_code=lb0gg00yx&utm_source=google&utm_medium=business&utm_campaign=lb0gg00yx,reservas@eurostarsuniversallisboa.com,https://www.linkedin.com/company/eurostars-hotel-company,https://www.google.com/maps/place/Eurostars+Universal+Lisboa+Hotel/data=!4m10!3m9!1s0xd1931a55c0c6917:0x407f535e8cb04519!5m2!4m1!1i2!8m2!3d38.7632162!4d-9.0986927!16s%2Fg%2F11p010l2hd!19sChIJF2kMXKUxGQ0RGUWwjF5Tf0A?authuser=0&hl=fr&rclk=1
Myriad," Lote 2.21.01, Parque das Nações, R. Cais das Naus Lote 2.21.01, 1990-173 Lisboa, Portugal",Lisboa+Portugal,Portugal,Hôtel avec spa,,"4,7", +351 21 110 7600,https://www.sanahotels.com/hotel/myriad-by-sana/,guest@myriad.pt,https://www.linkedin.com/company/sana-hotels,https://www.google.com/maps/place/Myriad/data=!4m10!3m9!1s0xd19339c3f2183a1:0x93842e9372a07a68!5m2!4m1!1i2!8m2!3d38.7747436!4d-9.0915908!16s%2Fg%2F12jrgjy79!19sChIJoYMhP5wzGQ0RaHqgcpMuhJM?authuser=0&hl=fr&rclk=1
EcoMassage - Massage Lisbon," R. Áurea 260, 1100-062 Lisboa, Portugal",Lisboa+Portugal,Portugal,Centre thermal,Institut de massages,"4,9", +351 21 020 1383,https://www.ecomassage.com/book-an-appointment,,,https://www.google.com/maps/place/EcoMassage+-+Massage+Lisbon/data=!4m7!3m6!1s0xd1935759e78b915:0x2d9c6b46d6da91fa!8m2!3d38.7123519!4d-9.1391074!16s%2Fg%2F11gnq6z7lb!19sChIJFbl4nnU1GQ0R-pHa1kZrnC0?authuser=0&hl=fr&rclk=1
Mandalay Spa - Liberdade," R. Rosa Araújo 8, 1250-195 Lisboa, Portugal",Lisboa+Portugal,Portugal,Centre thermal,Spa,"4,8", +351 21 001 5740,https://www.mandalay-spa.com/mandalay-spa-liberdade,liberdade@mandalay-spa.com,,https://www.google.com/maps/place/Mandalay+Spa+-+Liberdade/data=!4m7!3m6!1s0xd1933ff32a1a5c1:0x83a52ac87a78a060!8m2!3d38.7222062!4d-9.1488946!16s%2Fg%2F11fmp76c75!19sChIJwaWhMv8zGQ0RYKB4esgqpYM?authuser=0&hl=fr&rclk=1
THE ReTREAT - WELLNESS & SPA," R. de Santa Marta 48, 1150-297 Lisboa, Portugal",Lisboa+Portugal,Portugal,Centre thermal,Spa de jour,"4,9", +351 21 044 0907,https://theretreat.pt/,info@theretreat.pt,,https://www.google.com/maps/place/THE+ReTREAT+-+WELLNESS+%26+SPA/data=!4m7!3m6!1s0xd1933895db2bb6f:0xfd49a80d4e98bc9!8m2!3d38.7231757!4d-9.1456112!16s%2Fg%2F11rssmt7v0!19sChIJb7uyXYkzGQ0RyYvp1ICa1A8?authuser=0&hl=fr&rclk=1
BluSpa Jupiter Lisboa," Av. da República 46, 1050-195 Lisboa, Portugal",Lisboa+Portugal,Portugal,Centre thermal,Spa,"4,3", +351 21 073 0103,https://www.topspa.pt/pt/spas/bluspa-jupiter,jupiterlisboa@bluspa.pt,https://www.linkedin.com/company/topspaconsultants,https://www.google.com/maps/place/BluSpa+Jupiter+Lisboa/data=!4m7!3m6!1s0xd19331fff531b99:0xe89dbe65725ce138!8m2!3d38.7396697!4d-9.1457824!16s%2Fg%2F11fmpyhlp8!19sChIJmRtT_x8zGQ0ROOFccmW-neg?authuser=0&hl=fr&rclk=1
"Aqua Lisbon - Sauna, Club & SPA"," R. Francisco Pereira de Sousa 9A, 1500-287 Lisboa, Portugal",Lisboa+Portugal,Portugal,Centre thermal,Club de sauna,"4,1", +351 913 824 011,https://aqualisbon.pt/,geral@aqualisbon.pt,,"https://www.google.com/maps/place/Aqua+Lisbon+-+Sauna,+Club+%26+SPA/data=!4m7!3m6!1s0xd19339e559cd2f9:0x930ffa58eb16ded2!8m2!3d38.7446445!4d-9.1783949!16s%2Fg%2F11vl43_q_c!19sChIJ-dKcVZ4zGQ0R0t4W61j6D5M?authuser=0&hl=fr&rclk=1"
Herbal Massage lisboa," Rua dos Anjos 30A, 1150-018 Lisboa, Portugal",Lisboa+Portugal,Portugal,Centre thermal,Massothérapeute,"4,9", +351 915 509 550,https://herbalmassagelisboa.com/,bookingherbalmassage@gmail.com,,https://www.google.com/maps/place/Herbal+Massage+lisboa/data=!4m7!3m6!1s0xd1935eeba9c9019:0xfe5a9eed5cc194a6!8m2!3d38.7234049!4d-9.1356058!16s%2Fg%2F11t7c6p_z6!19sChIJGZCcuu41GQ0RppTBXO2eWv4?authuser=0&hl=fr&rclk=1
Healthy Horizon Lisbon," R. Manuel Bernardes 10A, 1200-252 Lisboa, Portugal",Lisboa+Portugal,Portugal,Centre thermal,Station thermale,"5,0", +351 924 704 199,https://www.healthyhorizon.com/,team@healthyhorizon.com,,https://www.google.com/maps/place/Healthy+Horizon+Lisbon/data=!4m7!3m6!1s0xd1933e3fc986a73:0xe384640f8b84c6aa!8m2!3d38.7151657!4d-9.1523217!16s%2Fg%2F11vqmbzxdn!19sChIJc2qY_OMzGQ0RqsaEiw9khOM?authuser=0&hl=fr&rclk=1
TERRA HEAL · Massage & Holistic Spa Lisbon," R. do Telhal 4B, 1150-321 Lisboa, Portugal",Lisboa+Portugal,Portugal,Centre thermal,Institut de massages,"4,9", +351 916 828 876,https://www.terraheal.com/massage-lisbon-massage.html,terraheal.spa@gmail.com,https://www.linkedin.com/company/68120751,https://www.google.com/maps/place/TERRA+HEAL+%C2%B7+Massage+%26+Holistic+Spa+Lisbon/data=!4m7!3m6!1s0xd193387b36f0d17:0x934780da13b52052!8m2!3d38.7191915!4d-9.1426724!16s%2Fg%2F11cp85dnld!19sChIJFw1vs4czGQ0RUiC1E9qAR5M?authuser=0&hl=fr&rclk=1
Acqua Lisboa City SPA," Rua Dom Jorge da Costa 10 B, 1400-414 Lisboa, Portugal",Lisboa+Portugal,Portugal,Centre thermal,Spa,"4,5", +351 918 546 767,http://www.acqualisboa.pt/,mail@blueserenity.pt,,https://www.google.com/maps/place/Acqua+Lisboa+City+SPA/data=!4m7!3m6!1s0xd1931812d1df295:0x13a23f52c2a231db!8m2!3d38.7104548!4d-9.2084915!16s%2Fg%2F1x5qv0y5!19sChIJlfIdLYExGQ0R2zGiwlI_ohM?authuser=0&hl=fr&rclk=1
The Cat of Oz Massage," R. Aristides de Sousa Mendes 9, 1600-412 Lisboa, Portugal",Lisboa+Portugal,Portugal,Centre thermal,Station thermale,"4,9", +351 926 627 310,http://www.thecatofozmassage.com/,,,https://www.google.com/maps/place/The+Cat+of+Oz+Massage/data=!4m7!3m6!1s0xd1935db999d8acb:0x28e689758a215c2!8m2!3d38.7611288!4d-9.1792198!16s%2Fg%2F11h_ytnz5d!19sChIJy4qdmds1GQ0RwhWiWJdojgI?authuser=0&hl=fr&rclk=1
The Spa by Corinthia Lisbon," Av. Columbano Bordalo Pinheiro 105 A, 2º Piso, 1099-031 Lisboa, Portugal",Lisboa+Portugal,Portugal,Centre thermal,Spa,"4,8", +351 21 723 6305,https://www.corinthia.com/pt-pt/lisbon/the-spa-by-corinthia-lisbon/,spa.lisbon@corinthia.com,https://www.linkedin.com/company/corinthialisbon,https://www.google.com/maps/place/The+Spa+by+Corinthia+Lisbon/data=!4m7!3m6!1s0xd1933ce2ca46ba3:0x31aa8f61ca1fcd50!8m2!3d38.7386055!4d-9.1665029!16s%2Fg%2F11y64bwqmw!19sChIJo2ukLM4zGQ0RUM0fymGPqjE?authuser=0&hl=fr&rclk=1
Elohim Spa," Lgo do Rato 3, 1250-012 Lisboa, Portugal",Lisboa+Portugal,Portugal,Centre thermal,Institut de massages,"4,7", +351 21 386 0708,https://www.elohim.pt/,info@elohim.pt,,https://www.google.com/maps/place/Elohim+Spa/data=!4m7!3m6!1s0xd19337afc17b237:0x8aa2b7ea93d92b21!8m2!3d38.7204474!4d-9.1543667!16s%2Fg%2F1vmr2n1j!19sChIJN7IX_HozGQ0RISvZk-q3ooo?authuser=0&hl=fr&rclk=1
Ritz Spa at Four Seasons Hotel Ritz Lisbon," R. Rodrigo da Fonseca 88, 1099-039 Lisboa, Portugal",Lisboa+Portugal,Portugal,Centre thermal,Spa,"4,8", +351 21 384 3005,https://www.fourseasons.com/lisbon/spa/?utm_source=google&utm_medium=organicsearch&utm_campaign=tor-lis-spa-mid-seo-na&utm_content=na-na&utm_term=na,,,https://www.google.com/maps/place/Ritz+Spa+at+Four+Seasons+Hotel+Ritz+Lisbon/data=!4m7!3m6!1s0xd193371b64794cf:0x954d5fbd4874bace!8m2!3d38.7255576!4d-9.1553473!16s%2Fg%2F11f3c_swqq!19sChIJz5RHtnEzGQ0Rzrp0SL1fTZU?authuser=0&hl=fr&rclk=1
SAYANNA Wellness & Spa - EPIC SANA Lisboa," Av. Eng. Duarte Pacheco 15, 1070-100 Lisboa, Portugal",Lisboa+Portugal,Portugal,Centre thermal,Spa,"4,3", +351 21 159 7390,https://www.sanahotels.com/hotel/epic-sana-lisboa/sayanna-wellness-spa/,reservations@sanahotels.com,https://www.linkedin.com/company/sana-hotels,https://www.google.com/maps/place/SAYANNA+Wellness+%26+Spa+-+EPIC+SANA+Lisboa/data=!4m7!3m6!1s0xd1933785ab789f1:0x74edb569e307345b!8m2!3d38.7245416!4d-9.158487!16s%2Fg%2F11mnld2p8b!19sChIJ8Ym3WngzGQ0RWzQH42m17XQ?authuser=0&hl=fr&rclk=1
SAYANNA Wellness & Spa - MYRIAD by SANA," Espaço SAYANNA Wellness, R. Cais das Naus 2.21.01, 1990-173 Lisboa, Portugal",Lisboa+Portugal,Portugal,Centre thermal,Spa,"4,8", +351 21 110 7690,https://www.sanahotels.com/hotel/myriad-by-sana/sayanna-wellness-spa/,reservations@sanahotels.com,https://www.linkedin.com/company/sana-hotels,https://www.google.com/maps/place/SAYANNA+Wellness+%26+Spa+-+MYRIAD+by+SANA/data=!4m7!3m6!1s0xd1931f6c43c1dc5:0x9b6cafb9196f62aa!8m2!3d38.7747245!4d-9.0908558!16s%2Fg%2F11rz7khtdc!19sChIJxR08xPYxGQ0RqmJvGbmvbJs?authuser=0&hl=fr&rclk=1
Feijão Verde Fun Park Sintra," Av. Dr. Luís Sá 4, Abrunheira, 2710-089 Sintra, Portugal",Lisboa+Portugal,Portugal,Parc aquatique,Parc de loisirs,"4,2", +351 911 860 007,https://feijao-verde.com/pt/sintra/,,,https://www.google.com/maps/place/Feij%C3%A3o+Verde+Fun+Park+Sintra/data=!4m7!3m6!1s0xd1ecfe6ef077d35:0x13b2855e778c7803!8m2!3d38.7727158!4d-9.3486494!16s%2Fg%2F11c32lqjjh!19sChIJNX0H7-bPHg0RA3iMd16FshM?authuser=0&hl=fr&rclk=1
KidZania Lisboa," C.C. UBBO, Av. Cruzeiro Seixas 7 Lj 1054, 2650-504 Amadora, Portugal",Lisboa+Portugal,Portugal,Parc aquatique,Centre aéré et de loisirs pour enfants,"4,4", +351 21 154 5530,https://lisboa.kidzania.com/pt-pt,,https://www.linkedin.com/company/3015917,https://www.google.com/maps/place/KidZania+Lisboa/data=!4m7!3m6!1s0xd1ecd6f232fbd13:0x5359ea5d65801471!8m2!3d38.7775558!4d-9.2181955!16s%2Fg%2F113glc3lb!19sChIJE70vI2_NHg0RcRSAZV3qWVM?authuser=0&hl=fr&rclk=1
Water Gardens," Passeio de Ulisses, 1990-005 Lisboa, Portugal",Lisboa+Portugal,Portugal,Parc aquatique,Jardin,"4,5",,https://www.lisboa.pt/pontos-de-interesse/detalhe/jardins-da-agua,,,https://www.google.com/maps/place/Water+Gardens/data=!4m7!3m6!1s0xd193183bef56745:0xe93d98dfd4b68624!8m2!3d38.7615126!4d-9.0943351!16s%2Fg%2F1215jv5w!19sChIJRWf1voMxGQ0RJIa21N-YPek?authuser=0&hl=fr&rclk=1
Adventure Park," Centro Desportivo Nacional do Jamor, 1495-751 Cruz Quebrada, Portugal",Lisboa+Portugal,Portugal,Parc aquatique,Parc à thème,"4,5", +351 21 151 9400,http://www.adventurepark.pt/,geral@adventurepark.pt,https://www.linkedin.com/company/adventure-park-portugal,https://www.google.com/maps/place/Adventure+Park/data=!4m7!3m6!1s0xd1ecc756f490619:0xbb0ba3230326c536!8m2!3d38.7083864!4d-9.2471548!16s%2Fg%2F1pxwl_sky!19sChIJGQZJb3XMHg0RNsUmAyOjC7s?authuser=0&hl=fr&rclk=1
Free Drinking Water Tap," Av. de Roma 53D, 1700-348 Lisboa, Portugal",Lisboa+Portugal,Portugal,Parc aquatique,Fontaine à eau potable,"5,0",,,,,https://www.google.com/maps/place/Free+Drinking+Water+Tap/data=!4m7!3m6!1s0xd19337c28f75b5d:0xb2682bb59de3c4b2!8m2!3d38.7474727!4d-9.1412141!16s%2Fg%2F11v5fcx6rr!19sChIJXVv3KHwzGQ0RssTjnbUraLI?authuser=0&hl=fr&rclk=1
Parc Marechal Carmona," Praceta Domingos D’Avilez Av. da República, Portugal",Lisboa+Portugal,Portugal,Parc aquatique,Parc,"4,6",,https://ambiente.cascais.pt/pt/espacos/parques-jardins/parque-marechal-carmona-0,atendimento.municipal@cm-cascais.pt,,https://www.google.com/maps/place/Parc+Marechal+Carmona/data=!4m7!3m6!1s0xd1ec427d6413635:0x938b0f519fa16de2!8m2!3d38.69291!4d-9.422929!16s%2Fg%2F119vb8rk8!19sChIJNTZB1ifEHg0R4m2hn1EPi5M?authuser=0&hl=fr&rclk=1
Anima Park," Rua Hermenegildo Pulquério 246, 2645-089 Alcabideche, Portugal",Lisboa+Portugal,Portugal,Parc aquatique,Parc d'attractions,"4,4", +351 968 468 353,http://www.animapark.pt/,geral@animapark.pt,,https://www.google.com/maps/place/Anima+Park/data=!4m7!3m6!1s0xd1ec56dffd5367f:0x675acb3357fd8518!8m2!3d38.739252!4d-9.3875496!16s%2Fg%2F11h1fmb3xm!19sChIJfzbV_23FHg0RGIX9VzPLWmc?authuser=0&hl=fr&rclk=1
Fun Parque São João," 2825-450, Portugal",Lisboa+Portugal,Portugal,Parc aquatique,Parc à thème,"4,4", +351 912 444 077,http://funparquesaojoao.pt/,info@funparquesaojoao.pt,,https://www.google.com/maps/place/Fun+Parque+S%C3%A3o+Jo%C3%A3o/data=!4m7!3m6!1s0xd1eca523189698b:0x1fa60b419b43f77e!8m2!3d38.6610523!4d-9.2444198!16s%2Fg%2F11b7khnrf4!19sChIJi2mJMVLKHg0RfvdDm0ELph8?authuser=0&hl=fr&rclk=1
Parque Aventura Cova da Baleia," Estr. da Cabeça Alta, 2655-464 Ericeira, Portugal",Lisboa+Portugal,Portugal,Parc aquatique,Parc d'attractions,"4,3", +351 969 008 368,http://www.covadabaleia.com/,,,https://www.google.com/maps/place/Parque+Aventura+Cova+da+Baleia/data=!4m7!3m6!1s0xd1f285ac58abaa9:0xd737917b10453342!8m2!3d38.9739342!4d-9.3901153!16s%2Fg%2F1hdzz5x32!19sChIJqbqKxVooHw0RQjNFEHuRN9c?authuser=0&hl=fr&rclk=1
Funpark," Av. Dom Sebastião 99, 2825-385 Costa de Caparica, Portugal",Lisboa+Portugal,Portugal,Parc aquatique,Parc d'attractions,"3,7",,,,,https://www.google.com/maps/place/Funpark/data=!4m7!3m6!1s0xd1ecb44bb2e1b11:0xd2c929662772ad3a!8m2!3d38.6375018!4d-9.2297069!16s%2Fg%2F11t7k92xpq!19sChIJERsuu0TLHg0ROq1yJ2YpydI?authuser=0&hl=fr&rclk=1
Free Drinking Water Tap," Campo Pequeno República, 1000-078 Lisboa, Portugal",Lisboa+Portugal,Portugal,Parc aquatique,Fontaine à eau potable,"4,8",,https://www.aguadeluso.pt/pt/,,,https://www.google.com/maps/place/Free+Drinking+Water+Tap/data=!4m7!3m6!1s0xd19331413da9441:0x5ab71856f9b843ec!8m2!3d38.7431664!4d-9.1466392!16s%2Fg%2F11v5w14sfz!19sChIJQZTaExQzGQ0R7EO4-VYYt1o?authuser=0&hl=fr&rclk=1
Free Drinking Water Tap," Avenida 5 de Outubro 208, 1050-065 Lisboa, Portugal",Lisboa+Portugal,Portugal,Parc aquatique,Fontaine à eau potable,"5,0",,,,,https://www.google.com/maps/place/Free+Drinking+Water+Tap/data=!4m7!3m6!1s0xd1933ed8e8f65cb:0x744bce79ec24c0fd!8m2!3d38.7437547!4d-9.1489695!16s%2Fg%2F11v5z9k6r1!19sChIJy2WPju0zGQ0R_cAk7HnOS3Q?authuser=0&hl=fr&rclk=1
Nayora Heal | Wellness Center In Marques de Pombal Lisbon," Rua Eça de Queiroz 4A, 1050-096 Lisboa, Portugal",Lisboa+Portugal,Portugal,Thalassothérapie,Institut de massages,"4,8", +351 913 481 055,https://nayoraheal.com/,bookingnayoraheal@gmail.com,,https://www.google.com/maps/place/Nayora+Heal+%7C+Wellness+Center+In+Marques+de+Pombal+Lisbon/data=!4m7!3m6!1s0x6f091f682e5c807b:0x82cd0ea845dc8542!8m2!3d38.7266654!4d-9.1477982!16s%2Fg%2F11yvjtc9g9!19sChIJe4BcLmgfCW8RQoXcRagOzYI?authuser=0&hl=fr&rclk=1
The One Palácio da Anunciada," R. das Portas de Santo Antão 112 134, 1150-268 Lisboa, Portugal",Lisboa+Portugal,Portugal,Thalassothérapie,,"4,8", +351 21 041 2300,https://www.hotelstheone.com/en/lisbon-hotels/the-one-palacio-da-anunciada?utm_source=google_my_business&utm_medium=boton_sitio_web&utm_campaign=hpa,info.hpa@hotelstheone.com,,https://www.google.com/maps/place/The+One+Pal%C3%A1cio+da+Anunciada/data=!4m10!3m9!1s0xd19336e4d31f625:0xe3201e5ffd26dfc9!5m2!4m1!1i2!8m2!3d38.7173074!4d-9.1411617!16s%2Fg%2F11gh_6kpkh!19sChIJJfYxTW4zGQ0Ryd8m_V8eIOM?authuser=0&hl=fr&rclk=1
Azure Wellness & Spa," R. da Oliveira ao Carmo 8, 1200-309 Lisboa, Portugal",Lisboa+Portugal,Portugal,Thalassothérapie,Spa,"5,0", +351 21 043 7810,https://www.azurewellnesspa.com/?utm_source=MygoogeMaps&utm_medium=googlenovowebsiteazure&utm_campaign=novowebsiteazure,pessoa.azure@artsoulgroup.com,,https://www.google.com/maps/place/Azure+Wellness+%26+Spa/data=!4m7!3m6!1s0xd19354f76d3fe89:0x518529754c90ad58!8m2!3d38.7125047!4d-9.1414292!16s%2Fg%2F11gn2184l5!19sChIJif7Tdk81GQ0RWK2QTHUphVE?authuser=0&hl=fr&rclk=1
Jupiter Lisboa Hotel - Rooftop & Spa," Av. da República 46, 1050-195 Lisboa, Portugal",Lisboa+Portugal,Portugal,Thalassothérapie,,"4,5", +351 21 073 0100,http://www.jupiterlisboahotel.com/,info.lisboa@jupiterhotelgroup.com,https://www.linkedin.com/company/jupiterhotelgroup,https://www.google.com/maps/place/Jupiter+Lisboa+Hotel+-+Rooftop+%26+Spa/data=!4m10!3m9!1s0xd193309e3343d81:0xe089495bd4db2986!5m2!4m1!1i2!8m2!3d38.7397385!4d-9.1459179!16s%2Fg%2F11b73mt5b9!19sChIJgT004wkzGQ0Rhinb1FtJieA?authuser=0&hl=fr&rclk=1
Grande Real Villa Itália Hotel & Spa," R. Frei Nicolau de Oliveira 100, 2750-319 Cascais, Portugal",Lisboa+Portugal,Portugal,Thalassothérapie,,"4,7", +351 21 096 6000,http://granderealvillaitalia.realhotelsgroup.com/?partner=9862utm_source=google&utm_medium=organic&utm_campaign=MyBusiness&utm,grvi@realhotelsgroup.com,https://www.linkedin.com/company/hoteis-real-portugal,https://www.google.com/maps/place/Grande+Real+Villa+It%C3%A1lia+Hotel+%26+Spa/data=!4m10!3m9!1s0xd1ec69d5e2b97b9:0x8c3ec8048184594b!5m2!4m1!1i2!8m2!3d38.6910849!4d-9.4240862!16s%2Fg%2F1tgdvdl0!19sChIJuZcrXp3GHg0RS1mEgQTIPow?authuser=0&hl=fr&rclk=1
SANA Malhoa Hotel," Av. José Malhoa 8, 1099-089 Lisboa, Portugal",Lisboa+Portugal,Portugal,Thalassothérapie,,"4,4", +351 21 006 1800,https://www.sanahotels.com/hotel/sana-malhoa/,sanamalhoa@sanahotels.com,https://www.linkedin.com/company/sana-hotels,https://www.google.com/maps/place/SANA+Malhoa+Hotel/data=!4m10!3m9!1s0xd19331405282247:0x502dc6248d2d94ee!5m2!4m1!1i2!8m2!3d38.7370611!4d-9.1623656!16s%2Fg%2F1ttq3cbv!19sChIJRyIoBRQzGQ0R7pQtjSTGLVA?authuser=0&hl=fr&rclk=1
Anantara SPA Lisboa," Av. da Liberdade 185, 1269-050 Lisboa, Portugal",Lisboa+Portugal,Portugal,Thalassothérapie,Institut de spa et bien-être,"5,0", +351 21 319 8771,https://www.tivolihotels.com/pt/tivoli-avenida-liberdade-lisboa/spa,,,https://www.google.com/maps/place/Anantara+SPA+Lisboa/data=!4m7!3m6!1s0xd1933eb397fcc47:0xe9e5cac4d41e30ee!8m2!3d38.7210445!4d-9.1472783!16s%2Fg%2F11gjh9y081!19sChIJR8x_OeszGQ0R7jAe1MTK5ek?authuser=0&hl=fr&rclk=1
Monte Filipe Hotel & Spa," Estrada Nacional 245, 6050-048 Alpalhão, Portugal",Gavião+Portugal,Portugal,Hôtel avec spa,,"4,1", +351 245 745 044,http://www.montefilipehotel.com/,,,https://www.google.com/maps/place/Monte+Filipe+Hotel+%26+Spa/data=!4m10!3m9!1s0xd17f2a55a54b079:0x620da1d9cc41483c!5m2!4m1!1i2!8m2!3d39.4131035!4d-7.6218282!16s%2Fg%2F12hl1_5vz!19sChIJebBUWqXyFw0RPEhBzNmhDWI?authuser=0&hl=fr&rclk=1
AP Lago Montargil Conference & SPA," Estrada Nacional 2 Km 459, 7425-144 Montargil, Portugal",Gavião+Portugal,Portugal,Hôtel avec spa,,"4,5", +351 242 241 250,https://ap-hotelsresorts.com/montargil/,geral@ap-hotelsresorts.com,https://www.linkedin.com/company/ap-hotels-and-resorts,https://www.google.com/maps/place/AP+Lago+Montargil+Conference+%26+SPA/data=!4m10!3m9!1s0xd184af7bbe23231:0x443fa02dd163d4ef!5m2!4m1!1i2!8m2!3d39.0738795!4d-8.1665986!16s%2Fg%2F11bbv1705x!19sChIJMTLiu_dKGA0R79Rj0S2gP0Q?authuser=0&hl=fr&rclk=1
Vila Galé Collection Alter Real," Tapada do Arneiro, 7440-152, Portugal",Gavião+Portugal,Portugal,Hôtel avec spa,,"4,6", +351 245 240 130,https://www.vilagale.com/pt-pt/hoteis-portugal/hoteis-alentejo/vila-gale-collection-alter-real/,alter@vilagale.com,https://www.linkedin.com/company/vila-gale-s-a-,https://www.google.com/maps/place/Vila+Gal%C3%A9+Collection+Alter+Real/data=!4m10!3m9!1s0xd1785effe447f2b:0x67b441589665138d!5m2!4m1!1i2!8m2!3d39.222381!4d-7.687138!16s%2Fg%2F11j5485ft5!19sChIJK39E_u-FFw0RjRNlllhBtGc?authuser=0&hl=fr&rclk=1
Gavião Nature Village," São Domingos, 6040-052 Gavião, Portugal",Gavião+Portugal,Portugal,Hôtel avec spa,,"4,7", +351 241 247 360,https://www.gaviaonaturevillage.com/,rececao@gaviaonaturevillage.com,https://www.linkedin.com/company/gaviaonaturevillage,https://www.google.com/maps/place/Gavi%C3%A3o+Nature+Village/data=!4m10!3m9!1s0xd181b7b38d2f0d5:0x8e2b9eec62b1ce91!5m2!4m1!1i2!8m2!3d39.4813957!4d-7.9570984!16s%2Fg%2F11j6fj1yx6!19sChIJ1fDSOHsbGA0Rkc6xYuyeK44?authuser=0&hl=fr&rclk=1
Pousada Mosteiro Crato," R. do Mosteiro, 7430-999 Crato, Portugal",Gavião+Portugal,Portugal,Hôtel avec spa,,"4,7", +351 245 997 210,https://www.pousadas.pt/en/hotel/pousada-crato?utm_campaign=pousada-crato-partoo&utm_medium=organicsearch,recepcao.frosa@pestana.com,,https://www.google.com/maps/place/Pousada+Mosteiro+Crato/data=!4m10!3m9!1s0xd178e64b8c84d39:0x602c183be3f746f5!5m2!4m1!1i2!8m2!3d39.30674!4d-7.648122!16s%2Fg%2F12cpk9p48!19sChIJOU3IuGSOFw0R9Ub34zsYLGA?authuser=0&hl=fr&rclk=1
Praia Fluvial do Alamal," Quinta do Alamal Alamal River Club (Ex-Inatel, 6040-060 Gavião, Portugal",Gavião+Portugal,Portugal,Centre thermal,Réserve naturelle,"4,5", +351 241 639 070,https://praiasfluviais.pt/praia?id=praia-fluvial-de-quinta-do-alamal,,,https://www.google.com/maps/place/Praia+Fluvial+do+Alamal/data=!4m7!3m6!1s0xd18109a38c9361d:0xa287588387de0568!8m2!3d39.488219!4d-7.968455!16s%2Fg%2F11b8t77gzr!19sChIJHTbJOJoQGA0RaAXeh4NYh6I?authuser=0&hl=fr&rclk=1
Praia Fluvial da Ribeira da Venda," Unnamed Road, 6040-041 Comenda (Castelo Cernado), Portugal",Gavião+Portugal,Portugal,Centre thermal,Piscine extérieure,"4,4",,https://aquapolis.com.pt/praia-fluvial-da-ribeira-da-venda-na-comenda-gaviao/,juntacomenda@sapo.pt,,https://www.google.com/maps/place/Praia+Fluvial+da+Ribeira+da+Venda/data=!4m7!3m6!1s0xd181f796f61b8ef:0x61bf32ee36750004!8m2!3d39.4146118!4d-7.7998328!16s%2Fg%2F11ftxszrcj!19sChIJ77hhb3kfGA0RBAB1Nu4yv2E?authuser=0&hl=fr&rclk=1
Eco Laguna Bar," R. Dr. Dias Calazans 34, 6040-195 Gavião, Portugal",Gavião+Portugal,Portugal,Centre thermal,Bar à cocktails,"5,0", +351 914 103 988,,,,https://www.google.com/maps/place/Eco+Laguna+Bar/data=!4m7!3m6!1s0xd181b18b6fcfc13:0xfe46da1afe70b878!8m2!3d39.4642668!4d-7.9363763!16s%2Fg%2F11nc0_grng!19sChIJE_z8thgbGA0ReLhw_hraRv4?authuser=0&hl=fr&rclk=1
Eco Laguna de Gavião," R. Dr. Dias Calazans 34, 6040-115 Gavião, Portugal",Gavião+Portugal,Portugal,Centre thermal,Piscine extérieure,"4,3", +351 241 639 073,https://www.cm-gaviao.pt/viver/desporto/espacos-desportivos-e-lazer/eco-laguna-de-gaviao/,geral@cm-gaviao.pt,,https://www.google.com/maps/place/Eco+Laguna+de+Gavi%C3%A3o/data=!4m7!3m6!1s0xd181b0257d8dea7:0xfe057906a119cf70!8m2!3d39.4641322!4d-7.9365556!16s%2Fg%2F11kq4ztnbz!19sChIJp97YVwIbGA0RcM8ZoQZ5Bf4?authuser=0&hl=fr&rclk=1
Casa das Artes de Gavião," R. Dr. Dias Calazans 34, 6040-115 Gavião, Portugal",Gavião+Portugal,Portugal,Centre thermal,Musée,"4,7", +351 241 639 075,https://www.cm-gaviao.pt/visitar/conhecer/casa-das-artes-de-gaviao/,geral@cm-gaviao.pt,,https://www.google.com/maps/place/Casa+das+Artes+de+Gavi%C3%A3o/data=!4m7!3m6!1s0xd181b457bc1359b:0x3df174dfafecac0d!8m2!3d39.4642739!4d-7.9363559!16s%2Fg%2F11l1kxjhs8!19sChIJmzXBe0UbGA0RDazsr9908T0?authuser=0&hl=fr&rclk=1
Château de Belver, Portugal,Gavião+Portugal, Portugal,Centre thermal,Château,"4,5", +351 241 635 040,,,,https://www.google.com/maps/place/Ch%C3%A2teau+de+Belver/data=!4m7!3m6!1s0xd181082c22a6e01:0xf0fd28958eb89ffe!8m2!3d39.4935791!4d-7.9608711!16s%2Fm%2F04cv1vn!19sChIJAW4qwoIQGA0R_p-4jpUo_fA?authuser=0&hl=fr&rclk=1
WaterSeason Experience," Av. da Liberdade 29, 7300-065 Portalegre, Portugal",Gavião+Portugal,Portugal,Parc aquatique,Parc aquatique,,,,,,https://www.google.com/maps/place/WaterSeason+Experience/data=!4m7!3m6!1s0xd17bdf1b081e309:0xc24fed59442f48e1!8m2!3d39.2975591!4d-7.4302531!16s%2Fg%2F11n4ssxxrm!19sChIJCeOBsPG9Fw0R4UgvRFntT8I?authuser=0&hl=fr&rclk=1
Spa do Lago - Montargil," Lago Montargil & Villas Estrada Nacional 2, 7425-144 Montargil, Portugal",Gavião+Portugal,Portugal,Spa / bien-être,Spa,"4,4", +351 242 241 340,https://ap-hotelsresorts.com/montargil/spa/,geral@ap-hotelsresorts.com,https://www.linkedin.com/company/ap-hotels-and-resorts,https://www.google.com/maps/place/Spa+do+Lago+-+Montargil/data=!4m7!3m6!1s0xd184af82714b0ed:0x4bcc078989fbddc1!8m2!3d39.0743175!4d-8.166773!16s%2Fg%2F11bbrp6c8f!19sChIJ7bAUJ_hKGA0Rwd37iYkHzEs?authuser=0&hl=fr&rclk=1
Spa Relaxologia," res chao, Centro Comercial Fontedeira, Loja 12, 7300-002 Portalegre, Portugal",Gavião+Portugal,Portugal,Spa / bien-être,Institut de massages,"5,0", +351 920 286 262,,,,https://www.google.com/maps/place/Spa+Relaxologia/data=!4m7!3m6!1s0xd17bdcb96f36673:0xe4d21a714b2b4b96!8m2!3d39.2991465!4d-7.4293087!16s%2Fg%2F11wbk9gn8w!19sChIJc2bzlsu9Fw0RlksrS3Ea0uQ?authuser=0&hl=fr&rclk=1
Casas do Côro," Largo do Côro, 6430-081, Portugal",Pinhel+Portugal,Portugal,Hôtel avec spa,,"4,5", +351 917 552 020,http://www.casasdocoro.pt/,info@casasdocoro.pt,,https://www.google.com/maps/place/Casas+do+C%C3%B4ro/data=!4m10!3m9!1s0xd3c850d6874b4a7:0xa3619f7e09c808cc!5m2!4m1!1i2!8m2!3d40.9147192!4d-7.2322517!16s%2Fg%2F1tgzcn2f!19sChIJp7R0aA2FPA0RzAjICX6fYaM?authuser=0&hl=fr&rclk=1
Colmeal Countryside Hotel," Quinta do Colmeal, 6440-061 Colmeal, Portugal",Pinhel+Portugal,Portugal,Hôtel avec spa,,"4,6", +351 913 426 070,http://colmealhotel.com/,info@colmealhotel.com,,https://www.google.com/maps/place/Colmeal+Countryside+Hotel/data=!4m10!3m9!1s0xd3c638f96b192d1:0x2f8d988a9f653b4e!5m2!4m1!1i2!8m2!3d40.8553524!4d-7.0150379!16s%2Fg%2F11ckkyfkwn!19sChIJ0ZKxlo9jPA0RTjtln4qYjS8?authuser=0&hl=fr&rclk=1
Encostas do Coa," Largo da Igreja, Q.ta Nova, 6400-552, Portugal",Pinhel+Portugal,Portugal,Hôtel avec spa,,"4,7", +351 964 708 485,http://www.encostasdocoa.pt/,,,https://www.google.com/maps/place/Encostas+do+Coa/data=!4m10!3m9!1s0xd3c61a3ef76e23b:0xe7bd6f0b34749613!5m2!4m1!1i2!8m2!3d40.7996452!4d-7.0561836!16s%2Fg%2F11g_7kvhj!19sChIJO-J276NhPA0RE5Z0NAtvvec?authuser=0&hl=fr&rclk=1
Casas do Côro," Largo do Côro, 6430-081, Portugal",Pinhel+Portugal,Portugal,Hôtel avec spa,,"4,5", +351 917 552 020,http://www.casasdocoro.pt/,info@casasdocoro.pt,,https://www.google.com/maps/place/Casas+do+C%C3%B4ro/data=!4m10!3m9!1s0xd3c850d5d52b305:0xa3619f7e09c808cc!5m2!4m1!1i2!8m2!3d40.914719!4d-7.232252!16s%2Fg%2F1tgzcn2f!19sChIJBbNSXQ2FPA0RzAjICX6fYaM?authuser=0&hl=fr&rclk=1
Quinta Das Pias," Estrada Nacional 221 Km 155, 400, Pinhel 6400-528, 6400-528 Pinhel, Portugal",Pinhel+Portugal,Portugal,Centre thermal,,"4,7", +351 914 843 750,https://quintadaspias.tripcombined.com/,,,https://www.google.com/maps/place/Quinta+Das+Pias/data=!4m10!3m9!1s0xd3c605b44eb1ed9:0x8c4437170b211f69!5m2!4m1!1i2!8m2!3d40.7689571!4d-7.0585868!16s%2Fg%2F12hls7gyr!19sChIJ2R7rRFtgPA0RaR8hCxc3RIw?authuser=0&hl=fr&rclk=1
O Petisco," Pinhel, Portugal",Pinhel+Portugal,Portugal,Centre thermal,Restaurant,"4,3", +351 271 412 790,,,,https://www.google.com/maps/place/O+Petisco/data=!4m7!3m6!1s0xd3c6026811e76cb:0x9c4a5506e23a4136!8m2!3d40.7687976!4d-7.0877289!16s%2Fg%2F11g6xsqstc!19sChIJy3YegSZgPA0RNkE64gZVSpw?authuser=0&hl=fr&rclk=1
Château de Pinhel," R. do Castelo 4, 6400-340 Pinhel, Portugal",Pinhel+Portugal,Portugal,Centre thermal,Château,"4,5",,http://www.cm-pinhel.pt/,cm-pinhel@cm-pinhel.pt,,https://www.google.com/maps/place/Ch%C3%A2teau+de+Pinhel/data=!4m7!3m6!1s0xd3c604e6b5db0dd:0x15f9c84439917003!8m2!3d40.7771317!4d-7.0620164!16s%2Fm%2F0414xc1!19sChIJ3bBda05gPA0RA3CROUTI-RU?authuser=0&hl=fr&rclk=1
Entre Portas," Largo Ministro Duarte Pacheco 13, 6400-358 Pinhel, Portugal",Pinhel+Portugal,Portugal,Centre thermal,,"4,7", +351 962 026 467,https://www.facebook.com/Entre-Portas-961121903971474,,,https://www.google.com/maps/place/Entre+Portas/data=!4m7!3m6!1s0xd3c604e516e7f1b:0x417e1f493573cf1f!8m2!3d40.7758809!4d-7.0628981!16s%2Fg%2F11dfgrxxpj!19sChIJG39uUU5gPA0RH89zNUkffkE?authuser=0&hl=fr&rclk=1
Casa da Roda - Turismo de Habitação," Região Centro PT, R. dos Tiros 7, 6400-510 Pinhel, Portugal",Pinhel+Portugal,Portugal,Centre thermal,,"4,8", +351 963 145 700,http://www.casadaroda.com/,geral@casadaroda.com,,https://www.google.com/maps/place/Casa+da+Roda+-+Turismo+de+Habita%C3%A7%C3%A3o/data=!4m10!3m9!1s0xd3c604e25c21ad9:0x8fc2c5f712628d6!5m2!4m1!1i2!8m2!3d40.7764169!4d-7.0610319!16s%2Fg%2F11smj1wvqx!19sChIJ2RrCJU5gPA0R1igmcV8s_Ag?authuser=0&hl=fr&rclk=1
Casa das Histórias," R. do Terreiro 5, Quintã dos Bernardos, 6400-551 Pinhel, Portugal",Pinhel+Portugal,Portugal,Centre thermal,Hôtel,"5,0", +351 927 261 803,http://casa-das-historias.pt/,casadashistorias.quinta@gmail.com,,https://www.google.com/maps/place/Casa+das+Hist%C3%B3rias/data=!4m7!3m6!1s0xd3c613345f8839d:0x2077c1ae847bbf96!8m2!3d40.767854!4d-7.0425071!16s%2Fg%2F11mdk6405p!19sChIJnYP4RTNhPA0Rlr97hK7BdyA?authuser=0&hl=fr&rclk=1
QUINTA DA RETORTA," EN 221 - Monte e Quinta da Retorta, 6400-552, Portugal",Pinhel+Portugal,Portugal,Centre thermal,,"4,7", +351 917 411 823,https://www.facebook.com/quintadaretorta/,,,https://www.google.com/maps/place/QUINTA+DA+RETORTA/data=!4m10!3m9!1s0xd3c61b3a8b1f0bb:0x9cf6e335093afb6b!5m2!4m1!1i2!8m2!3d40.7858361!4d-7.0639165!16s%2Fg%2F11fxwbszxr!19sChIJu_CxqLNhPA0Ra_s6CTXj9pw?authuser=0&hl=fr&rclk=1
Casa da Praça - Guest House," Praça Sacadura Cabral 5, 6400-444 Pinhel, Portugal",Pinhel+Portugal,Portugal,Centre thermal,,"4,8", +351 963 084 297,https://casadapracapinhel.com/,geral@casadapracapinhel.com,,https://www.google.com/maps/place/Casa+da+Pra%C3%A7a+-+Guest+House/data=!4m10!3m9!1s0xd3c61ba730da5cb:0x54967d1fbdb573e5!5m2!4m1!1i2!8m2!3d40.7751437!4d-7.0631492!16s%2Fg%2F11s_9xpvmy!19sChIJy6UNc7phPA0R5XO1vR99llQ?authuser=0&hl=fr&rclk=1
Paço Episcopal de Pinhel," Largo Combatentes Grande Guerra, 6400-342 Pinhel, Portugal",Pinhel+Portugal,Portugal,Centre thermal,Musée historique,"4,7",,,,,https://www.google.com/maps/place/Pa%C3%A7o+Episcopal+de+Pinhel/data=!4m7!3m6!1s0xd3c604f8a48727f:0xa3a3d61cea2af131!8m2!3d40.7731962!4d-7.0624883!16s%2Fg%2F121tylt6!19sChIJf3JIik9gPA0RMfEq6hzWo6M?authuser=0&hl=fr&rclk=1
Piscina Municipal de Pinhel," Pinhel, Portugal",Pinhel+Portugal,Portugal,Parc aquatique,Piscine municipale,"4,3",,,,,https://www.google.com/maps/place/Piscina+Municipal+de+Pinhel/data=!4m7!3m6!1s0xd3c603756a24cd5:0x69c3984d38c7546d!8m2!3d40.7720527!4d-7.077411!16s%2Fg%2F11fzbkjcwt!19sChIJ1UyiVjdgPA0RbVTHOE2Yw2k?authuser=0&hl=fr&rclk=1
Piscinas Municipais Descobertas de Pinhel," R. dos Bombeiros Voluntários 10, 6400-329 Pinhel, Portugal",Pinhel+Portugal,Portugal,Parc aquatique,Piscine extérieure,"4,6",,,,,https://www.google.com/maps/place/Piscinas+Municipais+Descobertas+de+Pinhel/data=!4m7!3m6!1s0xd3c61312dbd164d:0x2955864bcf5579bf!8m2!3d40.7724924!4d-7.0656965!16s%2Fg%2F11jvqpsnws!19sChIJTRa9LTFhPA0Rv3lVz0uGVSk?authuser=0&hl=fr&rclk=1
Aquaplay - Pool Complex," Rua St.ª Maria 428, 4820-608, Portugal",Pinhel+Portugal,Portugal,Parc aquatique,Piscine extérieure,"4,3", +351 253 779 972,https://aquaplaypiscinas.pt/es/?fbclid=IwY2xjawKhJXpleHRuA2FlbQIxMAABHsWAs_kzZcVOZOg6dQ_1_kLhXhXuVPVL0lqqjf3ovI5iQEx0TVjFQTBD7lXQ_aem_Vs5Aqbz96Eov-Pud-D_0ww,info@aquaplaypiscinas.pt,,https://www.google.com/maps/place/Aquaplay+-+Pool+Complex/data=!4m7!3m6!1s0xd24ea2243b88545:0x40fde339905de166!8m2!3d41.3839174!4d-8.1572728!16s%2Fg%2F11cmtx6jrd!19sChIJRYW4QyLqJA0RZuFdkDnj_UA?authuser=0&hl=fr&rclk=1
Pinhel,,Pinhel+Portugal,,Thalassothérapie,,,,,,,https://www.google.com/maps/place/Pinhel/data=!4m7!3m6!1s0xd3c60486dd9ab33:0xbe3d888bdef43fc0!8m2!3d40.7732736!4d-7.0685935!16s%2Fg%2F11bc5hk6h2!19sChIJM6vZbUhgPA0RwD_03ouIPb4?authuser=0&hl=fr&rclk=1
Evidencia Belverde Atitude Hotel," Av. de Belverde 70, 2845-483 Amora, Portugal",Barreiro+Portugal,Portugal,Hôtel avec spa,,"4,3", +351 21 042 6900,http://www.evidenciabelverde.pt/,,,https://www.google.com/maps/place/Evidencia+Belverde+Atitude+Hotel/data=!4m10!3m9!1s0xd194a50ad4667b7:0xadc09b7f90e3e67!5m2!4m1!1i2!8m2!3d38.5989363!4d-9.139691!16s%2Fg%2F12mj_sbpf!19sChIJt2dGrVBKGQ0RZz4O-bcJ3Ao?authuser=0&hl=fr&rclk=1
Four Seasons Hotel Ritz Lisbon," R. Rodrigo da Fonseca 88, 1099-039 Lisboa, Portugal",Barreiro+Portugal,Portugal,Hôtel avec spa,,"4,7", +351 21 381 1400,https://www.fourseasons.com/lisbon/?utm_source=google&utm_medium=organicsearch&utm_campaign=tor-lis-hre-mid-seo-na&utm_content=na-na&utm_term=na,,,https://www.google.com/maps/place/Four+Seasons+Hotel+Ritz+Lisbon/data=!4m10!3m9!1s0xd193371b6441efb:0xbb3814d406b9a9f1!5m2!4m1!1i2!8m2!3d38.7259148!4d-9.1547452!16s%2Fm%2F04zjgjs!19sChIJ-x5EtnEzGQ0R8am5BtQUOLs?authuser=0&hl=fr&rclk=1
"The Vintage Lisbon, an SLH Hotel"," R. Rodrigo da Fonseca 2, 1250-191 Lisboa, Portugal",Barreiro+Portugal,Portugal,Hôtel avec spa,,"4,6", +351 21 040 5400,http://www.thevintagelisbon.com/,info@thevintagelisbon.com,,"https://www.google.com/maps/place/The+Vintage+Lisbon,+an+SLH+Hotel/data=!4m10!3m9!1s0xd184a56f48b610b:0x6d81d81a358a9df2!5m2!4m1!1i2!8m2!3d38.7200022!4d-9.1505303!16s%2Fg%2F1th1d_14!19sChIJC2GL9FZKGA0R8p2KNRrYgW0?authuser=0&hl=fr&rclk=1"
Hotel Vila d'Óbidos," Quinta Santo Antão Estrada Nossa Senhora da Luz, 2510-192 Óbidos, Portugal",Barreiro+Portugal,Portugal,Hôtel avec spa,,"4,1", +351 262 003 100,http://www.hotelviladobidos.pt/,geral@hotelviladobidos.pt,,https://www.google.com/maps/place/Hotel+Vila+d%27%C3%93bidos/data=!4m10!3m9!1s0xd18b482b3557c1d:0x6d11aa2f38dde264!5m2!4m1!1i2!8m2!3d39.372587!4d-9.156676!16s%2Fg%2F12hq09kt2!19sChIJHXxVs4K0GA0RZOLdOC-qEW0?authuser=0&hl=fr&rclk=1
Hotel Star Inn Lisbon Airport," Humberto Delgado Airport, R. C 2, 1749-125 Lisboa, Portugal",Barreiro+Portugal,Portugal,Hôtel avec spa,,"4,3", +351 21 842 5700,https://www.hotelstarinn.com/lisboa/?lang=pt-pt,,,https://www.google.com/maps/place/Hotel+Star+Inn+Lisbon+Airport/data=!4m10!3m9!1s0xd1932473eb2fbf3:0x38b29e702b1363cf!5m2!4m1!1i2!8m2!3d38.770604!4d-9.125156!16s%2Fg%2F11c6cy6v8m!19sChIJ8_uyPkcyGQ0Rz2MTK3Cesjg?authuser=0&hl=fr&rclk=1
Well Hotel & Spa," R. Duque de Wellington 3, 2560-100 Maceira, Portugal",Barreiro+Portugal,Portugal,Hôtel avec spa,,"4,6", +351 261 984 472,http://www.wellhotelportugal.com/,,,https://www.google.com/maps/place/Well+Hotel+%26+Spa/data=!4m10!3m9!1s0xd1f30bb341cc71d:0x20b201af2c9da1b8!5m2!4m1!1i2!8m2!3d39.177326!4d-9.355299!16s%2Fg%2F1tl0ym4z!19sChIJHcccNLswHw0RuKGdLK8BsiA?authuser=0&hl=fr&rclk=1
Termas do Vimeiro," Rua Fonte dos Frades, 2560-071 Maceira, Portugal",Barreiro+Portugal,Portugal,Centre thermal,,"3,9", +351 910 100 296,http://www.termasdovimeiro.pt/,geral@termasdovimeiro.pt,,https://www.google.com/maps/place/Termas+do+Vimeiro/data=!4m7!3m6!1s0xd1f30c27ac674ad:0xb6009844d95ff203!8m2!3d39.1743054!4d-9.3373282!16s%2Fg%2F1ptw70pqx!19sChIJrXTGesIwHw0RA_Jf2USYALY?authuser=0&hl=fr&rclk=1
Municipal swimming pool Barreiro," Av. Bento Gonçalves 2830, Barreiro, Portugal",Barreiro+Portugal,Portugal,Parc aquatique,Piscine municipale,"3,8", +351 21 206 8526,,,,https://www.google.com/maps/place/Municipal+swimming+pool+Barreiro/data=!4m7!3m6!1s0xd193668e319fd67:0x7ef7064ece84cdd7!8m2!3d38.6632826!4d-9.0829539!16s%2Fg%2F11bxg2xxdn!19sChIJZ_0Z42g2GQ0R182Ezk4G934?authuser=0&hl=fr&rclk=1
Municipal Park Zeca Afonso .. Vc. of Bath," Av. Capitães de Abril, 2835-022 Baixa da Banheira, Portugal",Barreiro+Portugal,Portugal,Parc aquatique,Parc,"4,4", +351 21 203 9560,https://www.cm-moita.pt/viver/informacao-municipal/mare-cheia-agenda-de-eventos/poi/parque-municipal-jose-afonso-baixa-da-banheira,cmmoita@mail.cm-moita.pt,,https://www.google.com/maps/place/Municipal+Park+Zeca+Afonso+..+Vc.+of+Bath/data=!4m7!3m6!1s0xd1937b10ab28d7f:0xa50c9bd10fe75d1c!8m2!3d38.6646603!4d-9.043803!16s%2Fg%2F11g6bf_x1b!19sChIJf42yCrE3GQ0RHF3nD9GbDKU?authuser=0&hl=fr&rclk=1
Municipal Park José Afonso," R. Bento de Jesus Caraça 14, Baixa da Banheira, Portugal",Barreiro+Portugal,Portugal,Parc aquatique,Parc,"4,4",,https://www.cm-moita.pt/viver/informacao-municipal/mare-cheia-agenda-de-eventos/poi/parque-municipal-jose-afonso-baixa-da-banheira,cmmoita@mail.cm-moita.pt,,https://www.google.com/maps/place/Municipal+Park+Jos%C3%A9+Afonso/data=!4m7!3m6!1s0xd1937b8cbeef03b:0x2a45e43ad65e4004!8m2!3d38.6605112!4d-9.0409694!16s%2Fg%2F119v0hgl4!19sChIJO_Duy7g3GQ0RBEBe1jrkRSo?authuser=0&hl=fr&rclk=1
Salina Splash," MX65+PP, 2835-000 Baixa da Banheira, Portugal",Barreiro+Portugal,Portugal,Parc aquatique,Piscine extérieure,"3,6",,,,,https://www.google.com/maps/place/Salina+Splash/data=!4m7!3m6!1s0xd1937002017ae39:0xc5e61ed7772a54dc!8m2!3d38.6625316!4d-9.0406416!16s%2Fg%2F11z8vvqp0m!19sChIJOa4XIAA3GQ0R3FQqd9ce5sU?authuser=0&hl=fr&rclk=1
Hotel Turismo de Trancoso," Rua Professora Irene Avillez, 6420-227 Trancoso, Portugal",Aguiar da Beira+Portugal,Portugal,Hôtel avec spa,,"4,2", +351 960 378 583,http://www.hotel-trancoso.com/,,,https://www.google.com/maps/place/Hotel+Turismo+de+Trancoso/data=!4m10!3m9!1s0xd3c9479d341be15:0x5facc875a7dbda3d!5m2!4m1!1i2!8m2!3d40.7746766!4d-7.3545637!16s%2Fg%2F1tt1jhzs!19sChIJFb5B03mUPA0RPdrbp3XIrF8?authuser=0&hl=fr&rclk=1
Relax Container," Relax Container, EM587, 3570-130, Portugal",Aguiar da Beira+Portugal,Portugal,Hôtel avec spa,,"5,0", +351 938 524 867,https://www.relaxcontainer.com/,,,https://www.google.com/maps/place/Relax+Container/data=!4m10!3m9!1s0xd3cb8ed44da5ebd:0xdc486e28160896c8!5m2!4m1!1i2!8m2!3d40.7225744!4d-7.5572115!16s%2Fg%2F11gh35ljj6!19sChIJvV7aRO24PA0RyJYIFihuSNw?authuser=0&hl=fr&rclk=1
Carvalhal Spa," Mamouros, Portugal",Aguiar da Beira+Portugal,Portugal,Centre thermal,,"4,4", +351 232 382 342,http://termasdocarvalhal.com/,geral@termasdocarvalhal.com,,https://www.google.com/maps/place/Carvalhal+Spa/data=!4m10!3m9!1s0xd235026ab818359:0xb8fac136168f3b58!5m2!4m1!1i2!8m2!3d40.8520383!4d-7.9318684!16s%2Fg%2F1hb_gs02_!19sChIJWYOBqyZQIw0RWDuPFjbB-rg?authuser=0&hl=fr&rclk=1
Palace Hotel e SPA - Termas de Sao Miguel," Serra da Esgalhada, 6370-183 Fornos de Algodres, Portugal",Aguiar da Beira+Portugal,Portugal,Centre thermal,,"4,0", +351 271 700 130,http://www.termasdesaomiguel.com/,,,https://www.google.com/maps/place/Palace+Hotel+e+SPA+-+Termas+de+Sao+Miguel/data=!4m10!3m9!1s0xd3cc419aebaa043:0xcc19a5f2267429d6!5m2!4m1!1i2!8m2!3d40.6236382!4d-7.5433884!16s%2Fg%2F11xcglfvx!19sChIJQ6C6rhnEPA0R1il0JvKlGcw?authuser=0&hl=fr&rclk=1
Quinta de Santo Estêvão," Quinta de Santo Estêvão, 3570-192 Aguiar da Beira, Portugal",Aguiar da Beira+Portugal,Portugal,Centre thermal,,"4,4", +351 232 680 061,http://www.quintasantoestevao.net/,geral@quintasantoestevao.net,,https://www.google.com/maps/place/Quinta+de+Santo+Est%C3%AAv%C3%A3o/data=!4m10!3m9!1s0xd3cbde82c3111e9:0x9e36832e22c4bd2c!5m2!4m1!1i2!8m2!3d40.8534954!4d-7.5126333!16s%2Fg%2F1tflz5fl!19sChIJ6RExLOi9PA0RLL3EIi6DNp4?authuser=0&hl=fr&rclk=1
Terma's Park Hotel & Restaurant," Estrada Nacional 229 Cruzamento 180, 3570-180 Pinheiro, Portugal",Aguiar da Beira+Portugal,Portugal,Centre thermal,Hôtel,"4,3", +351 232 560 040,https://www.facebook.com/termaspark.H/,,,https://www.google.com/maps/place/Terma%27s+Park+Hotel+%26+Restaurant/data=!4m7!3m6!1s0xd3cb9e5cae06777:0xb99a935fe24347f!8m2!3d40.7749833!4d-7.6028796!16s%2Fg%2F11gcx_t5jj!19sChIJd2fgyuW5PA0RfzQk_jWpmQs?authuser=0&hl=fr&rclk=1
Restaurante O Padeiro," Av. dos Combatentes do Ultramar Nº25, 3570-214 Aguiar da Beira, Portugal",Aguiar da Beira+Portugal,Portugal,Centre thermal,Restaurant,"4,2", +351 232 688 215,http://www.panifexopadeiro.pt/,panifex.panificadora.agb@gmail.com,,https://www.google.com/maps/place/Restaurante+O+Padeiro/data=!4m7!3m6!1s0xd3cbb91c9ab35fb:0x1735c3671fa78543!8m2!3d40.8205726!4d-7.5367561!16s%2Fg%2F11bbrjhmdj!19sChIJ-zWryZG7PA0RQ4WnH2fDNRc?authuser=0&hl=fr&rclk=1
"A Caldeirinha, Hospedaria, pastelaria e restaurante"," Av. dos Combatentes do Ultramar 3, 3570-016 Aguiar da Beira, Portugal",Aguiar da Beira+Portugal,Portugal,Centre thermal,Hôtel,"4,4", +351 232 688 082,https://acaldeirinha.com/,info@acaldeirinha.com,,"https://www.google.com/maps/place/A+Caldeirinha,+Hospedaria,+pastelaria+e+restaurante/data=!4m7!3m6!1s0xd3cbbcd03dacf17:0xdaae3711c0ed5071!8m2!3d40.8232604!4d-7.5341268!16s%2Fg%2F11bbrh129h!19sChIJF8_aA827PA0RcVDtwBE3rto?authuser=0&hl=fr&rclk=1"
Piscinas Municipais de Aguiar da Beira," Aguiar da Beira, Portugal",Aguiar da Beira+Portugal,Portugal,Parc aquatique,Piscine municipale,"4,5",,https://www.cm-aguiardabeira.pt/index.php?option=com_content&view=article&id=147&Itemid=400,geral@cm-aguiardabeira.pt,,https://www.google.com/maps/place/Piscinas+Municipais+de+Aguiar+da+Beira/data=!4m7!3m6!1s0xd3cbb1ecbd30b67:0x26bf3e2ba13c0a6a!8m2!3d40.8145217!4d-7.5351998!16s%2Fg%2F11gjnyxby8!19sChIJZwvTyx67PA0Rago8oSs-vyY?authuser=0&hl=fr&rclk=1
Clínica Médica de Aguiar da Beira," Bairro Padre José Augusto Fonseca Lt2, 3570-077 Aguiar da Beira, Portugal",Aguiar da Beira+Portugal,Portugal,Spa / bien-être,Clinique,"3,0", +351 232 689 700,http://www.clinicaaguiardabeira.com/home,,,https://www.google.com/maps/place/Cl%C3%ADnica+M%C3%A9dica+de+Aguiar+da+Beira/data=!4m7!3m6!1s0xd3cbb8afc7f3c39:0xf954a92a97c73284!8m2!3d40.819955!4d-7.5388215!16s%2Fg%2F11gmfmyh4q!19sChIJOTx__Iq7PA0RhDLHlyqpVPk?authuser=0&hl=fr&rclk=1
Parque Termal de Pedras Salgadas, Portugal,Aguiar da Beira+Portugal, Portugal,Spa / bien-être,Club,"4,5",,https://cm-vpaguiar.pt/visitar/o-que-visitarfazer/parque-termal-de-pedras-salgadas/,geral@cm-vpaguiar.pt,,https://www.google.com/maps/place/Parque+Termal+de+Pedras+Salgadas/data=!4m7!3m6!1s0xd3b25495ce515eb:0xbaab13142e67f595!8m2!3d41.5469881!4d-7.6075664!16s%2Fg%2F11hdjbcn_f!19sChIJ6xXlXEklOw0RlfVnLhQTq7o?authuser=0&hl=fr&rclk=1
Espaco M," Av. dos Combatentes do Ultramar 43, 3570-214 Aguiar da Beira, Portugal",Aguiar da Beira+Portugal,Portugal,Spa / bien-être,Institut de beauté,"4,7", +351 232 680 356,,,,https://www.google.com/maps/place/Espaco+M/data=!4m7!3m6!1s0xd3cbb91b9149f3b:0x5203dbadc69296cd!8m2!3d40.8201939!4d-7.5370933!16s%2Fg%2F11gdkhfz8c!19sChIJO58UuZG7PA0RzZaSxq3bA1I?authuser=0&hl=fr&rclk=1
Dakini Spa :: Erotic and Tantric Lisbon," Av. António Augusto de Aguiar 24, 1050-016 Lisboa, Portugal",Aguiar da Beira+Portugal,Portugal,Spa / bien-être,Massages érotiques,"4,8", +351 21 354 0306,https://dakinispa.pt/,geral@dakinispa.pt,,https://www.google.com/maps/place/Dakini+Spa+::+Erotic+and+Tantric+Lisbon/data=!4m7!3m6!1s0xd19339fd1017103:0x41d95120d20eb4af!8m2!3d38.7291782!4d-9.1492741!16s%2Fg%2F11sgr8xkn_!19sChIJA3EB0Z8zGQ0Rr7QO0iBR2UE?authuser=0&hl=fr&rclk=1
Pedras Salgadas Spa & Nature Park," Spa & Nature Park, 5450-140, Portugal",Aguiar da Beira+Portugal,Portugal,Spa / bien-être,,"4,5", +351 259 437 140,http://www.pedrassalgadaspark.com/,reservations@pedrassalgadaspark.com,,https://www.google.com/maps/place/Pedras+Salgadas+Spa+%26+Nature+Park/data=!4m10!3m9!1s0xd3b30249a4bda27:0x1a5e027627675ace!5m2!4m1!1i2!8m2!3d41.5460768!4d-7.6059768!16s%2Fg%2F11y22z20g!19sChIJJ9pLmiQwOw0RzlpnJ3YCXho?authuser=0&hl=fr&rclk=1
Condado de Beirós," 3660-601 Serrazes, Portugal",Aguiar da Beira+Portugal,Portugal,Thalassothérapie,,"4,7", +351 927 863 352,https://condadodebeiros.com/,geral@condadodebeiros.com,,https://www.google.com/maps/place/Condado+de+Beir%C3%B3s/data=!4m10!3m9!1s0xd23419e9189b44d:0xacf4e78ef2df3d4f!5m2!4m1!1i2!8m2!3d40.7385368!4d-8.1040172!16s%2Fg%2F11bzrgbqg5!19sChIJTbSJkZ5BIw0RTz3f8o7n9Kw?authuser=0&hl=fr&rclk=1
Taipas Termal," Largo das Termas, 4805-079 Caldelas, Portugal",Aguiar da Beira+Portugal,Portugal,Thalassothérapie,Thermes,"4,3", +351 253 577 845,http://taipastermal.com/,info@stagheaddesigns.com,,https://www.google.com/maps/place/Taipas+Termal/data=!4m7!3m6!1s0xd24fafaa7423461:0x2f534a54cd47af2e!8m2!3d41.4879285!4d-8.3424626!16s%2Fg%2F1td4q_8m!19sChIJYTRCp_r6JA0RLq9HzVRKUy8?authuser=0&hl=fr&rclk=1
Vila Baleira Resort," Sitio do, 9400-909 Cabeco da Ponta, Portugal",Aguiar da Beira+Portugal,Portugal,Thalassothérapie,,"4,3", +351 291 980 800,https://www.vilabaleira.com/vila-baleira-porto-santo/,sales@vilabaleira.com,,https://www.google.com/maps/place/Vila+Baleira+Resort/data=!4m10!3m9!1s0xc5fdd38dc795587:0x6e991a968744620d!5m2!4m1!1i2!8m2!3d33.0374124!4d-16.3626213!16s%2Fg%2F11h1f5bq9!19sChIJh1V53DjdXwwRDWJEh5YamW4?authuser=0&hl=fr&rclk=1
Hotel & Spa Alfandega da Fe," Alto da Serra de, 5350-909, Portugal",Aguiar da Beira+Portugal,Portugal,Thalassothérapie,,"3,7", +351 279 200 260,https://spahotelalfandega.com/,reservas@spahotelalfandega.com,,https://www.google.com/maps/place/Hotel+%26+Spa+Alfandega+da+Fe/data=!4m10!3m9!1s0xd3ba1876a3095d7:0x40e86ffaeb000cee!5m2!4m1!1i2!8m2!3d41.4179496!4d-7.0065336!16s%2Fg%2F1tdwwz_k!19sChIJ15UwaoehOw0R7gwA6_pv6EA?authuser=0&hl=fr&rclk=1
Água Hotels Mondim de Basto," Monte da Paradela, S/N, 4880 Mondim de Basto, Portugal",Aguiar da Beira+Portugal,Portugal,Thalassothérapie,,"4,5", +351 255 389 040,https://www.aguahotels.pt/en/mondim-de-basto/,bookings@aguahotels.pt,,https://www.google.com/maps/place/%C3%81gua+Hotels+Mondim+de+Basto/data=!4m10!3m9!1s0xd24c6051782c6e9:0x583db26e1a7e0783!5m2!4m1!1i2!8m2!3d41.3960628!4d-7.9707175!16s%2Fg%2F1tdx0v36!19sChIJ6caCFwXGJA0Rgwd-Gm6yPVg?authuser=0&hl=fr&rclk=1
Grande Hotel Thermas," R. Principal, 3660-692 São Pedro do Sul, Portugal",Aguiar da Beira+Portugal,Portugal,Thalassothérapie,,"4,3", +351 232 243 908,https://grandehotelthermas.pt/,geral@grandehotelthermas.pt,,https://www.google.com/maps/place/Grande+Hotel+Thermas/data=!4m10!3m9!1s0xd23419e025b8e63:0x2b4a9052b5cf6fe9!5m2!4m1!1i2!8m2!3d40.7402191!4d-8.0902481!16s%2Fg%2F1tgqkpw0!19sChIJY45bAp5BIw0R6W_PtVKQSis?authuser=0&hl=fr&rclk=1
Palace Hotel & Spa Termas de São Vicente," Alameda D. Rosa Branca Archer 51, Pinheiro, Portugal",Penafiel+Portugal,Portugal,Centre thermal,,"3,4", +351 255 617 080,http://www.termas-svicente.pt/,,,https://www.google.com/maps/place/Palace+Hotel+%26+Spa+Termas+de+S%C3%A3o+Vicente/data=!4m10!3m9!1s0xd249ac420314325:0xb06e2659903be615!5m2!4m1!1i2!8m2!3d41.1174022!4d-8.2945949!16s%2Fg%2F11cst13zmp!19sChIJJUMxIMSaJA0RFeY7kFkmbrA?authuser=0&hl=fr&rclk=1
Estalagem Do Vale," Sitio das feiteiras de baixo, 9240-206 São Vicente, Portugal",Calheta+Portugal,Portugal,Hôtel avec spa,,"4,0", +351 291 840 160,http://www.estalagemdovale.com/,,,https://www.google.com/maps/place/Estalagem+Do+Vale/data=!4m10!3m9!1s0xc605b3306c6171f:0x9507e4eb38d977c9!5m2!4m1!1i2!8m2!3d32.790998!4d-17.038761!16s%2Fg%2F1tjhyxkz!19sChIJHxfGBjNbYAwRyXfZOOvkB5U?authuser=0&hl=fr&rclk=1
Yeotown Madeira: The Island Home of Complete Wellbeing," Caminho Do Verde 60, 9370-729 Arco da Calheta, Portugal",Calheta+Portugal,Portugal,Hôtel avec spa,,"4,6", +351 915 038 400,http://www.yeotown.com/,welcome@yeotown.com,https://www.linkedin.com/company/yeotown-limited,https://www.google.com/maps/place/Yeotown+Madeira:+The+Island+Home+of+Complete+Wellbeing/data=!4m10!3m9!1s0xc60515580a9389d:0x484e963157974cf8!5m2!4m1!1i2!8m2!3d32.7327097!4d-17.1441792!16s%2Fg%2F11s1y4dr_1!19sChIJnTipgFVRYAwR-EyXVzGWTkg?authuser=0&hl=fr&rclk=1
Eira Do Serrado," Curral das Freiras, 9000-421 Funchal, Portugal",Calheta+Portugal,Portugal,Hôtel avec spa,,"4,4", +351 291 710 060,http://www.eiradoserrado.com/,info@eiradoserrado.com,,https://www.google.com/maps/place/Eira+Do+Serrado/data=!4m10!3m9!1s0xc605e86d091c2bd:0xf77641f62896d76f!5m2!4m1!1i2!8m2!3d32.710275!4d-16.962928!16s%2Fg%2F1tfw48w7!19sChIJvcKR0IZeYAwRb9eWKPZBdvc?authuser=0&hl=fr&rclk=1
Estalagem Do Vale," Sitio das feiteiras de baixo, 9240-206 São Vicente, Portugal",Calheta+Portugal,Portugal,Hôtel avec spa,,"4,0", +351 291 840 160,http://www.estalagemdovale.com/,,,https://www.google.com/maps/place/Estalagem+Do+Vale/data=!4m10!3m9!1s0xc605b2d338eb54d:0x9507e4eb38d977c9!5m2!4m1!1i2!8m2!3d32.7909985!4d-17.0387612!16s%2Fg%2F1tjhyxkz!19sChIJTbWOMy1bYAwRyXfZOOvkB5U?authuser=0&hl=fr&rclk=1
Hotel Jardim Atlantico," Caminho Lombo da Rocha 1, 9370-612 Prazeres, Portugal",Calheta+Portugal,Portugal,Hôtel avec spa,,"4,3", +351 291 820 220,https://www.hoteisfind.com/hotel-jardim-atlantico/,,,https://www.google.com/maps/place/Hotel+Jardim+Atlantico/data=!4m10!3m9!1s0xc60521362cbb635:0x8058f181891ec86a!5m2!4m1!1i2!8m2!3d32.7524163!4d-17.2165414!16s%2Fg%2F1tp30ms_!19sChIJNbbLYhNSYAwRasgeiYHxWIA?authuser=0&hl=fr&rclk=1
Saccharum," Rua da Serra D'Água, nº1, 9370-087 Arco da Calheta, Madeira, Portugal",Calheta+Portugal,Portugal,Hôtel avec spa,,"4,6", +351 291 820 800,https://www.savoysignature.com/saccharumhotel/en/?utm_source=google&utm_medium=googlemybusiness&utm_campaign=saccharum,,,https://www.google.com/maps/place/Saccharum/data=!4m10!3m9!1s0xc605113a38ba5c5:0xdf042bd8a5479226!5m2!4m1!1i2!8m2!3d32.7167807!4d-17.1684636!16s%2Fg%2F11ckqt0hz5!19sChIJxaWLoxNRYAwRJpJHpdgrBN8?authuser=0&hl=fr&rclk=1
Hotel do Campo," Estrada Banda D'além nº 25, 9350-232 Ribeira Brava, Portugal",Calheta+Portugal,Portugal,Hôtel avec spa,,"4,1", +351 291 950 270,http://www.hoteldocampo.com/,,,https://www.google.com/maps/place/Hotel+do+Campo/data=!4m10!3m9!1s0xc6059bcd42bd683:0xb539c76dbcb6c198!5m2!4m1!1i2!8m2!3d32.6769594!4d-17.0661346!16s%2Fg%2F1v5_bpbp!19sChIJg9Yr1LxZYAwRmMG2vG3HObU?authuser=0&hl=fr&rclk=1
Estalagem da Ponta do Sol," Caminho do Passo 6, 9360-529 Ponta do Sol, Portugal",Calheta+Portugal,Portugal,Hôtel avec spa,,"4,6", +351 291 970 200,https://www.pontadosol.com/,info@pontadosol.com,,https://www.google.com/maps/place/Estalagem+da+Ponta+do+Sol/data=!4m10!3m9!1s0xc60579c21d5b8d3:0x4a8b6da1a0dcfb79!5m2!4m1!1i2!8m2!3d32.6797678!4d-17.1036102!16s%2Fg%2F11f6g3_qmb!19sChIJ07jVIZxXYAwRefvcoKFti0o?authuser=0&hl=fr&rclk=1
Calheta Beach," Av. D. Manuel I 3, 9370-133 Estreito da Calheta, Portugal",Calheta+Portugal,Portugal,Hôtel avec spa,,"4,4", +351 291 820 300,https://www.savoysignature.com/calhetabeachhotel/en/?utm_source=google&utm_medium=googlemybusiness&utm_campaign=calheta,,,https://www.google.com/maps/place/Calheta+Beach/data=!4m10!3m9!1s0xb47b17d90000001:0xd3e456552a43ea18!5m2!4m1!1i2!8m2!3d32.719136!4d-17.1734222!16s%2Fg%2F1trc6658!19sChIJAQAAkH2xRwsRGOpDKlVW5NM?authuser=0&hl=fr&rclk=1
Hotel Atrio," Caminho Dos Moinhos 218, 9370-247 Estreito da Calheta, Portugal",Calheta+Portugal,Portugal,Hôtel avec spa,,"4,8", +351 291 820 400,http://www.atrio-madeira.com/,welcome@atrio-madeira.com,,https://www.google.com/maps/place/Hotel+Atrio/data=!4m10!3m9!1s0xc6051891de59bf3:0x2b5083f909c285b6!5m2!4m1!1i2!8m2!3d32.7463889!4d-17.1897222!16s%2Fg%2F1v4k7r_r!19sChIJ85vlHYlRYAwRtoXCCfmDUCs?authuser=0&hl=fr&rclk=1
Sociedade dos Engenhos da Calheta," Av. D. Manuel I 29, Calheta, Portugal",Calheta+Portugal,Portugal,Centre thermal,Musée,"4,3", +351 291 822 118,https://facebook.com/sociedadedosengenhosdacalheta/,,,https://www.google.com/maps/place/Sociedade+dos+Engenhos+da+Calheta/data=!4m7!3m6!1s0xc605173d231e631:0x8fd91403e5c1cf0!8m2!3d32.7228696!4d-17.1773461!16s%2Fg%2F11c5swl_4w!19sChIJMeYx0nNRYAwR8BxcPkCR_Qg?authuser=0&hl=fr&rclk=1
Lagoa do Vento," Estreito da Calheta, Portugal",Calheta+Portugal,Portugal,Centre thermal,Circuit de randonnée,"4,9",,,,,https://www.google.com/maps/place/Lagoa+do+Vento/data=!4m7!3m6!1s0xc6051e3499a2bdf:0xb105f78052c0463e!8m2!3d32.7599286!4d-17.1218849!16s%2Fg%2F11swk5wlq_!19sChIJ3yuaSeNRYAwRPkbAUoD3BbE?authuser=0&hl=fr&rclk=1
Calhau Beach Club," Caminho Serra de Água 1, 9370-083 Arco da Calheta, Portugal",Calheta+Portugal,Portugal,Centre thermal,Bar,"3,8", +351 291 820 800,https://www.savoysignature.com/saccharumhotel/pt/restaurant-bars/calhau-beach-club/,,,https://www.google.com/maps/place/Calhau+Beach+Club/data=!4m7!3m6!1s0xc60513bc307f8b9:0x20a920c9df330922!8m2!3d32.7164843!4d-17.1687381!16s%2Fg%2F11hzyynd2h!19sChIJufgHwztRYAwRIgkz38kgqSA?authuser=0&hl=fr&rclk=1
Socalco Nature Hotel," Caminho do Lombo do Salão Nº 13, 9370-174 Calheta, Portugal",Calheta+Portugal,Portugal,Centre thermal,,"4,8", +351 291 146 910,https://socalconature.com/,info@socalconature.com,,https://www.google.com/maps/place/Socalco+Nature+Hotel/data=!4m10!3m9!1s0xc605174546131cd:0x72a75e15ceb94aff!5m2!4m1!1i2!8m2!3d32.7229002!4d-17.1782506!16s%2Fg%2F11hf869fyn!19sChIJzTFhVHRRYAwR_0q5zhVep3I?authuser=0&hl=fr&rclk=1
Calheta Glamping Pods," Caminho dos Serrões 193, 9370-240 Estreito da Calheta, Portugal",Calheta+Portugal,Portugal,Centre thermal,,"4,8", +351 968 452 016,http://calheta-glamping-pods-nature-retreat.com.es/,,,https://www.google.com/maps/place/Calheta+Glamping+Pods/data=!4m10!3m9!1s0xc6051e35c4a256b:0xcbb1c4d1fb91b061!5m2!4m1!1i2!8m2!3d32.7452823!4d-17.1852031!16s%2Fg%2F11fnv__f5_!19sChIJayVKXONRYAwRYbCR-9HEscs?authuser=0&hl=fr&rclk=1
Plage de Calheta," Praia da, 9370-133 Estreito da Calheta, Portugal",Calheta+Portugal,Portugal,Centre thermal,Plage publique,"4,4", +351 291 820 200,,,,https://www.google.com/maps/place/Plage+de+Calheta/data=!4m7!3m6!1s0xc60510dd642ea67:0x1af8575b31249c87!8m2!3d32.7203488!4d-17.1783139!16s%2Fm%2F0ddc31v!19sChIJZ-pC1g1RYAwRh5wkMVtX-Bo?authuser=0&hl=fr&rclk=1
Porto de Recreio da Calheta," Calheta, Portugal",Calheta+Portugal,Portugal,Centre thermal,Port de plaisance,"4,5", +351 291 823 425,http://portorecreiocalheta.pt/,prc@tecnovia-madeira.pt,,https://www.google.com/maps/place/Porto+de+Recreio+da+Calheta/data=!4m7!3m6!1s0xc605112dca1d645:0xf8ecf7134dd6941!8m2!3d32.7186813!4d-17.1723403!16s%2Fg%2F11c6v3zcrh!19sChIJRdah3BJRYAwRQWndNHHPjg8?authuser=0&hl=fr&rclk=1
Natura Corporis Terapy and Massage," R. São João 29 fracção T Rés do chão, 9370-123 Calheta, Portugal",Calheta+Portugal,Portugal,Thalassothérapie,Massothérapeute,"5,0", +351 926 162 562,,,,https://www.google.com/maps/place/Natura+Corporis+Terapy+and+Massage/data=!4m7!3m6!1s0xc6051b20842c549:0x534776c5daaaa431!8m2!3d32.7255882!4d-17.1721195!16s%2Fg%2F11rzcwq11r!19sChIJScVCCLJRYAwRMaSq2sV2R1M?authuser=0&hl=fr&rclk=1
Terapias Relaxantes," Av. D. Manuel I, 9370-133 Calheta, Portugal",Calheta+Portugal,Portugal,Thalassothérapie,Massothérapeute,"4,9", +351 963 316 667,http://www.terapiasrelaxantes.com/,,,https://www.google.com/maps/place/Terapias+Relaxantes/data=!4m7!3m6!1s0xc605172184922ff:0x764fffb4fffbde4d!8m2!3d32.7205738!4d-17.1773928!16s%2Fg%2F11c30tj3g0!19sChIJ_yJJGHJRYAwRTd77_7T_T3Y?authuser=0&hl=fr&rclk=1
Thalasso Sea Spa | VidaMar Hotels & Resorts | Madeira," Estrada Monumental 175, São Martinho, 9000-100 Funchal, Portugal",Calheta+Portugal,Portugal,Thalassothérapie,Spa,"3,9", +351 291 717 700,https://madeira.vidamarresorts.com/pt/thalasso-sea-spa/,info@madeira.vdm.pt,https://www.linkedin.com/company/grupo-pbh,https://www.google.com/maps/place/Thalasso+Sea+Spa+%7C+VidaMar+Hotels+%26+Resorts+%7C+Madeira/data=!4m7!3m6!1s0xc605f1176e1e90b:0x1c1c77b28197a8de!8m2!3d32.6373109!4d-16.9278841!16s%2Fg%2F11rd8g_w4q!19sChIJC-nhdhFfYAwR3qiXgbJ3HBw?authuser=0&hl=fr&rclk=1
Sala Thai massage : Calheta," Av. D. Manuel I 2, 9370-135 Calheta, Portugal",Calheta+Portugal,Portugal,Thalassothérapie,Salon de massage thaïlandais,"4,8", +351 960 311 087,http://letsrelaxthaimassage.com/,,,https://www.google.com/maps/place/Sala+Thai+massage+:+Calheta/data=!4m7!3m6!1s0xc60514f03cad2ef:0x1d924eaefd126b52!8m2!3d32.7169555!4d-17.1688822!16s%2Fg%2F11yz75xj5r!19sChIJ79LKA09RYAwRUmsS_a5Okh0?authuser=0&hl=fr&rclk=1
Clinica da Estrela," Rua Padre Isaías de Freitas 9370-150, 9370-150 Calheta, Portugal",Calheta+Portugal,Portugal,Thalassothérapie,Salle de gym,"4,9", +351 291 822 835,https://www.facebook.com/pages/category/Physical-Therapist/Cl%C3%ADnica-da-Estrela-473888976150242/,,,https://www.google.com/maps/place/Clinica+da+Estrela/data=!4m7!3m6!1s0xc6051be5243c12b:0x5be30043ee99291b!8m2!3d32.7305107!4d-17.1765441!16s%2Fg%2F11h1979q49!19sChIJK8FDUr5RYAwRGymZ7kMA41s?authuser=0&hl=fr&rclk=1
Olive Nature - Hotel & SPA," R. 1 do Bairro do Pomar, 5430-434 Valpaços, Portugal",Mirandela+Portugal,Portugal,Hôtel avec spa,,"4,7", +351 913 295 083,https://www.quintadonaadelaide.com/,,,https://www.google.com/maps/place/Olive+Nature+-+Hotel+%26+SPA/data=!4m10!3m9!1s0xd3b1b740704ab2f:0xe8c097e1b37abc22!5m2!4m1!1i2!8m2!3d41.59305!4d-7.303206!16s%2Fg%2F11hwfhh5wd!19sChIJL6sEB3QbOw0RIrx6s-GXwOg?authuser=0&hl=fr&rclk=1
Grande Hotel Dom Dinis," Av. Nossa Sra. do Amparo, 5370-210 Mirandela, Portugal",Mirandela+Portugal,Portugal,Hôtel avec spa,,"3,8", +351 278 097 750,https://grandedomdinis.com/,info@grandedomdinis.com,,https://www.google.com/maps/place/Grande+Hotel+Dom+Dinis/data=!4m10!3m9!1s0xd3b0ecf90b554d1:0xc54d3a18766471af!5m2!4m1!1i2!8m2!3d41.4852778!4d-7.1866667!16s%2Fg%2F1tgn60mk!19sChIJ0VS1kM8OOw0Rr3Fkdhg6TcU?authuser=0&hl=fr&rclk=1
Olive Nature - Hotel & SPA," R. 1 do Bairro do Pomar, 5430-434 Valpaços, Portugal",Mirandela+Portugal,Portugal,Hôtel avec spa,,"4,7", +351 913 295 083,https://www.quintadonaadelaide.com/,,,https://www.google.com/maps/place/Olive+Nature+-+Hotel+%26+SPA/data=!4m10!3m9!1s0xd3b1b77d08392ff:0xe8c097e1b37abc22!5m2!4m1!1i2!8m2!3d41.5930502!4d-7.3032062!16s%2Fg%2F11hwfhh5wd!19sChIJ_5KD0HcbOw0RIrx6s-GXwOg?authuser=0&hl=fr&rclk=1
Hotel Coração do Tua," Tv. de Santa Luzia, 5370-361 Mirandela, Portugal",Mirandela+Portugal,Portugal,Hôtel avec spa,,"4,5", +351 278 149 470,https://www.coracaodotua.pt/,coracaodotuahotel@gmail.com,,https://www.google.com/maps/place/Hotel+Cora%C3%A7%C3%A3o+do+Tua/data=!4m10!3m9!1s0xd3b0ff02684f817:0xaef9c2227dd980d9!5m2!4m1!1i2!8m2!3d41.4841198!4d-7.1827665!16s%2Fg%2F11stvs67_2!19sChIJF_iEJvAPOw0R2YDZfSLC-a4?authuser=0&hl=fr&rclk=1
Hospital Terra Quente S.A.," R. 25 de Maio Nº119, 5370-535 Mirandela, Portugal",Mirandela+Portugal,Portugal,Centre thermal,Hôpital,"3,1", +351 278 400 400,https://www.htq.pt/,,,https://www.google.com/maps/place/Hospital+Terra+Quente+S.A./data=!4m7!3m6!1s0xd3b0ecb4f30378d:0xb30cbe4e29a26327!8m2!3d41.4810711!4d-7.1794722!16s%2Fg%2F1pp2v0480!19sChIJjTcwT8sOOw0RJ2OiKU6-DLM?authuser=0&hl=fr&rclk=1
aqualike," 5360-303, Portugal",Mirandela+Portugal,Portugal,Parc aquatique,Parc aquatique,"2,1", +351 279 096 000,,,,https://www.google.com/maps/place/aqualike/data=!4m7!3m6!1s0xd3b79d136fd4a4b:0x5c4e9c9d290ccecf!8m2!3d41.1870619!4d-7.11563!16s%2Fg%2F11g19yhhts!19sChIJS0r9NtF5Ow0Rz84MKZ2cTlw?authuser=0&hl=fr&rclk=1
Jardim do Largo do Capitão Pinheiro Torres de Meireles," Largo Cap. Pinheiro Torres de Meireles 99, 4150-671 Porto, Portugal",Mirandela+Portugal,Portugal,Parc aquatique,Parc citadin,"4,5",,,,,https://www.google.com/maps/place/Jardim+do+Largo+do+Capit%C3%A3o+Pinheiro+Torres+de+Meireles/data=!4m7!3m6!1s0xd246fd66e203f1d:0x830ff81bf7979d31!8m2!3d41.1515645!4d-8.6759638!16s%2Fg%2F11fk53qxkb!19sChIJHT8gbtZvJA0RMZ2X9xv4D4M?authuser=0&hl=fr&rclk=1
Mirandela Leisure Park," N15 94, Mirandela, Portugal",Mirandela+Portugal,Portugal,Parc aquatique,Parc,"4,5",,http://www.visitmirandela.com/pages/1266?geo_article_id=149,,,https://www.google.com/maps/place/Mirandela+Leisure+Park/data=!4m7!3m6!1s0xd3b0ed214db2397:0x20060d053b9b4a72!8m2!3d41.4877795!4d-7.1831214!16s%2Fg%2F11bc59tg2f!19sChIJlyPbFNIOOw0RckqbOwUNBiA?authuser=0&hl=fr&rclk=1
Pena Aventura," Rua do, Travessa do Complexo Turístico de Lamelas 2, Portela de Santa Eulália, 4870-129 Ribeira de Pena, Portugal",Mirandela+Portugal,Portugal,Parc aquatique,Parc d'attractions,"4,6", +351 259 498 085,https://www.penaaventura.com.pt/,,,https://www.google.com/maps/place/Pena+Aventura/data=!4m7!3m6!1s0xd24ce1854cba225:0xe3bfb6cee936e31e!8m2!3d41.5057163!4d-7.7995309!16s%2Fg%2F1tk64dls!19sChIJJaLLVBjOJA0RHuM26c62v-M?authuser=0&hl=fr&rclk=1
Empire Park," R. Dom Afonso III 46, 5370-408 Mirandela, Portugal",Mirandela+Portugal,Portugal,Parc aquatique,Parc,"4,5",,,,,https://www.google.com/maps/place/Empire+Park/data=!4m7!3m6!1s0xd3b0ecc2deb9e01:0x825baff6f95854a3!8m2!3d41.4839521!4d-7.1838077!16s%2Fg%2F11bw66lg0b!19sChIJAZ7rLcwOOw0Ro1RY-favW4I?authuser=0&hl=fr&rclk=1
Piscina Municipal de Mirandela," R. da Força Aérea 52A, 5370-475 Mirandela, Portugal",Mirandela+Portugal,Portugal,Parc aquatique,Piscine municipale,"4,2", +351 278 264 022,http://www.cm-mirandela.pt/,geral@cm-mirandela.pt,,https://www.google.com/maps/place/Piscina+Municipal+de+Mirandela/data=!4m7!3m6!1s0xd3b0ecaa94b8acb:0x635f027f5dbebd4f!8m2!3d41.4773008!4d-7.1793861!16s%2Fg%2F11bwcqv59x!19sChIJy4pLqcoOOw0RT72-XX8CX2M?authuser=0&hl=fr&rclk=1
Parque Urbano do Rio Diz," N16, Guarda, Portugal",Mirandela+Portugal,Portugal,Parc aquatique,Parc,"4,5",,,,,https://www.google.com/maps/place/Parque+Urbano+do+Rio+Diz/data=!4m7!3m6!1s0xd3cfac08f2ec72f:0x49ca9f9c314a6e67!8m2!3d40.5491176!4d-7.2444165!16s%2Fg%2F119vfnhq8!19sChIJL8cuj8D6PA0RZ25KMZyfykk?authuser=0&hl=fr&rclk=1
Piscina Maravilha," Rua da Maravilha, 5370-555 Mirandela, Portugal",Mirandela+Portugal,Portugal,Parc aquatique,Terrain de camping,"4,2", +351 278 265 056,,,,https://www.google.com/maps/place/Piscina+Maravilha/data=!4m7!3m6!1s0xd3b0f3cd660b70f:0x81f598eefa4cc2d2!8m2!3d41.5061609!4d-7.1974809!16s%2Fg%2F11c0vbl1qj!19sChIJD7dg1jwPOw0R0sJM-u6Y9YE?authuser=0&hl=fr&rclk=1
Parque De Campismo 3 Rios Maravilha," Mirandela, Portugal",Mirandela+Portugal,Portugal,Parc aquatique,Terrain de camping,"4,0", +351 278 265 056,https://pt-pt.facebook.com/piscinamaravilha/,,,https://www.google.com/maps/place/Parque+De+Campismo+3+Rios+Maravilha/data=!4m7!3m6!1s0xd3b0f3ccbb72acb:0xa8db4ea6886ddcd2!8m2!3d41.506722!4d-7.1969867!16s%2Fg%2F11c0slvk2q!19sChIJyyq3yzwPOw0R0txtiKZO26g?authuser=0&hl=fr&rclk=1
Camping Medas," Travessa Granja 21, Medas, Portugal",Mirandela+Portugal,Portugal,Parc aquatique,Terrain de camping,"4,2", +351 22 207 2020,http://www.campidouro.pt/,geral@campidouro.pt,,https://www.google.com/maps/place/Camping+Medas/data=!4m7!3m6!1s0xd24813b69a52681:0x7060e4b95c6e60b7!8m2!3d41.0387252!4d-8.4276754!16s%2Fg%2F119wwkl1q!19sChIJgSalaTuBJA0Rt2BuXLnkYHA?authuser=0&hl=fr&rclk=1
Casal da Porta - Quinta da Porta," R. São Sebastião, 5370-632 Mirandela, Portugal",Mirandela+Portugal,Portugal,Thalassothérapie,,"4,4", +351 926 881 507,http://www.casaldaporta.pt/,,,https://www.google.com/maps/place/Casal+da+Porta+-+Quinta+da+Porta/data=!4m10!3m9!1s0xd3b0bc51b9b6903:0x955de5cdf8ece494!5m2!4m1!1i2!8m2!3d41.4473426!4d-7.1490151!16s%2Fg%2F11btl_rxzj!19sChIJA2mbG8ULOw0RlOTs-M3lXZU?authuser=0&hl=fr&rclk=1
Hotel Globo," R. Cidade de Orthez 35, 5370-320 Mirandela, Portugal",Mirandela+Portugal,Portugal,Thalassothérapie,,"3,7", +351 21 431 6029,,,,https://www.google.com/maps/place/Hotel+Globo/data=!4m10!3m9!1s0xd3b092ce7c1ce47:0x40e2b409086eb2e4!5m2!4m1!1i2!8m2!3d41.4831352!4d-7.1904983!16s%2Fg%2F1v_ndt1y!19sChIJR87B5ywJOw0R5LJuCAm04kA?authuser=0&hl=fr&rclk=1
O Casario," Eixes, Mirandela, N213 111, 5370-642 Mirandela, Portugal",Mirandela+Portugal,Portugal,Thalassothérapie,,"4,9", +351 935 200 048,http://ocasario.pt/,geral@ocasario.pt,,https://www.google.com/maps/place/O+Casario/data=!4m10!3m9!1s0xd3b0f17c60cb399:0xc84d5b9976429cbd!5m2!4m1!1i2!8m2!3d41.5154803!4d-7.2180979!16s%2Fg%2F11ghpcgbx7!19sChIJmbMMxhcPOw0RvZxCdplbTcg?authuser=0&hl=fr&rclk=1
TUA Saúde Mirandela," R. Dr. Joaquim Trigo de Negreiros 105, 5370-429 Mirandela, Portugal",Mirandela+Portugal,Portugal,Thalassothérapie,Centre de rééducation,"5,0", +351 938 448 104,,,,https://www.google.com/maps/place/TUA+Sa%C3%BAde+Mirandela/data=!4m7!3m6!1s0xd3b0f8cea111f3d:0xff73393ac4d9a3ca!8m2!3d41.483411!4d-7.190026!16s%2Fg%2F11sc98nnj1!19sChIJPR8R6owPOw0RyqPZxDo5c_8?authuser=0&hl=fr&rclk=1
Flor de Lótus," Largo Toural 17, 5370-278 Mirandela, Portugal",Mirandela+Portugal,Portugal,Thalassothérapie,Institut de beauté,"5,0", +351 910 513 888,https://flordelotus.pt/,geral@flordelotus.pt,,https://www.google.com/maps/place/Flor+de+L%C3%B3tus/data=!4m7!3m6!1s0xd3b05736b0ec0a9:0xb7c658a8d494cc54!8m2!3d41.4844514!4d-7.1817159!16s%2Fg%2F11sc3kjglk!19sChIJqcAOa3MFOw0RVMyU1KhYxrc?authuser=0&hl=fr&rclk=1
Hotel Jorge V," Av. Comunidades Europeias 600, 5370-205 Mirandela, Portugal",Mirandela+Portugal,Portugal,Thalassothérapie,,"3,9", +351 278 265 024,https://inspectvacationrental.com/residencial-jorge-v-portugal,,,https://www.google.com/maps/place/Hotel+Jorge+V/data=!4m10!3m9!1s0xd3b092b7ee70861:0x39c3b4639259cc23!5m2!4m1!1i2!8m2!3d41.4957416!4d-7.1756316!16s%2Fg%2F1tncv5s8!19sChIJYQjnfisJOw0RI8xZkmO0wzk?authuser=0&hl=fr&rclk=1
Casa da Ponte," R. Dom Manuel I, 5370-412 Mirandela, Portugal",Mirandela+Portugal,Portugal,Thalassothérapie,,"4,9", +351 916 125 222,https://www.booking.com/hotel/pt/casa-da-ponte-mirandela.html?aid=318615;label=New_Portuguese_PT_PT_21463003585-iW59jIJ6IgH1DmY3s35BygS217246037736%3Apl%3Ata%3Ap1%3Ap2%3Aac%3Aap%3Aneg%3Afi%3Atiaud-285284110726%3Adsa-64415415025%3Alp1011742%3Ali%3Adec%3Adm;sid=42eaa156f2735e5b6b6e734740bfdefd&from_list=1;checkin=2020-04-15;checkout=2020-04-16;group_rooms=1;group_adults=2;group_children=0;;label=New_Portuguese_PT_PT_21463003585-iW59jIJ6IgH1DmY3s35BygS217246037736:pl:ta:p1:p2:ac:ap:neg:fi:tiaud-285284110726:dsa-64415415025:lp1011742:li:dec:dm,,,https://www.google.com/maps/place/Casa+da+Ponte/data=!4m10!3m9!1s0xd3b0fbef4c4f8f7:0x3587933590a2a7f!5m2!4m1!1i2!8m2!3d41.4852027!4d-7.1830806!16s%2Fg%2F11ft5w_72c!19sChIJ9_jE9L4POw0RfyoKWTN5WAM?authuser=0&hl=fr&rclk=1
MW Douro Wine & Spa," R. Mal. Teixeira Rebelo, 5030-059, Portugal",Mesão Frio+Portugal,Portugal,Hôtel avec spa,,"4,0", +351 259 104 910,https://www.hotelmwdouro.com/,reservas@mwdouro.com,,https://www.google.com/maps/place/MW+Douro+Wine+%26+Spa/data=!4m10!3m9!1s0xd3b4d6d375e8235:0xea23e877657b3bd1!5m2!4m1!1i2!8m2!3d41.2564682!4d-7.769241!16s%2Fg%2F11rmyw29dp!19sChIJNYJeN21NOw0R0Tt7ZXfoI-o?authuser=0&hl=fr&rclk=1
Douro Castelo Signature Hotel," R. do Castelo 3-17, 5100-127 Lamego, Portugal",Mesão Frio+Portugal,Portugal,Hôtel avec spa,,"4,7", +351 967 899 933,http://www.dourocastelohotel.com/,info@dourocastelohotel.com,,https://www.google.com/maps/place/Douro+Castelo+Signature+Hotel/data=!4m10!3m9!1s0xd24ac9fbb4de289:0xed53680978e3e5d2!5m2!4m1!1i2!8m2!3d41.0975376!4d-7.8085871!16s%2Fg%2F11fkdr_tbn!19sChIJieJNu5-sJA0R0uXjeAloU-0?authuser=0&hl=fr&rclk=1
Quinta das Quintãs," Quinta Das Quintãs, 4640-210 São Tomé de Covelas, Portugal",Mesão Frio+Portugal,Portugal,Hôtel avec spa,,"4,5", +351 254 882 269,http://www.quintadasquintas.com/,quintadasquintas@gmail.com,,https://www.google.com/maps/place/Quinta+das+Quint%C3%A3s/data=!4m10!3m9!1s0xd24b8f4eebcf4ff:0xa4d6ab69d8c22736!5m2!4m1!1i2!8m2!3d41.1186111!4d-7.9744444!16s%2Fg%2F1wrtf3vv!19sChIJ__S87vS4JA0RNifC2Gmr1qQ?authuser=0&hl=fr&rclk=1
Douro Cister Hotel," Douro Cister Hotel Quinta Ruinas da Abadia Velha, 3610-175 Ucanha, Portugal",Mesão Frio+Portugal,Portugal,Hôtel avec spa,,"4,4", +351 254 678 100,http://www.dourocisterhotel.pt/,geral@dourocisterhotel.pt,,https://www.google.com/maps/place/Douro+Cister+Hotel/data=!4m10!3m9!1s0xd3b545553b6122b:0xdbc61075e54db8e4!5m2!4m1!1i2!8m2!3d41.0611891!4d-7.7413886!16s%2Fg%2F11cm0fc1jj!19sChIJKxK2U1VUOw0R5LhN5XUQxts?authuser=0&hl=fr&rclk=1
Tojeira," EM564 67, 5000-325, Portugal",Mesão Frio+Portugal,Portugal,Hôtel avec spa,,"4,8",,http://www.tojeira.pt/,info@tojeira.pt,,https://www.google.com/maps/place/Tojeira/data=!4m10!3m9!1s0xd3b495d3b97f0d3:0xe25b1f928eeee326!5m2!4m1!1i2!8m2!3d41.2919314!4d-7.7810849!16s%2Fg%2F11qbkskv2r!19sChIJ0_CXO11JOw0RJuPujpIfW-I?authuser=0&hl=fr&rclk=1
Lamego Hotel & Life," R. de São João, 5100-010 Lamego, Portugal",Mesão Frio+Portugal,Portugal,Hôtel avec spa,,"4,5", +351 254 656 171,http://www.lamegohotel.pt/,reservas@lamegohotel.pt,,https://www.google.com/maps/place/Lamego+Hotel+%26+Life/data=!4m10!3m9!1s0xd24ac96355b8aef:0x791b2ca3e25e6809!5m2!4m1!1i2!8m2!3d41.1020857!4d-7.7982482!16s%2Fg%2F1tds7zty!19sChIJ74pbNZasJA0RCWhe4qMsG3k?authuser=0&hl=fr&rclk=1
Quinta da Telheira," Quinta da Telheira, 5000-391 Vila Real, Portugal",Mesão Frio+Portugal,Portugal,Hôtel avec spa,,"4,7", +351 914 811 610,http://www.quintadatelheira.com/,geral@quintadatelheira.com,,https://www.google.com/maps/place/Quinta+da+Telheira/data=!4m10!3m9!1s0xd3b4c41a56ed521:0x8b4556b9c6b5f965!5m2!4m1!1i2!8m2!3d41.2415139!4d-7.7232917!16s%2Fg%2F1vhq4_n5!19sChIJIdVupUFMOw0RZfm1xrlWRYs?authuser=0&hl=fr&rclk=1
Torel Quinta da Vacaria - Douro Valley," Q.ta da Vacaria, 5050-364 Vilarinho dos Freires, Portugal",Mesão Frio+Portugal,Portugal,Hôtel avec spa,,"4,9", +351 254 240 242,https://www.torelquintadavacaria.com/,info@torelquintadavacaria.com,,https://www.google.com/maps/place/Torel+Quinta+da+Vacaria+-+Douro+Valley/data=!4m10!3m9!1s0xd3b535e5d74009f:0x2ba12ef4b193bb22!5m2!4m1!1i2!8m2!3d41.1549971!4d-7.7690452!16s%2Fg%2F11tmk6l1t7!19sChIJnwB0XV5TOw0RIruTsfQuoSs?authuser=0&hl=fr&rclk=1
Quinta da Pacheca," Rua do Relógio do Sol, 261 Cambres, 5100-424 Lamego, Portugal",Mesão Frio+Portugal,Portugal,Hôtel avec spa,,"4,6", +351 254 331 229,https://quintadapacheca.com/pages/quintadapacheca,reservas@quintadapacheca.com,https://www.linkedin.com/company/pacheca-group,https://www.google.com/maps/place/Quinta+da+Pacheca/data=!4m10!3m9!1s0xd24acdd0c0ca439:0x7250e65803748e24!5m2!4m1!1i2!8m2!3d41.1552544!4d-7.7981159!16s%2Fg%2F1tfm7yj7!19sChIJOaQMDN2sJA0RJI50A1jmUHI?authuser=0&hl=fr&rclk=1
"Quinta Dos Padres Santos, Agroturismo & Spa"," Lugar dos Cubos, 3610-030 Lamego, Portugal",Mesão Frio+Portugal,Portugal,Hôtel avec spa,,"4,8", +351 254 678 171,https://www.quintapadressantos.com/,,,"https://www.google.com/maps/place/Quinta+Dos+Padres+Santos,+Agroturismo+%26+Spa/data=!4m10!3m9!1s0xd3b54ddef19aba1:0xa72fa05b02d2c8cb!5m2!4m1!1i2!8m2!3d41.065197!4d-7.7643328!16s%2Fg%2F12hkv5kth!19sChIJoasZ791UOw0Ry8jSAlugL6c?authuser=0&hl=fr&rclk=1"
Hotel Douro Scala," R. do Paço, 5040-154 Cidadelhe, Portugal",Mesão Frio+Portugal,Portugal,Hôtel avec spa,,"4,4", +351 254 890 020,http://www.douroscala.pt/,info@douroscala.pt,,https://www.google.com/maps/place/Hotel+Douro+Scala/data=!4m10!3m9!1s0xd24ad8c5c9f73e7:0x34b155a9f89d61c7!5m2!4m1!1i2!8m2!3d41.167414!4d-7.847084!16s%2Fg%2F1hc0y0tqn!19sChIJ53OfXIytJA0Rx2Gd-KlVsTQ?authuser=0&hl=fr&rclk=1
Peso Village," Rua da Quinta do Peso 85, 4600-642 Gondar, Portugal",Mesão Frio+Portugal,Portugal,Hôtel avec spa,,"4,9", +351 969 374 480,https://www.pesovillage.pt/,reservas@pesovillage.pt,,https://www.google.com/maps/place/Peso+Village/data=!4m10!3m9!1s0xd24b944bde63103:0xe6c806e94e414725!5m2!4m1!1i2!8m2!3d41.2569812!4d-8.0267109!16s%2Fg%2F11j6c3126w!19sChIJAzHmvUS5JA0RJUdBTukGyOY?authuser=0&hl=fr&rclk=1
Quinta dos Românticos," Largo 27 de Maio 84, 5050-442 Canelas, Portugal",Mesão Frio+Portugal,Portugal,Hôtel avec spa,,"4,4", +351 926 833 699,https://quintavaledesousa.pt/,reservas@valedesousa.pt,,https://www.google.com/maps/place/Quinta+dos+Rom%C3%A2nticos/data=!4m10!3m9!1s0xd3b53402371ca21:0x1532e801b3b5fe32!5m2!4m1!1i2!8m2!3d41.1650915!4d-7.7288468!16s%2Fg%2F11fsln51dk!19sChIJIcpxI0BTOw0RMv61swHoMhU?authuser=0&hl=fr&rclk=1
Douro Marina Hotel & SPA," Rua de Vila Nazaré 140, Caldas de Aregos, 4660-013 Miomães, Portugal",Mesão Frio+Portugal,Portugal,Hôtel avec spa,,"4,3", +351 254 870 700,http://douromarinahotel.com/,geral@douromarinahotel.com,,https://www.google.com/maps/place/Douro+Marina+Hotel+%26+SPA/data=!4m10!3m9!1s0xd24a436f7b5a0d7:0x3fee8a620d577d3f!5m2!4m1!1i2!8m2!3d41.100102!4d-8.010227!16s%2Fg%2F11c5s5b4wg!19sChIJ16C19zakJA0RP31XDWKK7j8?authuser=0&hl=fr&rclk=1
Casario do Vale Hospedagem & Eventos," R. Vale de Cales 205, 5030-064 Cumieira, Portugal",Mesão Frio+Portugal,Portugal,Hôtel avec spa,,"4,8", +351 914 086 028,https://casariodovale.webnode.pt/,casariodovale@hotmail.com,,https://www.google.com/maps/place/Casario+do+Vale+Hospedagem+%26+Eventos/data=!4m10!3m9!1s0xd3b4ca658c40001:0x25e9ad0358660e2b!5m2!4m1!1i2!8m2!3d41.2556463!4d-7.7716591!16s%2Fg%2F11jyw1r8yq!19sChIJAQDEWKZMOw0RKw5mWAOt6SU?authuser=0&hl=fr&rclk=1
Palace Hotel & Spa Monte Rio," Cruzamento com a variante - Várzea, Estr. da Lameira, 3660-692 São Pedro do Sul, Portugal",Mesão Frio+Portugal,Portugal,Spa / bien-être,,"3,6", +351 232 720 040,http://www.hotelmonterio.com.pt/,,,https://www.google.com/maps/place/Palace+Hotel+%26+Spa+Monte+Rio/data=!4m10!3m9!1s0xd23419e67afa069:0x1e6e9beb1c61f5fa!5m2!4m1!1i2!8m2!3d40.7404659!4d-8.0842381!16s%2Fg%2F1ttq3cq5!19sChIJaaCvZ55BIw0R-vVhHOubbh4?authuser=0&hl=fr&rclk=1
Time to Relax," R. dos Benguiados 248, 4480-794 Vila do Conde, Portugal",Mesão Frio+Portugal,Portugal,Spa / bien-être,Spa,"4,7", +351 965 598 369,https://spa.massage.ivof.com/time-to-relax/,info@ivof.com,,https://www.google.com/maps/place/Time+to+Relax/data=!4m7!3m6!1s0xd24441d398617e9:0xa3e790355c727152!8m2!3d41.3590892!4d-8.7462821!16s%2Fg%2F11c2l94lb9!19sChIJ6ReGOR1EJA0RUnFyXDWQ56M?authuser=0&hl=fr&rclk=1
Swan Day Spa," R. Manuel Soares de Campos 2 Loja B, 8500-045 Alvor, Portugal",Mesão Frio+Portugal,Portugal,Spa / bien-être,Spa,"4,8", +351 919 191 941,http://www.swandayspa.pt/,,,https://www.google.com/maps/place/Swan+Day+Spa/data=!4m7!3m6!1s0xd1b2f31d93aa7f5:0xa50b3acb3a26ba77!8m2!3d37.1256006!4d-8.5794204!16s%2Fg%2F1tnst5nx!19sChIJ9ac62TEvGw0Rd7omOss6C6U?authuser=0&hl=fr&rclk=1
Time For Spa," R. Manuel Marques 15D R/C, 1750-169 Lisboa, Portugal",Mesão Frio+Portugal,Portugal,Spa / bien-être,Spa,"4,8", +351 21 156 9426,http://www.timeforspa.pt/,geral@timeforspa.pt,,https://www.google.com/maps/place/Time+For+Spa/data=!4m7!3m6!1s0xd1932f060bd367d:0xfaffa558ae8162d6!8m2!3d38.765371!4d-9.154183!16s%2Fg%2F11bzt24cmh!19sChIJfTa9YPAyGQ0R1mKBrlil__o?authuser=0&hl=fr&rclk=1
SB SPACE BEAUTY CARE," R. Parque da República 63, 4430-164 Vila Nova de Gaia, Portugal",Mesão Frio+Portugal,Portugal,Spa / bien-être,Spa,"5,0", +351 969 260 333,https://instagram.com/sabrancosobrancelhas?utm_medium=copy_link,,,https://www.google.com/maps/place/SB+SPACE+BEAUTY+CARE/data=!4m7!3m6!1s0xd246542eaf7a8ed:0x1cfb3d088f708712!8m2!3d41.1244287!4d-8.6048893!16s%2Fg%2F11p5zlqb_z!19sChIJ7aj36kJlJA0REodwjwg9-xw?authuser=0&hl=fr&rclk=1
Mandalay Spa Flores," R. das Flores 27, 4050-416 Porto, Portugal",Mesão Frio+Portugal,Portugal,Spa / bien-être,Spa,"4,8", +351 22 004 7040,https://www.mandalay-spa.com/mandalay-spa-flores,flores@mandalay-spa.com,,https://www.google.com/maps/place/Mandalay+Spa+Flores/data=!4m7!3m6!1s0xd24654e6c1e67e1:0x126c539ebf28e5b7!8m2!3d41.1436944!4d-8.6142096!16s%2Fg%2F11h_z7yk78!19sChIJ4WcebE5lJA0Rt-Uov55TbBI?authuser=0&hl=fr&rclk=1
Quinta São José do Barrilário - Douro Wine Hotel & Spa," R. de São Joaninho, 5110-661 Vacalar, Portugal",Mesão Frio+Portugal,Portugal,Spa / bien-être,,"4,9", +351 254 103 328,https://barrilario.com/,reservations@barrilario.com,https://www.linkedin.com/company/pacheca-group,https://www.google.com/maps/place/Quinta+S%C3%A3o+Jos%C3%A9+do+Barril%C3%A1rio+-+Douro+Wine+Hotel+%26+Spa/data=!4m10!3m9!1s0xd3b511b67fec2a5:0x68fda75b821d1ef6!5m2!4m1!1i2!8m2!3d41.1360176!4d-7.6956714!16s%2Fg%2F11vs3s8_gz!19sChIJpcL-ZxtROw0R9h4dglun_Wg?authuser=0&hl=fr&rclk=1
Casa de Canilhas," Lugar da Banduja - Douro, 5040-302 Mesão Frio, Portugal",Mesão Frio+Portugal,Portugal,Spa / bien-être,,"4,7", +351 254 891 181,http://www.canilhas.com/,info@canilhas.com,,https://www.google.com/maps/place/Casa+de+Canilhas/data=!4m10!3m9!1s0xd24ae1a1d19b86d:0x3b881e0de98420bc!5m2!4m1!1i2!8m2!3d41.1606756!4d-7.8805612!16s%2Fg%2F1tqg1mfm!19sChIJbbgZHRquJA0RvCCE6Q0eiDs?authuser=0&hl=fr&rclk=1
SAL Spa Luz – Massage & Spa in Lagos Algarve," R. Direita 44, 8600-160 Luz, Portugal",Mesão Frio+Portugal,Portugal,Spa / bien-être,Spa,"4,8", +351 964 134 759,http://salspaluz.com/,info@salspaluz.com,,https://www.google.com/maps/place/SAL+Spa+Luz+%E2%80%93+Massage+%26+Spa+in+Lagos+Algarve/data=!4m7!3m6!1s0xd1b317e1fc891f3:0x4e7e3277c737410e!8m2!3d37.0889716!4d-8.7292221!16s%2Fg%2F11n0rpqncq!19sChIJ85HIH34xGw0RDkE3x3cyfk4?authuser=0&hl=fr&rclk=1
EcoMassage - Massage Porto," R. de 31 de Janeiro 210, 4000-153 Porto, Portugal",Mesão Frio+Portugal,Portugal,Spa / bien-être,Institut de massages,"4,9", +351 22 028 0301,https://www.ecomassage.com/book-an-appointment,,,https://www.google.com/maps/place/EcoMassage+-+Massage+Porto/data=!4m7!3m6!1s0xd2465ad42d5af05:0x6b977708280796d9!8m2!3d41.146089!4d-8.6077321!16s%2Fg%2F11jfdnsky2!19sChIJBa_VQq1lJA0R2ZYHKAh3l2s?authuser=0&hl=fr&rclk=1
"Borralha Hotel, Restaurante & Spa"," Tv. Moreira de Carvalho nº2, 5000-423 Vila Real, Portugal",Mesão Frio+Portugal,Portugal,Spa / bien-être,,"4,5", +351 259 375 158,https://borralhahotel.com/,geral@borralhahotel.com,,"https://www.google.com/maps/place/Borralha+Hotel,+Restaurante+%26+Spa/data=!4m10!3m9!1s0xd3b4a5bccc64dcb:0x3f20e909e746d82a!5m2!4m1!1i2!8m2!3d41.3138032!4d-7.7348797!16s%2Fg%2F11dyzc69tk!19sChIJy03GzFtKOw0RKthG5wnpID8?authuser=0&hl=fr&rclk=1"
Vila Douro Guesthouse," Rua Porta do Douro n1457, 5040-336 Mesão Frio, Portugal",Mesão Frio+Portugal,Portugal,Spa / bien-être,,"4,3", +351 927 591 395,http://www.viladouroguesthouse.pt/,,,https://www.google.com/maps/place/Vila+Douro+Guesthouse/data=!4m10!3m9!1s0xd24ae10dcc90d5b:0xf04a4ba1d76bd2c1!5m2!4m1!1i2!8m2!3d41.1592261!4d-7.8873354!16s%2Fg%2F11m7ngmc4n!19sChIJWw3J3BCuJA0RwdJr16FLSvA?authuser=0&hl=fr&rclk=1
Sauna Thermas," R. Guedes de Azevedo 203 porta 205, 4000-273 Porto, Portugal",Mesão Frio+Portugal,Portugal,Spa / bien-être,Sauna gay,"3,4", +351 22 205 7533,https://facebook.com/thermas205/,,,https://www.google.com/maps/place/Sauna+Thermas/data=!4m7!3m6!1s0xd2464fa522cc533:0x5bbe6599122646a9!8m2!3d41.1523119!4d-8.6075213!16s%2Fg%2F11b7dyps83!19sChIJM8UsUvpkJA0RqUYmEpllvls?authuser=0&hl=fr&rclk=1
Golden Rock - Alambique Water Spa," R. Cidade da Covilhã 88, 6230-463 Fundão, Portugal",Mesão Frio+Portugal,Portugal,Spa / bien-être,Spa,"4,2", +351 275 774 021,http://www.goldenrock.pt/,,,https://www.google.com/maps/place/Golden+Rock+-+Alambique+Water+Spa/data=!4m7!3m6!1s0xd3d3f00679af689:0x34001bca22cc6c75!8m2!3d40.1655715!4d-7.4962334!16s%2Fg%2F11vynxwy07!19sChIJifaaZwA_PQ0RdWzMIsobADQ?authuser=0&hl=fr&rclk=1
VILLASPA," Rua Carlos Alberto Ferreira Júnior, R. Q.ta dos Foios 2 Nº 9, 2925-609, Portugal",Mesão Frio+Portugal,Portugal,Spa / bien-être,Spa,"4,9", +351 924 295 158,http://www.villaspa.pt/,,,https://www.google.com/maps/place/VILLASPA/data=!4m7!3m6!1s0xd194f79076bd65b:0xa1d62579e4dd848b!8m2!3d38.5175506!4d-9.0213586!16s%2Fg%2F1tfdfqyp!19sChIJW9ZrB3lPGQ0Ri4Td5Hkl1qE?authuser=0&hl=fr&rclk=1
Grapple Hotel & Spa," Rua da Sainça nº 357, 5140-080 Carrazeda de Ansiães, Portugal",Mesão Frio+Portugal,Portugal,Spa / bien-être,,"4,4", +351 278 616 055,http://www.grapplehotel.pt/,info@grapplehotel.pt,,https://www.google.com/maps/place/Grapple+Hotel+%26+Spa/data=!4m10!3m9!1s0xd3b6f274f9f617d:0x9cc7f6a2f2465c70!5m2!4m1!1i2!8m2!3d41.2471316!4d-7.2952259!16s%2Fg%2F11sg_6fmqz!19sChIJfWGfTydvOw0RcFxG8qL2x5w?authuser=0&hl=fr&rclk=1
Casa Vale do Douro," Rua de Vale do Couto 319, 5040-315 Mesão Frio, Portugal",Mesão Frio+Portugal,Portugal,Spa / bien-être,,"4,9", +351 913 005 352,https://www.booking.com/Share-wd5NvLD,,,https://www.google.com/maps/place/Casa+Vale+do+Douro/data=!4m10!3m9!1s0xd24afa753374391:0x6af8e7a43660eefb!5m2!4m1!1i2!8m2!3d41.1595666!4d-7.886185!16s%2Fg%2F11j01q0rb9!19sChIJkUM3U6evJA0R--5gNqTn-Go?authuser=0&hl=fr&rclk=1
Vila Marim Country Houses," Rua de S. Mamede, 5040-448, Portugal",Mesão Frio+Portugal,Portugal,Spa / bien-être,,"4,4", +351 254 331 229,https://www.vilamarimcountryhouses.com/,reservas@vilamarimcountryhouses.com,https://www.linkedin.com/company/pacheca-group,https://www.google.com/maps/place/Vila+Marim+Country+Houses/data=!4m10!3m9!1s0xd24b20fc443f823:0xa15491d6ee53b229!5m2!4m1!1i2!8m2!3d41.1829425!4d-7.8594558!16s%2Fg%2F11b73kkbbq!19sChIJI_hDxA-yJA0RKbJT7taRVKE?authuser=0&hl=fr&rclk=1
Quinta de São Bernardo," Caminho do Rio 33, Vila Jusã, 5040-428 Mesão Frio, Portugal",Mesão Frio+Portugal,Portugal,Thalassothérapie,,"4,9", +351 967 293 773,http://www.quintadesaobernardo.com/,hello@quintadesaobernardo.com,,https://www.google.com/maps/place/Quinta+de+S%C3%A3o+Bernardo/data=!4m10!3m9!1s0xd24ae6ef26c105d:0x4f18e8bef3380fa9!5m2!4m1!1i2!8m2!3d41.144834!4d-7.88639!16s%2Fg%2F11c43179t_!19sChIJXRBs8m6uJA0RqQ84877oGE8?authuser=0&hl=fr&rclk=1
Casa d'Alem," Casa d'Além, R. do Souto 95, 5040-223 MSF, Portugal",Mesão Frio+Portugal,Portugal,Thalassothérapie,,"4,7", +351 917 220 373,https://casadalem.pt/,,,https://www.google.com/maps/place/Casa+d%27Alem/data=!4m10!3m9!1s0xd24b27ff50a025d:0x9b6dc5469ae92536!5m2!4m1!1i2!8m2!3d41.1751002!4d-7.8297232!16s%2Fg%2F11c2q3blj0!19sChIJXQIK9X-yJA0RNiXpmkbFbZs?authuser=0&hl=fr&rclk=1
Miradouro do Imaginário," Santa Cristina, Portugal",Mesão Frio+Portugal,Portugal,Thalassothérapie,Attraction touristique,"4,7",,,,,https://www.google.com/maps/place/Miradouro+do+Imagin%C3%A1rio/data=!4m7!3m6!1s0xd24afc7cd9ea5eb:0xd53c1e299b1c9a5e!8m2!3d41.1585674!4d-7.8801173!16s%2Fg%2F11jbjcvy0j!19sChIJ66WezcevJA0RXpocmykePNU?authuser=0&hl=fr&rclk=1
Hotel Monte Rio Aguieira," R. Várzea 16, 3450-011 Almaça, Portugal",Arganil+Portugal,Portugal,Hôtel avec spa,,"3,6", +351 231 927 010,http://aguieira.hotelmonterio.com.pt/contactos,,,https://www.google.com/maps/place/Hotel+Monte+Rio+Aguieira/data=!4m10!3m9!1s0xd231e1906790ebf:0x1e1c2912690a59ee!5m2!4m1!1i2!8m2!3d40.351038!4d-8.202704!16s%2Fg%2F1vvdwhdn!19sChIJvw55BhkeIw0R7lkKaRIpHB4?authuser=0&hl=fr&rclk=1
Unidade de Cuidados Continuados Integrados do Hospital Dr. Fernando Valle," R. Condessa das Canas 17, 3300-036 Arganil, Portugal",Arganil+Portugal,Portugal,Centre thermal,Hôpital,"3,0",,http://www.scmarganil.pt/complexo-de-saude/hospital-dr-fernando-valle-ucci/,geral@scmarganil.pt,,https://www.google.com/maps/place/Unidade+de+Cuidados+Continuados+Integrados+do+Hospital+Dr.+Fernando+Valle/data=!4m7!3m6!1s0xd22dc9970d7bc69:0x6b7b106be929e9fd!8m2!3d40.2163912!4d-8.0542819!16s%2Fg%2F11g9jsfkt_!19sChIJabzXcJncIg0R_ekp6WsQe2s?authuser=0&hl=fr&rclk=1
Antiga Cerâmica Arganilense," Rua Cidade do Rio de Janeiro, Bairro Sobreiral, 3300-145 Arganil, Portugal",Arganil+Portugal,Portugal,Centre thermal,Piscine municipale,"4,5", +351 235 200 150,https://www.cm-arganil.pt/viver/espacos-culturais/antiga-ceramica-arganilense/,geral@cm-arganil.pt,,https://www.google.com/maps/place/Antiga+Cer%C3%A2mica+Arganilense/data=!4m7!3m6!1s0xd22dc922e34439f:0xc7e42518c5ae10b0!8m2!3d40.2191483!4d-8.0623286!16s%2Fg%2F11bxjp4g5q!19sChIJn0M0LpLcIg0RsBCuxRgl5Mc?authuser=0&hl=fr&rclk=1
Fraga da Pena," Benfeita, Portugal",Arganil+Portugal,Portugal,Centre thermal,Attraction touristique,"4,7",,,,,https://www.google.com/maps/place/Fraga+da+Pena/data=!4m7!3m6!1s0xd22d03f8a855d1d:0xba3584ff46b1f0b8!8m2!3d40.2199893!4d-7.9360982!16s%2Fg%2F121z_5v_!19sChIJHV2Fij_QIg0RuPCxRv-ENbo?authuser=0&hl=fr&rclk=1
Piscina Municipal De Arganil," N342 2455, Portugal",Arganil+Portugal,Portugal,Centre thermal,Piscine municipale,"4,4", +351 235 200 140,http://www.cm-arganil.pt/,geral@cm-arganil.pt,,https://www.google.com/maps/place/Piscina+Municipal+De+Arganil/data=!4m7!3m6!1s0xd22dc93d36681b1:0xa88727331efbd2a6!8m2!3d40.2194616!4d-8.063376!16s%2Fg%2F11c1q9jwqk!19sChIJsYFm05PcIg0RptL7HjMnh6g?authuser=0&hl=fr&rclk=1
Parque Municipal de Campismo de Arganil," N342, Portugal",Arganil+Portugal,Portugal,Centre thermal,,"4,3", +351 235 200 133,,,,https://www.google.com/maps/place/Parque+Municipal+de+Campismo+de+Arganil/data=!4m10!3m9!1s0xd22dc67fcdaf69f:0xc02f0536672acd44!5m2!4m1!1i2!8m2!3d40.2414505!4d-8.0677102!16s%2Fg%2F11c75yfv2z!19sChIJn_ba_GfcIg0RRM0qZzYFL8A?authuser=0&hl=fr&rclk=1
INATEL Piodao," 6285-018 Piódão, Portugal",Arganil+Portugal,Portugal,Centre thermal,,"4,3", +351 235 730 100,https://hoteis.inatel.pt/pt/Menu/Hoteis-Alojamento/Montanha/Piodao/Inatel-Piodao.aspx,inatel.piodao@inatel.pt,,https://www.google.com/maps/place/INATEL+Piodao/data=!4m10!3m9!1s0xd22d2f4ecf3358f:0x9b60d8f9917c3327!5m2!4m1!1i2!8m2!3d40.230734!4d-7.8299401!16s%2Fg%2F1v832ctv!19sChIJjzXz7PTSIg0RJzN8kfnYYJs?authuser=0&hl=fr&rclk=1
Sanctuaire Notre-Dame de Montalto," Arganil, Portugal",Arganil+Portugal,Portugal,Centre thermal,Lieu de culte,"4,7",,,,,https://www.google.com/maps/place/Sanctuaire+Notre-Dame+de+Montalto/data=!4m7!3m6!1s0xd22db69a05aaaab:0xa7ab34f661d671e4!8m2!3d40.2160975!4d-8.0316458!16s%2Fg%2F11ckkstfby!19sChIJq6paoGnbIg0R5HHWYfY0q6c?authuser=0&hl=fr&rclk=1
MUNICIPAL HALL ARGANIL," Praça Simões Dias Apartado 10, 3304-954 Arganil, Portugal",Arganil+Portugal,Portugal,Centre thermal,Administration départementale,"4,3", +351 235 200 150,https://www.cm-arganil.pt/,geral@cm-arganil.pt,,https://www.google.com/maps/place/MUNICIPAL+HALL+ARGANIL/data=!4m7!3m6!1s0xd22dc9bd6dd5f45:0xdbf1d919f1c0709!8m2!3d40.2175108!4d-8.0546592!16s%2Fg%2F1hc0yhsbl!19sChIJRV_d1pvcIg0RCQccn5Edvw0?authuser=0&hl=fr&rclk=1
GNR - Posto Territorial de Arganil," Bairro Sobreiral, 3300-018 Arganil, Portugal",Arganil+Portugal,Portugal,Centre thermal,Service de garde de sécurité,"3,7", +351 235 200 520,https://www.gnr.pt/,support@obout.com,https://www.linkedin.com/company/guarda-nacional-republicana,https://www.google.com/maps/place/GNR+-+Posto+Territorial+de+Arganil/data=!4m7!3m6!1s0xd22dde73fb36b85:0xcd034a68366145c2!8m2!3d40.2239697!4d-8.0623346!16s%2Fg%2F11h_n7q84l!19sChIJhWuzP-fdIg0RwkVhNmhKA80?authuser=0&hl=fr&rclk=1
Casa de Campo Memórias da Comarca," Rua Doutor António José Parente dos Santos, 3300-104 Arganil, Portugal",Arganil+Portugal,Portugal,Centre thermal,,"4,4", +351 911 921 108,http://www.memoriasdacomarca.pt/,casadecampo@memoriasdacomarca.pt,,https://www.google.com/maps/place/Casa+de+Campo+Mem%C3%B3rias+da+Comarca/data=!4m10!3m9!1s0xd22ddd99e906f1f:0xfc4e25b17a58a4ee!5m2!4m1!1i2!8m2!3d40.2282466!4d-8.0520661!16s%2Fg%2F11fhqqccby!19sChIJH2-QntndIg0R7qRYerElTvw?authuser=0&hl=fr&rclk=1
Hotel de Arganil," Av. Forças Armadas H, 3300-011 Arganil, Portugal",Arganil+Portugal,Portugal,Centre thermal,,"4,2", +351 235 205 959,http://www.arganil.pt/,jf.arganil@arganil.pt,,https://www.google.com/maps/place/Hotel+de+Arganil/data=!4m10!3m9!1s0xd22dc9b6e5995df:0xa40f95042728206d!5m2!4m1!1i2!8m2!3d40.2199436!4d-8.0528438!16s%2Fg%2F1tfzyr_b!19sChIJ35VZbpvcIg0RbSAoJwSVD6Q?authuser=0&hl=fr&rclk=1
Argania SPA & Beauty," R. António Vasconcelos N 75 R/C, 3000-054 Coimbra, Portugal",Arganil+Portugal,Portugal,Centre thermal,Spa,"4,9", +351 936 122 861,https://you.zappysoftware.com/arganiaspa,,,https://www.google.com/maps/place/Argania+SPA+%26+Beauty/data=!4m7!3m6!1s0xd22f9131b14a191:0x98d1ad467e9d4da8!8m2!3d40.2124235!4d-8.4239266!16s%2Fg%2F11g_y3tj8y!19sChIJkaEUGxP5Ig0RqE2dfkat0Zg?authuser=0&hl=fr&rclk=1
Centro de Saúde de Arganil," R. Prof. José Lourenço Nogueira 15, 3300-034 Arganil, Portugal",Arganil+Portugal,Portugal,Centre thermal,Centre médical public,"2,8", +351 235 200 100,https://www.centrosaude.pt/coimbra/centro-de-saude-de-arganil,,https://www.linkedin.com/company/sns24lx,https://www.google.com/maps/place/Centro+de+Sa%C3%BAde+de+Arganil/data=!4m7!3m6!1s0xd22dc990b46a651:0x61218372bed51f72!8m2!3d40.2158431!4d-8.0544256!16s%2Fg%2F11c1rtx2b_!19sChIJUaZGC5ncIg0Rch_VvnKDIWE?authuser=0&hl=fr&rclk=1
Igreja Matriz São Gens," R. Dr. Alberto Moura Pinto 4, 3300-045 Arganil, Portugal",Arganil+Portugal,Portugal,Centre thermal,Église catholique,"4,5",,,,,https://www.google.com/maps/place/Igreja+Matriz+S%C3%A3o+Gens/data=!4m7!3m6!1s0xd22dd5a0a0f8203:0xb8e8f233e546d57b!8m2!3d40.2188738!4d-8.0532987!16s%2Fg%2F11fpgbggt8!19sChIJA4IPClrdIg0Re9VG5TPy6Lg?authuser=0&hl=fr&rclk=1
River beach of Côja," 3305-144 Coja, Portugal",Arganil+Portugal,Portugal,Centre thermal,Attraction touristique,"4,6",,https://beira.pt/diretorio/praia-fluvial-coja/,,,https://www.google.com/maps/place/River+beach+of+C%C3%B4ja/data=!4m7!3m6!1s0xd22da2e319a3817:0x6ab703ca37b675b4!8m2!3d40.2677125!4d-7.9950156!16s%2Fg%2F11cjmjg4qm!19sChIJFziaMS7aIg0RtHW2N8oDt2o?authuser=0&hl=fr&rclk=1
River Beach Poço da Cesta," 5364+XP5, 3300-221 Mata Cartomil, Portugal",Arganil+Portugal,Portugal,Parc aquatique,,"4,8",,https://beira.pt/diretorio/praia-fluvial-poco-da-cerca/,,,https://www.google.com/maps/place/River+Beach+Po%C3%A7o+da+Cesta/data=!4m7!3m6!1s0xd22cf9c1c1a2759:0x838c86e7ebf4215c!8m2!3d40.1623875!4d-7.9431406!16s%2Fg%2F11c1s11ngh!19sChIJWScaHJzPIg0RXCH06-eGjIM?authuser=0&hl=fr&rclk=1
Campus natura," rua de baixo 68, Alqueve, 3300-252 Folques, Portugal",Arganil+Portugal,Portugal,Thalassothérapie,,"4,7", +351 926 184 575,,,,https://www.google.com/maps/place/Campus+natura/data=!4m10!3m9!1s0xd22daf5e41971ad:0xef9e6ef7b575f801!5m2!4m1!1i2!8m2!3d40.2346012!4d-7.9849963!16s%2Fg%2F11bztx526z!19sChIJrXEZ5PXaIg0RAfh1tfdunu8?authuser=0&hl=fr&rclk=1
Clínica ArgoTerapias," Av. Forças Armadas 75, 3300-011 Arganil, Portugal",Arganil+Portugal,Portugal,Thalassothérapie,Clinique,"5,0", +351 969 146 373,,,,https://www.google.com/maps/place/Cl%C3%ADnica+ArgoTerapias/data=!4m7!3m6!1s0xd22dde39bc540bb:0x454b66e624a22fb9!8m2!3d40.2204216!4d-8.0535639!16s%2Fg%2F11srryypls!19sChIJu0DFm-PdIg0RuS-iJOZmS0U?authuser=0&hl=fr&rclk=1
"MedArgus - Centro Médico e Diagnóstico, Lda"," R. Visc. Sanche de Frias, 3300-045 Arganil, Portugal",Arganil+Portugal,Portugal,Thalassothérapie,Clinique,"4,2", +351 235 208 400,,,,"https://www.google.com/maps/place/MedArgus+-+Centro+M%C3%A9dico+e+Diagn%C3%B3stico,+Lda/data=!4m7!3m6!1s0xd22dd3d2c037ded:0x9cff521b507cabaf!8m2!3d40.2194395!4d-8.0531778!16s%2Fg%2F11l5hd_w0h!19sChIJ7X0DLD3dIg0Rr6t8UBtS_5w?authuser=0&hl=fr&rclk=1"
Miravillas Hotel," Aldeamento Miravillas, R. das Rosas B55, 3070-746 Coimbra, Portugal",Mira+Portugal,Portugal,Hôtel avec spa,,"4,2", +351 231 470 100,https://www.miravillas.pt/,reservas@miravillas.pt,,https://www.google.com/maps/place/Miravillas+Hotel/data=!4m10!3m9!1s0xd23b70eb333fb71:0x945917f0e0f4ad07!5m2!4m1!1i2!8m2!3d40.4364844!4d-8.7864474!16s%2Fg%2F1tr9ppz0!19sChIJcfszsw63Iw0RB6304PAXWZQ?authuser=0&hl=fr&rclk=1
Herdade Lago Real," R. das Palmeiras, 3070-153 Mira, Portugal",Mira+Portugal,Portugal,Hôtel avec spa,,"4,4", +351 231 488 269,http://www.lagoreal.pt/,geral@lagoreal.pt,,https://www.google.com/maps/place/Herdade+Lago+Real/data=!4m10!3m9!1s0xd23b74cb6f641ef:0x92ac3f6156df5b77!5m2!4m1!1i2!8m2!3d40.451481!4d-8.748574!16s%2Fg%2F1tgw69bh!19sChIJ70H2tky3Iw0Rd1vfVmE_rJI?authuser=0&hl=fr&rclk=1
Quinta do Éden," Canto de Calvao 327, EN 109, 3840-061, Portugal",Mira+Portugal,Portugal,Hôtel avec spa,,"4,4", +351 234 780 030,http://www.quintadoeden.com/,geral@quintadoeden.com,,https://www.google.com/maps/place/Quinta+do+%C3%89den/data=!4m10!3m9!1s0xd23b07d2b850bdd:0x2793bdcb7cd07f96!5m2!4m1!1i2!8m2!3d40.459184!4d-8.701634!16s%2Fg%2F11cst0wy21!19sChIJ3QuFK32wIw0Rln_QfMu9kyc?authuser=0&hl=fr&rclk=1
Herdade Lago Real," R. das Palmeiras, 3070-153 Mira, Portugal",Mira+Portugal,Portugal,Hôtel avec spa,,"4,4", +351 231 488 269,http://www.lagoreal.pt/,geral@lagoreal.pt,,https://www.google.com/maps/place/Herdade+Lago+Real/data=!4m10!3m9!1s0xd23b74cb68a8e9d:0x92ac3f6156df5b77!5m2!4m1!1i2!8m2!3d40.4514809!4d-8.7485742!16s%2Fg%2F1tgw69bh!19sChIJnY6Ktky3Iw0Rd1vfVmE_rJI?authuser=0&hl=fr&rclk=1
Hotel Quinta da Lagoa," Quinta da Lagoa, 3070-150 Mira, Portugal",Mira+Portugal,Portugal,Hôtel avec spa,,"4,2", +351 231 458 688,http://www.hotelquintadalagoa.pt/,geral@quintadalagoa.pt,,https://www.google.com/maps/place/Hotel+Quinta+da+Lagoa/data=!4m10!3m9!1s0xd23b7382080cffb:0xec595003d5bb7136!5m2!4m1!1i2!8m2!3d40.4442792!4d-8.7594784!16s%2Fg%2F1td2w53l!19sChIJ-8-AIDi3Iw0RNnG71QNQWew?authuser=0&hl=fr&rclk=1
Maçarico Beach Hotel," nº Portugal, R. Raúl Brandão 17, 3070-815 Praia de Mira, Portugal",Mira+Portugal,Portugal,Hôtel avec spa,,"4,2", +351 231 471 114,http://www.macaricobeachhotel.com/,,,https://www.google.com/maps/place/Ma%C3%A7arico+Beach+Hotel/data=!4m10!3m9!1s0xd23b78f61ebec3b:0x973e02d130f062a3!5m2!4m1!1i2!8m2!3d40.4547222!4d-8.8027778!16s%2Fg%2F1tknlqmn!19sChIJO-zrYY-3Iw0Ro2LwMNECPpc?authuser=0&hl=fr&rclk=1
Aldeamento Miravillas," Avenidade das Laranjeiras 57 Praia de Mira, 3070-742 Mira, Portugal",Mira+Portugal,Portugal,Centre thermal,Société immobilière,"4,6",,,,,https://www.google.com/maps/place/Aldeamento+Miravillas/data=!4m7!3m6!1s0xd23b78dc713a5b1:0xb5230a08ca15a249!8m2!3d40.4369938!4d-8.7881517!16s%2Fg%2F11ry8jgvml!19sChIJsaUTx423Iw0RSaIVyggKI7U?authuser=0&hl=fr&rclk=1
Tesal Thermal Monção," Av. das Caldas s/n, 4950-405 Monção, Portugal",Mira+Portugal,Portugal,Centre thermal,,"3,5", +351 251 648 367,http://www.termasdemoncao.com/,tesalmoncao@tesal.com,,https://www.google.com/maps/place/Tesal+Thermal+Mon%C3%A7%C3%A3o/data=!4m10!3m9!1s0xd2577f7886fc599:0xf32819d7a37caecb!5m2!4m1!1i2!8m2!3d42.0791525!4d-8.4732528!16s%2Fg%2F1txfqfjh!19sChIJmcVviPd3JQ0Ry658o9cZKPM?authuser=0&hl=fr&rclk=1
Monte Real Termas," R. de Leiria, 2425-039 Monte Real, Portugal",Mira+Portugal,Portugal,Centre thermal,Institut de spa et bien-être,"4,4", +351 244 618 900,http://www.termasdemontereal.pt/,info@termasdemontereal.pt,,https://www.google.com/maps/place/Monte+Real+Termas/data=!4m7!3m6!1s0xd227364213fb66f:0x987cc30dfcbdb2bd!8m2!3d39.8543765!4d-8.8701233!16s%2Fg%2F1q62d2dry!19sChIJb7Y_IWRzIg0RvbK9_A3DfJg?authuser=0&hl=fr&rclk=1
Mira Lodge Park," Rua da Estrada Florestal, 3070-752 Praia de Mira, Portugal",Mira+Portugal,Portugal,Centre thermal,,"4,0", +351 231 480 040,http://www.miralodgepark.pt/,info@miralodgepark.pt,,https://www.google.com/maps/place/Mira+Lodge+Park/data=!4m10!3m9!1s0xd23b79faac0f7cb:0x75f22d9c42f451f1!5m2!4m1!1i2!8m2!3d40.4449254!4d-8.7966907!16s%2Fg%2F11rs1bwzd!19sChIJy_fAqp-3Iw0R8VH0Qpwt8nU?authuser=0&hl=fr&rclk=1
Mira de Aire Cave," Av. Dr. Luciano Justo Ramos 470, 2485-050 Mira de Aire, Portugal",Mira+Portugal,Portugal,Parc aquatique,Attraction touristique,"4,7", +351 244 440 322,http://www.grutasmiradaire.com/,,,https://www.google.com/maps/place/Mira+de+Aire+Cave/data=!4m7!3m6!1s0xd189b07880db489:0x1d87e6e7241faf43!8m2!3d39.5401722!4d-8.7040198!16s%2Fm%2F0462m92!19sChIJibQNiAebGA0RQ68fJOfmhx0?authuser=0&hl=fr&rclk=1
Camping Park - Orbitur Mira," Estrada do Lago do Mar, 3070-378 Praia de Mira, Portugal",Mira+Portugal,Portugal,Parc aquatique,,"3,9", +351 231 471 234,https://www.orbitur.pt/pt/destinos/regiao-centro/orbitur-mira,crp@orbitur.pt,,https://www.google.com/maps/place/Camping+Park+-+Orbitur+Mira/data=!4m7!3m6!1s0xd23b799232b5009:0x92f505da30a8e2dc!8m2!3d40.4450207!4d-8.8020082!16s%2Fg%2F1tfgfj27!19sChIJCVArI5m3Iw0R3OKoMNoF9ZI?authuser=0&hl=fr&rclk=1
Mira Lodge Park," Rua da Estrada Florestal, 3070-752 Praia de Mira, Portugal",Mira+Portugal,Portugal,Parc aquatique,,"4,0", +351 231 480 040,http://www.miralodgepark.pt/,info@miralodgepark.pt,,https://www.google.com/maps/place/Mira+Lodge+Park/data=!4m7!3m6!1s0xd23b79faac0f7cb:0x75f22d9c42f451f1!8m2!3d40.4449254!4d-8.7966907!16s%2Fg%2F11rs1bwzd!19sChIJy_fAqp-3Iw0R8VH0Qpwt8nU?authuser=0&hl=fr&rclk=1
Clube Aquagruta," R. do Terreirinho 188, 2485-050 Mira de Aire, Portugal",Mira+Portugal,Portugal,Parc aquatique,Piscine extérieure,"4,2", +351 244 440 322,http://www.grutasmiradaire.com/,,,https://www.google.com/maps/place/Clube+Aquagruta/data=!4m7!3m6!1s0xd189b07660c4479:0xdc828c8778d4d969!8m2!3d39.5384951!4d-8.7034588!16s%2Fg%2F11c1nzf375!19sChIJeUQMZgebGA0RadnUeIeMgtw?authuser=0&hl=fr&rclk=1
Sté Beauty Center," Av. Cidade de Coimbra 159i, 3070-761 Praia de Mira, Portugal",Mira+Portugal,Portugal,Spa / bien-être,École d'esthétique,"5,0", +351 912 106 983,https://www.instagram.com/stebeautycenter/?hl=pt,,,https://www.google.com/maps/place/St%C3%A9+Beauty+Center/data=!4m7!3m6!1s0xd23b77a618ca939:0x7afa5279aceff698!8m2!3d40.4555814!4d-8.796505!16s%2Fg%2F11fqt4tc2z!19sChIJOamMYXq3Iw0RmPbvrHlS-no?authuser=0&hl=fr&rclk=1
ATLANTIC SPOT Guest House," R. dos Moliceiros, 3070-702 Mira, Portugal",Mira+Portugal,Portugal,Spa / bien-être,,"4,5", +351 968 033 287,https://www.instagram.com/atlanticspot/,,,https://www.google.com/maps/place/ATLANTIC+SPOT+Guest+House/data=!4m10!3m9!1s0xd23b9b4326888c9:0x7fbc8718a5e1830b!5m2!4m1!1i2!8m2!3d40.4889084!4d-8.7830486!16s%2Fg%2F11h0488v1s!19sChIJyYhoMrS5Iw0RC4PhpRiHvH8?authuser=0&hl=fr&rclk=1
Garça Real Hotel & SPA," Rua Principal da Coutada nº415 Estrada N111, 3140-166 Coimbra, Portugal",Mira+Portugal,Portugal,Spa / bien-être,,"4,4", +351 239 495 150,https://sites.google.com/view/garca-real-hotel-spa/,,,https://www.google.com/maps/place/Gar%C3%A7a+Real+Hotel+%26+SPA/data=!4m10!3m9!1s0xd2251bc8135fc2b:0xda8b9cef757fe4bf!5m2!4m1!1i2!8m2!3d40.2064007!4d-8.6294254!16s%2Fg%2F11c0sytbwk!19sChIJK_w1gbxRIg0Rv-R_de-ci9o?authuser=0&hl=fr&rclk=1
Beauty Sense (centro de estética)," R. Afonso Costa 18, 3070-305 Mira, Portugal",Mira+Portugal,Portugal,Spa / bien-être,Institut de beauté,"4,9", +351 919 496 039,,,,https://www.google.com/maps/place/Beauty+Sense+%28centro+de+est%C3%A9tica%29/data=!4m7!3m6!1s0xd23b189571c0269:0x2e7fa0110ba8d960!8m2!3d40.426112!4d-8.7367181!16s%2Fg%2F11hdh077kv!19sChIJaQIcV4mxIw0RYNmoCxGgfy4?authuser=0&hl=fr&rclk=1
Vitória Stone Hotel," R. Diana de Liz 5, 7005-413 Évora, Portugal",Évora+Portugal,Portugal,Hôtel avec spa,,"4,5", +351 266 707 174,http://www.vitoriastonehotel.com/,info@vitoriastonehotel.com,,https://www.google.com/maps/place/Vit%C3%B3ria+Stone+Hotel/data=!4m10!3m9!1s0xd19e4d9d0b80b0d:0x3f2d9ab11c92dcc4!5m2!4m1!1i2!8m2!3d38.5641896!4d-7.9122489!16s%2Fg%2F1tdhn2cq!19sChIJDQu40NnkGQ0RxNySHLGaLT8?authuser=0&hl=fr&rclk=1
Hotel Vila Galé Évora," Avenida Túlio Espanca, 7005-840 Évora, Portugal",Évora+Portugal,Portugal,Hôtel avec spa,,"4,4", +351 266 758 100,https://www.vilagale.com/pt-pt/hoteis-portugal/hoteis-alentejo/vila-gale-evora/,evora@vilagale.com,https://www.linkedin.com/company/vila-gale-s-a-,https://www.google.com/maps/place/Hotel+Vila+Gal%C3%A9+%C3%89vora/data=!4m10!3m9!1s0xd19e526e1100f89:0x8391310d34486853!5m2!4m1!1i2!8m2!3d38.5670218!4d-7.9161843!16s%2Fg%2F11b73ksrty!19sChIJiQ8Q4SblGQ0RU2hINA0xkYM?authuser=0&hl=fr&rclk=1
The Lince Ecorkhotel Évora," Quinta da Deserta e Malina, 7000-804 Évora, Portugal",Évora+Portugal,Portugal,Hôtel avec spa,,"4,4", +351 266 738 500,http://www.thelincehotels.com/ecorkhotel,info.ecork@thelincehotels.com,,https://www.google.com/maps/place/The+Lince+Ecorkhotel+%C3%89vora/data=!4m10!3m9!1s0xd19effcb645deb9:0xb7fac53e66fe7fc8!5m2!4m1!1i2!8m2!3d38.5532907!4d-7.9698766!16s%2Fg%2F12vs19prx!19sChIJud5FtvzvGQ0RyH_-Zj7F-rc?authuser=0&hl=fr&rclk=1
Évora Hotel," Avenida Túlio Espanca Apart. 93, 7002-502 Évora, Portugal",Évora+Portugal,Portugal,Hôtel avec spa,,"4,2", +351 266 748 800,http://www.evorahotel.pt/,reservas@evorahotel.pt,,https://www.google.com/maps/place/%C3%89vora+Hotel/data=!4m10!3m9!1s0xd19e526c1bfaa5d:0x4233111eb4c1707e!5m2!4m1!1i2!8m2!3d38.563646!4d-7.932754!16s%2Fg%2F1tgkjkcn!19sChIJXaq_wSblGQ0RfnDBtB4RM0I?authuser=0&hl=fr&rclk=1
"Convento do Espinheiro, Historic Hotel & Spa - Évora"," Evora, Portugal",Évora+Portugal,Portugal,Hôtel avec spa,,"4,7", +351 266 788 200,http://www.conventodoespinheiro.com/,reservas@conventodoespinheiro.com,,"https://www.google.com/maps/place/Convento+do+Espinheiro,+Historic+Hotel+%26+Spa+-+%C3%89vora/data=!4m10!3m9!1s0xd22f3677d981851:0x70755580aab83379!5m2!4m1!1i2!8m2!3d38.6011796!4d-7.8885015!16s%2Fg%2F12hhgyr6s!19sChIJURiYfWfzIg0ReTO4qoBVdXA?authuser=0&hl=fr&rclk=1"
Évora Hotel," Avenida Túlio Espanca Apart. 93, 7002-502 Évora, Portugal",Évora+Portugal,Portugal,Hôtel avec spa,,"4,2", +351 266 748 800,http://www.evorahotel.pt/,reservas@evorahotel.pt,,https://www.google.com/maps/place/%C3%89vora+Hotel/data=!4m10!3m9!1s0xd19e539928724a7:0x4233111eb4c1707e!5m2!4m1!1i2!8m2!3d38.563646!4d-7.932754!16s%2Fg%2F1tgkjkcn!19sChIJpySHkjnlGQ0RfnDBtB4RM0I?authuser=0&hl=fr&rclk=1
Hotel Vila Galé Évora," Avenida Túlio Espanca, 7005-840 Évora, Portugal",Évora+Portugal,Portugal,Hôtel avec spa,,"4,4", +351 266 758 100,https://www.vilagale.com/pt-pt/hoteis-portugal/hoteis-alentejo/vila-gale-evora/,evora@vilagale.com,https://www.linkedin.com/company/vila-gale-s-a-,https://www.google.com/maps/place/Hotel+Vila+Gal%C3%A9+%C3%89vora/data=!4m10!3m9!1s0xd19e52766fa99a9:0x8391310d34486853!5m2!4m1!1i2!8m2!3d38.567022!4d-7.916184!16s%2Fg%2F11b73ksrty!19sChIJqZn6ZiflGQ0RU2hINA0xkYM?authuser=0&hl=fr&rclk=1
M'ar de Ar Aqueduto," R. Cândido dos Reis 72, 7000-524 Évora, Portugal",Évora+Portugal,Portugal,Hôtel avec spa,,"4,5", +351 266 740 700,http://www.mardearhotels.com/,geral@mardearhotels.com,https://www.linkedin.com/company/m,https://www.google.com/maps/place/M%27ar+de+Ar+Aqueduto/data=!4m10!3m9!1s0xd2464e4607e1a01:0xe538abbaa52357da!5m2!4m1!1i2!8m2!3d38.5752006!4d-7.913693!16s%2Fg%2F1tjcqqyg!19sChIJARp-YORkJA0R2lcjpbqrOOU?authuser=0&hl=fr&rclk=1
Termas Romanas de Évora," Praça do Sertório s/n, 7004-506 Évora, Portugal",Évora+Portugal,Portugal,Centre thermal,Préservation du patrimoine,"4,3",,https://www.cm-evora.pt/locais/termas-romanas/?mp=19592&mc=2743,cmevora@cm-evora.pt,,https://www.google.com/maps/place/Termas+Romanas+de+%C3%89vora/data=!4m7!3m6!1s0xd19e5bff1bdf89d:0xc89f602a5961f714!8m2!3d38.5722977!4d-7.9095168!16s%2Fg%2F11qn5kyb_7!19sChIJnfi98b_lGQ0RFPdhWSpgn8g?authuser=0&hl=fr&rclk=1
Temple romain d'Évora," Largo do Conde de Vila Flor, 7000-863 Évora, Portugal",Évora+Portugal,Portugal,Centre thermal,Lieu historique,"4,6", +351 266 769 450,https://www.visitevora.net/templo-romano-evora-diana/,,,https://www.google.com/maps/place/Temple+romain+d%27%C3%89vora/data=!4m7!3m6!1s0xd19e4dd098f7a41:0x1a7638f5bfbe7fbd!8m2!3d38.5725904!4d-7.9072944!16s%2Fm%2F03hlk1t!19sChIJQXqPCd3kGQ0RvX--v_U4dho?authuser=0&hl=fr&rclk=1
Inacquaveritas," R. do Imaginário 11, 7000-525 Évora, Portugal",Évora+Portugal,Portugal,Centre thermal,Spa,"4,8", +351 966 710 360,http://www.inacquaveritas.com/,booking@inacquaveritas.com,,https://www.google.com/maps/place/Inacquaveritas/data=!4m7!3m6!1s0xd19e584a976c211:0x7ade3a7897ca1724!8m2!3d38.5715616!4d-7.910739!16s%2Fg%2F11h034qg7l!19sChIJEcJ2qYTlGQ0RJBfKl3g63no?authuser=0&hl=fr&rclk=1
Azure Wellness," R. de Eborim 18, 7000-659 Évora, Portugal",Évora+Portugal,Portugal,Centre thermal,Spa,"4,4", +351 961 829 481,https://www.artsoulgroup.com/evoraolivehotel/spa/,olive@artsoulgroup.com,,https://www.google.com/maps/place/Azure+Wellness/data=!4m7!3m6!1s0xd19e58d9672b6e3:0xe66fdd0e4c4398!8m2!3d38.568251!4d-7.9063353!16s%2Fg%2F11kpk9gtpt!19sChIJ47Zylo3lGQ0RmENMDt1v5gA?authuser=0&hl=fr&rclk=1
Alto de São Bento," 38°34'51.2""N 7°56'15., EN1, Portugal",Évora+Portugal,Portugal,Parc aquatique,Point de vue,"4,5", +351 969 254 663,,,,https://www.google.com/maps/place/Alto+de+S%C3%A3o+Bento/data=!4m7!3m6!1s0xd19e56d32cfb3c9:0x5a27ff8427c039f2!8m2!3d38.5808889!4d-7.9375278!16s%2Fg%2F11bxb9dwt0!19sChIJybPPMm3lGQ0R8jnAJ4T_J1o?authuser=0&hl=fr&rclk=1
Municipal Pools Of Évora," Av. Eng. Arantes e Oliveira, 7000-758 Évora, Portugal",Évora+Portugal,Portugal,Parc aquatique,Piscine municipale,"4,1", +351 266 777 186,https://www.cm-evora.pt/visitante/lazer-visitar/piscinas-municipais/,piscinasmunicipais@cm-evora.pt,,https://www.google.com/maps/place/Municipal+Pools+Of+%C3%89vora/data=!4m7!3m6!1s0xd19e517d6c1f62b:0xedae6e4efc92c9d5!8m2!3d38.5732488!4d-7.9289164!16s%2Fg%2F119txrqd2!19sChIJK_bB1hflGQ0R1cmS_E5uru0?authuser=0&hl=fr&rclk=1
Complexo Desportivo de Évora," 7005-206 Evora, Portugal",Évora+Portugal,Portugal,Parc aquatique,Complexe sportif,"4,5", +351 266 777 111,,,,https://www.google.com/maps/place/Complexo+Desportivo+de+%C3%89vora/data=!4m7!3m6!1s0xd19e528ceece4a7:0xf5656fec0cb593f0!8m2!3d38.5607944!4d-7.9196882!16s%2Fg%2F11c5hjpz41!19sChIJp-TszijlGQ0R8JO1DOxvZfU?authuser=0&hl=fr&rclk=1
Giraldo Square Fountain," Praça do Giraldo 7, 7000-661 Évora, Portugal",Évora+Portugal,Portugal,Parc aquatique,Attraction touristique,"4,6",,https://www.cm-evora.pt/locais/chafariz-da-praca-do-giraldo/,cmevora@cm-evora.pt,,https://www.google.com/maps/place/Giraldo+Square+Fountain/data=!4m7!3m6!1s0xd19e4dc2fca04a3:0xa51620216c36e15e!8m2!3d38.5710483!4d-7.9096721!16s%2Fg%2F123922cp!19sChIJowTKL9zkGQ0RXuE2bCEgFqU?authuser=0&hl=fr&rclk=1
Mourão Watersports," Praia Fluvial de Mourão, 7240-233 Mourão, Portugal",Évora+Portugal,Portugal,Parc aquatique,Parc aquatique,"5,0", +351 965 672 335,https://praiasfluviais.pt/praia?id=praia-fluvial-de-mourao,,,https://www.google.com/maps/place/Mour%C3%A3o+Watersports/data=!4m7!3m6!1s0xd10cbe295687e7d:0x9a1b922a7a529dca!8m2!3d38.367361!4d-7.3562329!16s%2Fg%2F11v9c04jbg!19sChIJfX5oleLLEA0Ryp1SeiqSG5o?authuser=0&hl=fr&rclk=1
Cathédrale d'Évora," Largo do Marquês de Marialva, 7000-809 Évora, Portugal",Évora+Portugal,Portugal,Parc aquatique,Cathédrale catholique,"4,6", +351 266 759 330,http://www.evoracathedral.com/,geral@sedeevora.pt,,https://www.google.com/maps/place/Cath%C3%A9drale+d%27%C3%89vora/data=!4m7!3m6!1s0xd19efffc4c3c055:0x31b5af8e6b9a1a18!8m2!3d38.5717642!4d-7.9068568!16zL20vMGRtazhz!19sChIJVcDDxP_vGQ0RGBqaa46vtTE?authuser=0&hl=fr&rclk=1
Satsanga Spa Évora," N114, 7005-206 Évora, Portugal",Évora+Portugal,Portugal,Thalassothérapie,Spa,"4,0",,https://my.vilagale.com/public/menu/22,,,https://www.google.com/maps/place/Satsanga+Spa+%C3%89vora/data=!4m7!3m6!1s0xd19e5c30179b03d:0x1ed5173f5894be0e!8m2!3d38.5669002!4d-7.9156379!16s%2Fg%2F11rj4xqwlw!19sChIJPbB5AcPlGQ0RDr6UWD8X1R4?authuser=0&hl=fr&rclk=1
Évora Olive Hotel," R. de Eborim 18, 7000-649 Évora, Portugal",Évora+Portugal,Portugal,Thalassothérapie,,"4,5", +351 266 760 050,https://www.artsoulgroup.com/evoraolivehotel?utm_source=MyBusiness&utm_medium=botao&utm_campaign=websiteolive,olive@artsoulgroup.com,,https://www.google.com/maps/place/%C3%89vora+Olive+Hotel/data=!4m10!3m9!1s0xd19e4db42a35de5:0xaa713f531b2e9476!5m2!4m1!1i2!8m2!3d38.5683813!4d-7.9064489!16s%2Fg%2F11bzymsqgy!19sChIJ5V2jQtvkGQ0RdpQuG1M_cao?authuser=0&hl=fr&rclk=1
Hotel Lusitano," R. Gil Vicente 4, 2150-193 Golegã, Portugal",Golegã+Portugal,Portugal,Hôtel avec spa,,"4,7", +351 249 979 170,http://www.hotellusitano.com/,info@hotellusitano.com,,https://www.google.com/maps/place/Hotel+Lusitano/data=!4m10!3m9!1s0xd188a74c1b04b87:0x875ba71c7dcb35b8!5m2!4m1!1i2!8m2!3d39.402693!4d-8.488158!16s%2Fg%2F1v832cg8!19sChIJh0uwwXSKGA0RuDXLfRynW4c?authuser=0&hl=fr&rclk=1
Aires da Serra Hotel," Av. dos Negréus N70, 2350-523 Torres Novas, Portugal",Golegã+Portugal,Portugal,Hôtel avec spa,,"4,6", +351 249 824 824,http://airesdaserrahotel.com/,geral@hotelairesdaserra.com,https://www.linkedin.com/company/hotel-aires-da-serra,https://www.google.com/maps/place/Aires+da+Serra+Hotel/data=!4m10!3m9!1s0xd1888c67fe1733f:0x4715617b30e7fe24!5m2!4m1!1i2!8m2!3d39.4760818!4d-8.5586709!16s%2Fg%2F11cm8d039z!19sChIJP3Phf8aIGA0RJP7nMHthFUc?authuser=0&hl=fr&rclk=1
Hotel Segredos de Vale Manso," Rua de Vale Manso, 2200-601 Aldeia do Mato, Portugal",Golegã+Portugal,Portugal,Hôtel avec spa,,"4,3", +351 917 147 964,,,,https://www.google.com/maps/place/Hotel+Segredos+de+Vale+Manso/data=!4m10!3m9!1s0xd187749bfbcfa55:0x2cc1a52b401d9cb1!5m2!4m1!1i2!8m2!3d39.5457149!4d-8.2925212!16s%2Fg%2F1td7vf_t!19sChIJVfq8v0l3GA0RsZwdQCulwSw?authuser=0&hl=fr&rclk=1
Hotel Torres Novas," Praça 5 de Outubro 5, 2350-418 Torres Novas, Portugal",Golegã+Portugal,Portugal,Hôtel avec spa,,"4,2", +351 249 813 660,https://www.hoteltorresnovas.pt/,geral@hoteltorresnovas.pt,,https://www.google.com/maps/place/Hotel+Torres+Novas/data=!4m10!3m9!1s0xd1888ed89f0276b:0x39c1dc310a9534c4!5m2!4m1!1i2!8m2!3d39.478891!4d-8.539194!16s%2Fg%2F1vkxnjbv!19sChIJayfwie2IGA0RxDSVCjHcwTk?authuser=0&hl=fr&rclk=1
Hotel Lusitano," R. Gil Vicente 4, 2150-193 Golegã, Portugal",Golegã+Portugal,Portugal,Hôtel avec spa,,"4,7", +351 249 979 170,http://www.hotellusitano.com/,info@hotellusitano.com,,https://www.google.com/maps/place/Hotel+Lusitano/data=!4m10!3m9!1s0xd188a734eb2a57f:0x875ba71c7dcb35b8!5m2!4m1!1i2!8m2!3d39.402693!4d-8.4881576!16s%2Fg%2F1v832cg8!19sChIJf6WyTnOKGA0RuDXLfRynW4c?authuser=0&hl=fr&rclk=1
Puro Spa," R. Gil Vicente 4, 2150-193 Golegã, Portugal",Golegã+Portugal,Portugal,Centre thermal,Spa,"5,0", +351 249 979 170,https://www.facebook.com/search/top?q=puro%20spa,,,https://www.google.com/maps/place/Puro+Spa/data=!4m7!3m6!1s0xd188b098beeb42d:0xd27eb71f656a76d4!8m2!3d39.4030419!4d-8.4878722!16s%2Fg%2F11sj5d239y!19sChIJLbTuiwmLGA0R1HZqZR-3ftI?authuser=0&hl=fr&rclk=1
Hotel Lusitanus Vila," Pátio dos Campinos Felício e Singéis, 2150-130 Golegã, Portugal",Golegã+Portugal,Portugal,Thalassothérapie,,"4,3", +351 249 976 933,,,,https://www.google.com/maps/place/Hotel+Lusitanus+Vila/data=!4m10!3m9!1s0xd18618dabe70919:0xa5f231ce91478fa4!5m2!4m1!1i2!8m2!3d39.4027088!4d-8.4835511!16s%2Fg%2F11rw7cpqck!19sChIJGQnnq41hGA0RpI9Hkc4x8qU?authuser=0&hl=fr&rclk=1
Hotel Alba," Alameda da Índia, 8900-332 Monte Gordo, Portugal",Castro Marim+Portugal,Portugal,Hôtel avec spa,,"4,1", +351 281 530 500,http://www.hotelalba.pt/,info@hotelalba.pt,,https://www.google.com/maps/place/Hotel+Alba/data=!4m10!3m9!1s0xd10188ff9884f01:0x404a8b864da83602!5m2!4m1!1i2!8m2!3d37.1821578!4d-7.4486807!16s%2Fg%2F1tgf90td!19sChIJAU-I-Y8YEA0RAjaoTYaLSkA?authuser=0&hl=fr&rclk=1
Eurotel Altura," Av. 24 de Junho, 8950-411 Altura, Portugal",Castro Marim+Portugal,Portugal,Hôtel avec spa,,"4,3", +351 281 956 450,http://www.ozadialturaresort.com/,geral@ozadihotels.com,,https://www.google.com/maps/place/Eurotel+Altura/data=!4m10!3m9!1s0xd1019115b6fd6d7:0xf66561aa1be2a801!5m2!4m1!1i2!8m2!3d37.1732574!4d-7.4971414!16s%2Fg%2F1tj5mdsy!19sChIJ19ZvWxEZEA0RAajiG6phZfY?authuser=0&hl=fr&rclk=1
The Prime Energize Monte Gordo," R. de Ceuta 4, 8900-435 Monte Gordo, Portugal",Castro Marim+Portugal,Portugal,Hôtel avec spa,,"4,4", +351 281 001 300,https://www.theprimehotels.com/energize/algarve/pt/,,,https://www.google.com/maps/place/The+Prime+Energize+Monte+Gordo/data=!4m10!3m9!1s0xd1018852d8b8e63:0xf8599b2dfcb9086d!5m2!4m1!1i2!8m2!3d37.1810432!4d-7.4467788!16s%2Fg%2F11g9mg_wlr!19sChIJY46LLYUYEA0RbQi5_C2bWfg?authuser=0&hl=fr&rclk=1
Hotel Navegadores," Av. da Catalunha S/N, 8900-468 Monte Gordo, Portugal",Castro Marim+Portugal,Portugal,Hôtel avec spa,,"3,5", +351 281 510 860,https://www.hotelnavegadores.com/?utm_medium=organic&utm_source=google&utm_campaign=google-my-business&utm_term=google-local,reservas@hotelnavegadores.pt,,https://www.google.com/maps/place/Hotel+Navegadores/data=!4m10!3m9!1s0xd10188fad415191:0xd4d1c3a8f973520a!5m2!4m1!1i2!8m2!3d37.1819172!4d-7.4512575!16s%2Fg%2F12m99tmlb!19sChIJkVFBrY8YEA0RClJz-ajD0dQ?authuser=0&hl=fr&rclk=1
Hotel Alba," Alameda da Índia, 8900-332 Monte Gordo, Portugal",Castro Marim+Portugal,Portugal,Hôtel avec spa,,"4,1", +351 281 530 500,http://www.hotelalba.pt/,info@hotelalba.pt,,https://www.google.com/maps/place/Hotel+Alba/data=!4m10!3m9!1s0xd10188560c38fe3:0x404a8b864da83602!5m2!4m1!1i2!8m2!3d37.182158!4d-7.448681!16s%2Fg%2F1tgf90td!19sChIJ44_DYIUYEA0RAjaoTYaLSkA?authuser=0&hl=fr&rclk=1
Verdelago Resort," Praia Verde Lago, 8950-411 Altura, Portugal",Castro Marim+Portugal,Portugal,Hôtel avec spa,,"4,5", +351 281 101 600,https://verdelago.com/?utm_source=google&utm_medium=organic&utm_campaign=gmb-website&utm_content=website_button,info@verdelago.com,https://pt.linkedin.com/company/verdelago-resort,https://www.google.com/maps/place/Verdelago+Resort/data=!4m10!3m9!1s0xd1019b600e160cd:0x4f6f4abaa2f83e75!5m2!4m1!1i2!8m2!3d37.1770733!4d-7.486194!16s%2Fg%2F11gxpv_xvd!19sChIJzWDhALYZEA0RdT74orpKb08?authuser=0&hl=fr&rclk=1
Hotel-Apartamentos Dunamar," Av. Infante Dom Henrique, 8900-413 Monte Gordo, Portugal",Castro Marim+Portugal,Portugal,Hôtel avec spa,,"4,3", +351 281 530 000,https://hoteldunamar.backhotelite.com/pt/,,,https://www.google.com/maps/place/Hotel-Apartamentos+Dunamar/data=!4m10!3m9!1s0xd0552c788a1613f:0x645d3798583eb2d2!5m2!4m1!1i2!8m2!3d37.1788411!4d-7.4441659!16s%2Fg%2F1tdkngs8!19sChIJP2GhiMdSBQ0R0rI-WJg3XWQ?authuser=0&hl=fr&rclk=1
The Prime Energize Monte Gordo," R. de Ceuta 4, 8900-435 Monte Gordo, Portugal",Castro Marim+Portugal,Portugal,Hôtel avec spa,,"4,4", +351 281 001 300,https://www.theprimehotels.com/energize/algarve/pt/,,,https://www.google.com/maps/place/The+Prime+Energize+Monte+Gordo/data=!4m10!3m9!1s0xd1018852db1fce3:0xf8599b2dfcb9086d!5m2!4m1!1i2!8m2!3d37.181043!4d-7.446779!16s%2Fg%2F11g9mg_wlr!19sChIJ4_yxLYUYEA0RbQi5_C2bWfg?authuser=0&hl=fr&rclk=1
Monte Rei Golf & Country Club," Sitio Do Pocinho - Sesmarias, 8901-907 Vila Nova de Cacela, Portugal",Castro Marim+Portugal,Portugal,Hôtel avec spa,,"4,6", +351 281 950 950,http://www.monte-rei.com/en/,,,https://www.google.com/maps/place/Monte+Rei+Golf+%26+Country+Club/data=!4m10!3m9!1s0xd101a41ad89bd11:0xfb179e56951a555a!5m2!4m1!1i2!8m2!3d37.2085461!4d-7.5491816!16s%2Fg%2F1tgdptm9!19sChIJEb2JrUEaEA0RWlUalVaeF_s?authuser=0&hl=fr&rclk=1
Alcazar Hotel & Spa," R. de Ceuta 9, 8900-435 Monte Gordo, Portugal",Castro Marim+Portugal,Portugal,Hôtel avec spa,,"4,3", +351 281 510 140,https://www.hotelalcazaralgarve.com//?partner=5732&utm_source=google&utm_medium=gmb&utm_campaign=web_link,reservas@hotelalcazaralgarve.com,,https://www.google.com/maps/place/Alcazar+Hotel+%26+Spa/data=!4m10!3m9!1s0xd101884d33b7869:0x22f48939dfa56d0!5m2!4m1!1i2!8m2!3d37.181205!4d-7.4455834!16s%2Fg%2F1ttyx_1_!19sChIJaXg704QYEA0R0Fb6nZNILwI?authuser=0&hl=fr&rclk=1
Casas da Quinta de Cima," EM1242, 8900-053 Vila Nova de Cacela, Portugal",Castro Marim+Portugal,Portugal,Hôtel avec spa,,"4,8", +351 966 912 743,http://www.casasdaquintadecima.com/,contact@casasdaquintadecima.com,,https://www.google.com/maps/place/Casas+da+Quinta+de+Cima/data=!4m10!3m9!1s0xd101b2b63794df7:0x6d2f10de8f8908e1!5m2!4m1!1i2!8m2!3d37.1634911!4d-7.5614273!16s%2Fg%2F11s2ny9n7m!19sChIJ9015YysbEA0R4QiJj94QL20?authuser=0&hl=fr&rclk=1
"Monte Gordo Hotel, Apartamentos & SPA"," R. de Mayorca, 8900-435 Monte Gordo, Portugal",Castro Marim+Portugal,Portugal,Hôtel avec spa,,"4,2", +351 281 510 210,https://www.montegordohotel.com/,reservas@montegordohotel.com,,"https://www.google.com/maps/place/Monte+Gordo+Hotel,+Apartamentos+%26+SPA/data=!4m10!3m9!1s0xd1018854c6d65e7:0x2f51b56fc056366c!5m2!4m1!1i2!8m2!3d37.1817732!4d-7.4465221!16s%2Fg%2F1th29nl0!19sChIJ52VtTIUYEA0RbDZWwG-1US8?authuser=0&hl=fr&rclk=1"
Robinson Quinta da Ria," 8900-057 Vila Nova de Cacela, Portugal",Castro Marim+Portugal,Portugal,Hôtel avec spa,,"4,6", +351 281 959 000,https://www.robinson.com/de/de/cluburlaub/portugal/quinta-da-ria/club-details/?utm_campaign=googlemybusiness&utm_medium=organic&utm_source=google,internet.service@robinson.com,,https://www.google.com/maps/place/Robinson+Quinta+da+Ria/data=!4m10!3m9!1s0xd101b990d2f7333:0x173651c31d451131!5m2!4m1!1i2!8m2!3d37.1566704!4d-7.5670743!16s%2Fg%2F11b73mcn1w!19sChIJM3MvDZkbEA0RMRFFHcNRNhc?authuser=0&hl=fr&rclk=1
Aqualine," 8950-411 Castro Marim, Portugal",Castro Marim+Portugal,Portugal,Parc aquatique,,"3,0",,,,,https://www.google.com/maps/place/Aqualine/data=!4m7!3m6!1s0xd10191baf437963:0x4b89e9c30743a78a!8m2!3d37.1834688!4d-7.489993!16s%2Fg%2F11t34x4ktz!19sChIJY3lDrxsZEA0RiqdDB8PpiUs?authuser=0&hl=fr&rclk=1
H2otel Congress & Medical Spa," Av. das Termas Apartado 459, 6215-674 Unhais da Serra, Portugal",Nelas+Portugal,Portugal,Hôtel avec spa,,"4,8", +351 275 970 020,http://www.h2otel.pt/,geral@naturaimbhotels.com,,https://www.google.com/maps/place/H2otel+Congress+%26+Medical+Spa/data=!4m10!3m9!1s0xd3d2f7730ec7761:0x8a70685ab3c8807!5m2!4m1!1i2!8m2!3d40.266166!4d-7.624068!16s%2Fg%2F11bbrkty4x!19sChIJYXfsMHcvPQ0RB4g8q4UGpwg?authuser=0&hl=fr&rclk=1
"Casas da Lapa, Nature & Spa Hotel"," R. Eira da Costa 10, 6270-651 Lapa dos Dinheiros, Portugal",Nelas+Portugal,Portugal,Hôtel avec spa,,"4,8", +351 934 560 401,http://www.casasdalapa.pt/,booking@casasdalapa.pt,,"https://www.google.com/maps/place/Casas+da+Lapa,+Nature+%26+Spa+Hotel/data=!4m10!3m9!1s0xd3d2a07edebaeb5:0x6c5bd1a5abb38747!5m2!4m1!1i2!8m2!3d40.3770455!4d-7.707519!16s%2Fg%2F1tfzcgtw!19sChIJta7r7QcqPQ0RR4ezq6XRW2w?authuser=0&hl=fr&rclk=1"
Montebelo Viseu Congress Hotel," Urbanização, Q.ta do Bosque, 3510-020 Viseu, Portugal",Nelas+Portugal,Portugal,Hôtel avec spa,,"4,5", +351 232 420 000,http://www.montebelohotels.com/,reservasmontebelo@montebelohotels.com,https://www.linkedin.com/company/montebelo-hotels-,https://www.google.com/maps/place/Montebelo+Viseu+Congress+Hotel/data=!4m10!3m9!1s0xd231e28146d6ba1:0x8372b5600b7abedf!5m2!4m1!1i2!8m2!3d40.6556241!4d-7.9262301!16s%2Fg%2F1pw3xv_1d!19sChIJoWttFCgeIw0R3756C2C1coM?authuser=0&hl=fr&rclk=1
Viseu Ryokan - Hospedaria Japonesa & SPA | ヴィゼウ 旅館," R. Direita 143, 3500-117 Viseu, Portugal",Nelas+Portugal,Portugal,Hôtel avec spa,,"4,9", +351 913 871 419,https://viseuryokan.com/,info@viseuryokan.com,,https://www.google.com/maps/place/Viseu+Ryokan+-+Hospedaria+Japonesa+%26+SPA+%7C+%E3%83%B4%E3%82%A3%E3%82%BC%E3%82%A6+%E6%97%85%E9%A4%A8/data=!4m10!3m9!1s0xd23373760bc8dc1:0x5b3cf16468f48a6d!5m2!4m1!1i2!8m2!3d40.6590077!4d-7.9105617!16s%2Fg%2F11smqmn4cs!19sChIJwY28YDc3Iw0RbYr0aGTxPFs?authuser=0&hl=fr&rclk=1
Hotel Grão Vasco," R. Gaspar Barreiros, 3510-032 Viseu, Portugal",Nelas+Portugal,Portugal,Hôtel avec spa,,"4,2", +351 232 423 511,http://www.hotelgraovasco.pt/,geral@hotelgraovasco.pt,,https://www.google.com/maps/place/Hotel+Gr%C3%A3o+Vasco/data=!4m10!3m9!1s0xd233652893809e9:0xefdaadc998e1058f!5m2!4m1!1i2!8m2!3d40.65606!4d-7.9134626!16s%2Fg%2F1tfzcg56!19sChIJ6Qk4iVI2Iw0RjwXhmMmt2u8?authuser=0&hl=fr&rclk=1
Matias Nature | Casa do Pastor – Alojamentos Serra da Estrela," Tv. do Ribeiro 9, 6270-031 Carragozela, Portugal",Nelas+Portugal,Portugal,Hôtel avec spa,,"5,0", +351 963 827 908,https://matiasnature.com/,,,https://www.google.com/maps/place/Matias+Nature+%7C+Casa+do+Pastor+%E2%80%93+Alojamentos+Serra+da+Estrela/data=!4m10!3m9!1s0xd3cd5a0c17dba0f:0xfe2561dc315c9fa2!5m2!4m1!1i2!8m2!3d40.4124749!4d-7.762521!16s%2Fg%2F11w83v2dc1!19sChIJD7p9waDVPA0Rop9cMdxhJf4?authuser=0&hl=fr&rclk=1
Valverde Santar Hotel & Spa - Relais & Châteaux," Casa das Fidalgas – Avª, Av. Viscondessa de Taveiro, 3520-147 Santar, Portugal",Nelas+Portugal,Portugal,Hôtel avec spa,,"4,9", +351 232 394 800,https://www.valverdesantar.com/,recrutamento@estoril-living.com,,https://www.google.com/maps/place/Valverde+Santar+Hotel+%26+Spa+-+Relais+%26+Ch%C3%A2teaux/data=!4m10!3m9!1s0xd2331974b1f4e83:0x621916c034cac31e!5m2!4m1!1i2!8m2!3d40.5699147!4d-7.8922593!16s%2Fg%2F11svnps_f1!19sChIJg04fS5cxIw0RHsPKNMAWGWI?authuser=0&hl=fr&rclk=1
Abrigo da Montanha," R. do Comércio 46, 6270-151 Sabugueiro, Portugal",Nelas+Portugal,Portugal,Hôtel avec spa,,"4,6", +351 238 315 329,https://www.abrigodamontanha.pt/inicio/,reservas@abrigodamontanha.com.pt,,https://www.google.com/maps/place/Abrigo+da+Montanha/data=!4m10!3m9!1s0xd3cd7b79ed5952f:0xd4e6ce98df85e74c!5m2!4m1!1i2!8m2!3d40.4046458!4d-7.6451018!16s%2Fg%2F124sw4xj4!19sChIJL5XVnrfXPA0RTOeF35jO5tQ?authuser=0&hl=fr&rclk=1
Matias Nature | Casa do Forno – Alojamentos Serra da Estrela," Tv. do Ribeiro 9, 6270-031 Carragozela, Portugal",Nelas+Portugal,Portugal,Hôtel avec spa,,"4,9", +351 963 827 908,https://matiasnature.com/,,,https://www.google.com/maps/place/Matias+Nature+%7C+Casa+do+Forno+%E2%80%93+Alojamentos+Serra+da+Estrela/data=!4m10!3m9!1s0xd3cd574445bdaa1:0x96e044b318719e5!5m2!4m1!1i2!8m2!3d40.4124749!4d-7.762521!16s%2Fg%2F11krl4mszj!19sChIJodpbRHTVPA0R5RmHMUsEbgk?authuser=0&hl=fr&rclk=1
Caldas da Felgueira," Caldas da Felgueira, 3525-201 Canas de Senhorim, Portugal",Nelas+Portugal,Portugal,Centre thermal,Spa,"4,4", +351 232 945 000,http://www.termasdafelgueira.pt/,,,https://www.google.com/maps/place/Caldas+da+Felgueira/data=!4m7!3m6!1s0xd232c2d2b3c7983:0xa41e17dd0a01b82a!8m2!3d40.4889115!4d-7.8629278!16s%2Fg%2F12qfnsgdp!19sChIJg3k8Ky0sIw0RKrgBCt0XHqQ?authuser=0&hl=fr&rclk=1
Parc de Fontelo," Av. José Relvas, Viseu, Portugal",Nelas+Portugal,Portugal,Parc aquatique,Parc,"4,6",,https://www.cm-viseu.pt/index.php/diretorio/desporto/instalcoes-esp-desp-municipais/parque-despotivo-fontelo,geral@cmviseu.pt,,https://www.google.com/maps/place/Parc+de+Fontelo/data=!4m7!3m6!1s0xd233644daea5253:0xcaf1217716728d6c!8m2!3d40.6595736!4d-7.9004138!16s%2Fg%2F121c55l2!19sChIJU1Lq2kQ2Iw0RbI1yFnch8co?authuser=0&hl=fr&rclk=1
Piscine municipale de Nelas," 056, N234 7608, Nelas, Portugal",Nelas+Portugal,Portugal,Parc aquatique,Piscine municipale,"4,2", +351 232 944 959,http://www.cm-nelas.pt/,,,https://www.google.com/maps/place/Piscine+municipale+de+Nelas/data=!4m7!3m6!1s0xd2332728a11d8f5:0x17d6b12ec9cefcb2!8m2!3d40.5395408!4d-7.8477178!16s%2Fg%2F11g9qdb0cx!19sChIJ9dgRinIyIw0RsvzOyS6x1hc?authuser=0&hl=fr&rclk=1
Piscinas do Gerós," São Pedro do Sul, Portugal",São Pedro do Sul+Portugal,Portugal,Parc aquatique,Piscine extérieure,"4,3", +351 232 720 300,,,,https://www.google.com/maps/place/Piscinas+do+Ger%C3%B3s/data=!4m7!3m6!1s0xd2341715348635b:0x82d649c8988e7dc9!8m2!3d40.7414667!4d-8.0846759!16s%2Fg%2F11fy46k368!19sChIJW2NIU3FBIw0RyX2OmMhJ1oI?authuser=0&hl=fr&rclk=1
Piscina do Bioparque," bioparque, Carvalhais, Portugal",São Pedro do Sul+Portugal,Portugal,Parc aquatique,Parc,"4,0",,https://bioparque.org/parque-aquatico/,bioparque@gmail.com,,https://www.google.com/maps/place/Piscina+do+Bioparque/data=!4m7!3m6!1s0xd23437a1a63fce3:0x1ba9bfa5f0c188a8!8m2!3d40.798345!4d-8.128942!16s%2Fg%2F11kpjh9dpm!19sChIJ4_xjGnpDIw0RqIjB8KW_qRs?authuser=0&hl=fr&rclk=1
Bioparque de Carvalhais," Carvalhais, 3660-061 São Pedro do Sul, Portugal",São Pedro do Sul+Portugal,Portugal,Parc aquatique,Parc rural,"4,4", +351 232 016 297,http://bioparque.org/,bioparque@gmail.com,,https://www.google.com/maps/place/Bioparque+de+Carvalhais/data=!4m7!3m6!1s0xd234283beb9c755:0x6cc4c4a105ef7597!8m2!3d40.798345!4d-8.128942!16s%2Fg%2F119w1l4p0!19sChIJVce5voNCIw0Rl3XvBaHExGw?authuser=0&hl=fr&rclk=1
Parque Urbano das Nogueiras," São Pedro do Sul, Portugal",São Pedro do Sul+Portugal,Portugal,Parc aquatique,Parc citadin,"4,7",,http://www.cm-spsul.pt/,geral@cm-spsul.pt,,https://www.google.com/maps/place/Parque+Urbano+das+Nogueiras/data=!4m7!3m6!1s0xd2343eae9bbbbe5:0x9a6032c3392bc83b!8m2!3d40.7586916!4d-8.0598502!16s%2Fg%2F11j0057v7_!19sChIJ5bu76epDIw0RO8grOcMyYJo?authuser=0&hl=fr&rclk=1
Hotel Do Parque - Health Club & Spa," Termas de S. Pedro do Sul, Rua do Serrado, 3660-692 Várzea, Portugal",São Pedro do Sul+Portugal,Portugal,Spa / bien-être,,"4,1", +351 232 723 461,http://hoteldoparque.pt/,,,https://www.google.com/maps/place/Hotel+Do+Parque+-+Health+Club+%26+Spa/data=!4m10!3m9!1s0xd234166b4af575b:0x3eb4935189cccf4b!5m2!4m1!1i2!8m2!3d40.7383539!4d-8.0939533!16s%2Fg%2F1tdfjzcq!19sChIJW1evtGZBIw0RS8_MiVGTtD4?authuser=0&hl=fr&rclk=1
"Termalistur-Termas De S. Pedro Do Sul, E.M., S.A."," Sitio Termas De São Pedro Do Sul, S. Pedro Do Sul, Viseu, Portugal",São Pedro do Sul+Portugal,Portugal,Spa / bien-être,Administration locale,"2,9", +351 232 720 300,,,,"https://www.google.com/maps/place/Termalistur-Termas+De+S.+Pedro+Do+Sul,+E.M.,+S.A./data=!4m7!3m6!1s0xd2344abe20a01a1:0xdadef6955cca093c!8m2!3d40.7387278!4d-8.0924664!16s%2Fg%2F1q62hcydk!19sChIJoQEK4qtEIw0RPAnKXJX23to?authuser=0&hl=fr&rclk=1"
Casa Dos Sentidos," Praça Solar da Lapa 2, 3660-459 São Pedro do Sul, Portugal",São Pedro do Sul+Portugal,Portugal,Spa / bien-être,Centre de bien-être,"5,0", +351 911 534 018,,,,https://www.google.com/maps/place/Casa+Dos+Sentidos/data=!4m7!3m6!1s0xd2343d4a17046b9:0x579b66bc626d107d!8m2!3d40.7596248!4d-8.0648902!16s%2Fg%2F11yyfcmhk_!19sChIJuUZwodRDIw0RfRBtYrxmm1c?authuser=0&hl=fr&rclk=1
Hotel Solar da Capela," R. Cimo da Vila 86, 3660-692 São Pedro do Sul, Portugal",São Pedro do Sul+Portugal,Portugal,Spa / bien-être,,"4,6", +351 232 712 106,http://www.hotelsolardacapela.pt/,hotelsolardacapela@gmail.com,,https://www.google.com/maps/place/Hotel+Solar+da+Capela/data=!4m10!3m9!1s0xd2341f11a77e871:0x9219e794eae9a388!5m2!4m1!1i2!8m2!3d40.7388406!4d-8.0943451!16s%2Fg%2F11g6qtc1m1!19sChIJceh3GvFBIw0RiKPp6pTnGZI?authuser=0&hl=fr&rclk=1
Hotel Vouga," Termas De, R. Principal, Termas de São Pedro do Sul, 3660-692 São Pedro do Sul, Portugal",São Pedro do Sul+Portugal,Portugal,Spa / bien-être,,"4,5", +351 232 723 063,http://www.hotelvouga.com/,info@hotelvouga.com,,https://www.google.com/maps/place/Hotel+Vouga/data=!4m10!3m9!1s0xd23419e67afa069:0x1adf8cea9c408515!5m2!4m1!1i2!8m2!3d40.7404224!4d-8.0924941!16s%2Fg%2F1tk70sg4!19sChIJaaCvZ55BIw0RFYVAnOqM3xo?authuser=0&hl=fr&rclk=1
Residencial São José e Residencial Águas Santas," Rua do Serrado, 28, 3660-692, Portugal",São Pedro do Sul+Portugal,Portugal,Thalassothérapie,,"4,5", +351 967 714 493,http://www.residencialaguassantas.com/,logo@2x.png,,https://www.google.com/maps/place/Residencial+S%C3%A3o+Jos%C3%A9+e+Residencial+%C3%81guas+Santas/data=!4m10!3m9!1s0xd23419ef3b1275d:0x9ba3f52180bc3a98!5m2!4m1!1i2!8m2!3d40.7389732!4d-8.0935926!16s%2Fg%2F11cm_hb0sx!19sChIJXSex855BIw0RmDq8gCH1o5s?authuser=0&hl=fr&rclk=1
"Torre de Palma Wine Hotel, Monforte, a Member of Design Hotels"," Herdade de Torre de Palma 7450 250, 7450-250 Vaiamonte, Portugal",Sousel+Portugal,Portugal,Hôtel avec spa,,"4,8", +351 245 038 890,https://www.torredepalma.com/,,,"https://www.google.com/maps/place/Torre+de+Palma+Wine+Hotel,+Monforte,+a+Member+of+Design+Hotels/data=!4m10!3m9!1s0xd17759b19e9ccbb:0xda97e46ed62af449!5m2!4m1!1i2!8m2!3d39.068323!4d-7.488911!16s%2Fg%2F1q665hx2j!19sChIJu8zpGZt1Fw0RSfQq1m7kl9o?authuser=0&hl=fr&rclk=1"
"Torre de Palma Wine Hotel, Monforte, a Member of Design Hotels"," Herdade de Torre de Palma 7450 250, 7450-250 Vaiamonte, Portugal",Sousel+Portugal,Portugal,Hôtel avec spa,,"4,8", +351 245 038 890,https://www.torredepalma.com/,,,"https://www.google.com/maps/place/Torre+de+Palma+Wine+Hotel,+Monforte,+a+Member+of+Design+Hotels/data=!4m10!3m9!1s0xd177572b33d058b:0xda97e46ed62af449!5m2!4m1!1i2!8m2!3d39.068323!4d-7.488911!16s%2Fg%2F1q665hx2j!19sChIJiwU9s3J1Fw0RSfQq1m7kl9o?authuser=0&hl=fr&rclk=1"
Pateo dos Solares Charm Hotel," R. Brito Capelo, 7100-562 Estremoz, Portugal",Sousel+Portugal,Portugal,Hôtel avec spa,,"4,2", +351 268 338 400,http://www.pateosolares.com/,,,https://www.google.com/maps/place/Pateo+dos+Solares+Charm+Hotel/data=!4m10!3m9!1s0xd176f6a9c954c83:0xfa498e2d4b5ebc57!5m2!4m1!1i2!8m2!3d38.8394974!4d-7.5890467!16s%2Fg%2F1th7zl_9!19sChIJg0yVnGpvFw0RV7xeSy2OSfo?authuser=0&hl=fr&rclk=1
District Council of Sousel," Praça da República 1, 7470-220 Sousel, Portugal",Sousel+Portugal,Portugal,Centre thermal,Administration locale,"4,0", +351 268 550 100,http://www.cm-sousel.pt/,geral@cm-sousel.pt,,https://www.google.com/maps/place/District+Council+of+Sousel/data=!4m7!3m6!1s0xd177ba293fe8a7d:0x7b092a843f34130!8m2!3d38.9526903!4d-7.6752029!16s%2Fg%2F1tl9nv0m!19sChIJfYr-k6J7Fw0RMEHzQ6iSsAc?authuser=0&hl=fr&rclk=1
Hospedaria da Roda," Av. Joaquim Maximo de Calça e Pina 13, 7470-201 Sousel, Portugal",Sousel+Portugal,Portugal,Centre thermal,,"4,5", +351 962 100 506,http://www.hortadaroda.com/,geral@hortadaroda.com,,https://www.google.com/maps/place/Hospedaria+da+Roda/data=!4m10!3m9!1s0xd177bbd1dacb3c5:0xfb731a3250b337fc!5m2!4m1!1i2!8m2!3d38.9559021!4d-7.6739611!16s%2Fg%2F11fy53ckww!19sChIJxbOsHb17Fw0R_DezUDIac_s?authuser=0&hl=fr&rclk=1
Museu dos Cristos," R. do Convento 7470, 7470-237 Sousel, Portugal",Sousel+Portugal,Portugal,Centre thermal,Musée,"4,6", +351 268 550 103,http://www.cm-sousel.pt/,geral@cm-sousel.pt,,https://www.google.com/maps/place/Museu+dos+Cristos/data=!4m7!3m6!1s0xd177ba2bd307dc7:0x54206123ce3f312d!8m2!3d38.9501508!4d-7.6755784!16s%2Fg%2F12hkl7151!19sChIJx30wvaJ7Fw0RLTE_ziNhIFQ?authuser=0&hl=fr&rclk=1
Piscinas Municipais de Sousel," Complexo Desportivo de Sousel, Estr. da Circunvalação, 7470-204 Sousel, Portugal",Sousel+Portugal,Portugal,Centre thermal,Piscine extérieure,"4,6", +351 268 550 100,http://www.cm-sousel.pt/,geral@cm-sousel.pt,,https://www.google.com/maps/place/Piscinas+Municipais+de+Sousel/data=!4m7!3m6!1s0xd177beb866695d3:0xee0502f31f228795!8m2!3d38.9552514!4d-7.670927!16s%2Fg%2F11g__4n_6d!19sChIJ05Vmhut7Fw0RlYciH_MCBe4?authuser=0&hl=fr&rclk=1
Residencial Sorriso," R. do Castelo 2C, 7470-231 Sousel, Portugal",Sousel+Portugal,Portugal,Centre thermal,,"3,5", +351 961 532 682,,,,https://www.google.com/maps/place/Residencial+Sorriso/data=!4m10!3m9!1s0xd177ba2ed3f5f31:0x38eabadd2691b42e!5m2!4m1!1i2!8m2!3d38.9521713!4d-7.6750687!16s%2Fg%2F11dfgs_5tr!19sChIJMV8_7aJ7Fw0RLrSRJt266jg?authuser=0&hl=fr&rclk=1
Quinta da Pedra Moura," Quinta da Pedra Moura E. N nº 372, 7470-211 Sousel, Portugal",Sousel+Portugal,Portugal,Centre thermal,,"4,1", +351 268 554 119,,,,https://www.google.com/maps/place/Quinta+da+Pedra+Moura/data=!4m10!3m9!1s0xd177b99af7ef9c3:0x6b8cb04b61071786!5m2!4m1!1i2!8m2!3d38.9516062!4d-7.679949!16s%2Fg%2F11cs6nmmk3!19sChIJw_l-r5l7Fw0RhhcHYUuwjGs?authuser=0&hl=fr&rclk=1
Complexo Desportivo de Sousel," 7470-210 Sousel, Portugal",Sousel+Portugal,Portugal,Parc aquatique,Complexe sportif,"4,3",,,,,https://www.google.com/maps/place/Complexo+Desportivo+de+Sousel/data=!4m7!3m6!1s0xd177bbb58fb304b:0x57f03bcfcbaddb7c!8m2!3d38.9551747!4d-7.6709481!16s%2Fg%2F11g02h9by8!19sChIJSzD7WLt7Fw0RfNuty8878Fc?authuser=0&hl=fr&rclk=1
Ouro Hotel," Antigo Campo da Feira – E.N. 3 – Km 10, 2050-306 Azambuja, Portugal",Azambuja+Portugal,Portugal,Hôtel avec spa,,"3,7", +351 263 406 530,https://ourohotel.pages.dev/,ourohotel.azambuja@gmail.com,,https://www.google.com/maps/place/Ouro+Hotel/data=!4m10!3m9!1s0xd18ddd58a7fa865:0x2f9f098e908766a3!5m2!4m1!1i2!8m2!3d39.0651031!4d-8.8762675!16s%2Fg%2F119wrqjmm!19sChIJZah_itXdGA0Ro2aHkI4Jny8?authuser=0&hl=fr&rclk=1
"Real Abadia, Congress & Spa Hotel"," R. da Escola, 2460-479 Alcobaça, Portugal",Azambuja+Portugal,Portugal,Hôtel avec spa,,"4,3", +351 262 580 370,https://www.realabadiahotel.pt/,real_abadia_card_pt@2x.png,https://www.linkedin.com/company/real-abadia-congress-spa-hotel,"https://www.google.com/maps/place/Real+Abadia,+Congress+%26+Spa+Hotel/data=!4m10!3m9!1s0xd18a4368c160791:0x4c166b306e01ad19!5m2!4m1!1i2!8m2!3d39.5354798!4d-8.962079!16s%2Fg%2F12hkqyt9r!19sChIJkQcWjDakGA0RGa0BbjBrFkw?authuser=0&hl=fr&rclk=1"
AP Lago Montargil Conference & SPA," Estrada Nacional 2 Km 459, 7425-144 Montargil, Portugal",Azambuja+Portugal,Portugal,Hôtel avec spa,,"4,5", +351 242 241 250,https://ap-hotelsresorts.com/montargil/,geral@ap-hotelsresorts.com,https://www.linkedin.com/company/ap-hotels-and-resorts,https://www.google.com/maps/place/AP+Lago+Montargil+Conference+%26+SPA/data=!4m10!3m9!1s0xd184af787664f7f:0x443fa02dd163d4ef!5m2!4m1!1i2!8m2!3d39.07388!4d-8.166599!16s%2Fg%2F11bbv1705x!19sChIJf09mh_dKGA0R79Rj0S2gP0Q?authuser=0&hl=fr&rclk=1
Salvaterra Country House & Spa," N114-3 839, 2120-194 Foros de Salvaterra, Portugal",Azambuja+Portugal,Portugal,Hôtel avec spa,,"4,8", +351 915 355 566,http://www.salvaterracountryhouse.com/,info@salvaterracountryhouse.com,,https://www.google.com/maps/place/Salvaterra+Country+House+%26+Spa/data=!4m10!3m9!1s0xd18e3c96abba551:0x6b8b657e4bf8f93b!5m2!4m1!1i2!8m2!3d38.9970208!4d-8.7321352!16s%2Fg%2F11fszzm4pt!19sChIJUaW7asnjGA0RO_n4S35li2s?authuser=0&hl=fr&rclk=1
Haven Nature Hotel & Villas," Estr. da Boutaca, 2440-020 Batalha, Portugal",Azambuja+Portugal,Portugal,Hôtel avec spa,,"4,9", +351 244 766 360,https://havennaturehotel.com/,info@havennaturehotel.com,,https://www.google.com/maps/place/Haven+Nature+Hotel+%26+Villas/data=!4m10!3m9!1s0xd22754c48205b09:0x8a19104ce1e00a39!5m2!4m1!1i2!8m2!3d39.658453!4d-8.832148!16s%2Fg%2F11m5rggskn!19sChIJCVsgSEx1Ig0ROQrg4UwQGYo?authuser=0&hl=fr&rclk=1
Complexo Piscinas de Azambuja," Rua 25 de abril, EM 513 - Poisões, 2050-317 Azambuja, Portugal",Azambuja+Portugal,Portugal,Parc aquatique,Piscine municipale,"4,1", +351 961 890 278,http://www.cm-azambuja.pt/,,,https://www.google.com/maps/place/Complexo+Piscinas+de+Azambuja/data=!4m7!3m6!1s0xd18ddcb608a4e13:0xe8aa3dc74f35e91e!8m2!3d39.0808701!4d-8.8789628!16s%2Fg%2F11fzbvljm3!19sChIJE06KYMvdGA0RHuk1T8c9qug?authuser=0&hl=fr&rclk=1
SPA & Self love - Susana Santos," R. da Ameixoeira 112 A, 2050-071 Aveiras de Cima, Portugal",Azambuja+Portugal,Portugal,Spa / bien-être,Station thermale,"5,0", +351 925 695 721,https://www.instagram.com/spa.self.love__susana.santos?igsh=MXh4azRlcWdnemN2ZA==,,,https://www.google.com/maps/place/SPA+%26+Self+love+-+Susana+Santos/data=!4m7!3m6!1s0xd18dd98c2355721:0xe3dfd0390f654560!8m2!3d39.1385197!4d-8.9029115!16s%2Fg%2F11tntmrg_2!19sChIJIVc1wpjdGA0RYEVlDznQ3-M?authuser=0&hl=fr&rclk=1
HR Espaço de beleza," R. Pedro Salema n° 1 R/C direito, 2050-247 Azambuja, Portugal",Azambuja+Portugal,Portugal,Spa / bien-être,Salon de coiffure,"5,0", +351 962 391 641,https://hrespacodebeleza.netlify.app/,,,https://www.google.com/maps/place/HR+Espa%C3%A7o+de+beleza/data=!4m7!3m6!1s0xd18dd7c830840f3:0x50615b4dbbfda81f!8m2!3d39.0686046!4d-8.8721887!16s%2Fg%2F11j7fbydpl!19sChIJ80AIg3zdGA0RH6j9u01bYVA?authuser=0&hl=fr&rclk=1
Bains de Vénus - Spa et Hammam," Quinta do monte das Abelhas, R. do Mato Forte, 2615-631 Calhandriz, Portugal",Azambuja+Portugal,Portugal,Spa / bien-être,Spa,"5,0", +351 916 036 890,https://venus-de-lisbonne.com/en/spa,,,https://www.google.com/maps/place/Bains+de+V%C3%A9nus+-+Spa+et+Hammam/data=!4m7!3m6!1s0xd1929e2a7824a73:0xd7f23943c4c31d29!8m2!3d38.9383422!4d-9.0632319!16s%2Fg%2F11vr9rdtzj!19sChIJc0qCp-IpGQ0RKR3DxEM58tc?authuser=0&hl=fr&rclk=1
SOLAR DOS FRADES," R. Miguel Bombarda 14, 7900-110 Ferreira do Alentejo, Portugal",Ferreira do Alentejo+Portugal,Portugal,Hôtel avec spa,,"4,8", +351 926 944 535,https://solardosfrades.com/,flags@2x.png,,https://www.google.com/maps/place/SOLAR+DOS+FRADES/data=!4m10!3m9!1s0xd1a156993269383:0x65a301e3f39db4c0!5m2!4m1!1i2!8m2!3d38.0587072!4d-8.1180314!16s%2Fg%2F11kpd7h2v6!19sChIJg5Mmk2kVGg0RwLSd8-MBo2U?authuser=0&hl=fr&rclk=1
Hotel O Gato & SPA," EN 2, 7900-371 Odivelas, Portugal",Ferreira do Alentejo+Portugal,Portugal,Hôtel avec spa,,"4,1", +351 284 760 000,http://www.hotelogato.com/,geral@hotelogato.com,,https://www.google.com/maps/place/Hotel+O+Gato+%26+SPA/data=!4m10!3m9!1s0xd1932a9dc202a3b:0x3caaba6198dfaf6a!5m2!4m1!1i2!8m2!3d38.1704818!4d-8.1474781!16s%2Fg%2F1tdkyyxf!19sChIJOyog3KkyGQ0Raq_fmGG6qjw?authuser=0&hl=fr&rclk=1
Monte Tons da Terra - Casa de Campo & SPA," Foros dos Cadouços, 7540-415 São Domingos, Portugal",Ferreira do Alentejo+Portugal,Portugal,Hôtel avec spa,,"4,2", +351 934 405 454,http://www.tonsdaterra.com/,,,https://www.google.com/maps/place/Monte+Tons+da+Terra+-+Casa+de+Campo+%26+SPA/data=!4m10!3m9!1s0xd1bb3b61a98ae39:0xb6ca98aed488d9e8!5m2!4m1!1i2!8m2!3d37.885403!4d-8.5494581!16s%2Fg%2F11b7hqkwdy!19sChIJOa6YGrazGw0R6NmI1K6YyrY?authuser=0&hl=fr&rclk=1
Sobreiras - Alentejo Country Hotel," Caixa Postal 3143, Mosqueirão, 7570-336 Grândola, Portugal",Ferreira do Alentejo+Portugal,Portugal,Hôtel avec spa,,"4,3", +351 269 109 930,http://sobreiras.pt/,info@sobreiras.pt,,https://www.google.com/maps/place/Sobreiras+-+Alentejo+Country+Hotel/data=!4m10!3m9!1s0xd1bcc6b09e6ffeb:0xcb20a47aeedc8d3!5m2!4m1!1i2!8m2!3d38.1029979!4d-8.5561147!16s%2Fg%2F11b8v9d1zd!19sChIJ6__mCWvMGw0R08jtrkcKsgw?authuser=0&hl=fr&rclk=1
Casa Amarela Health & Spa," Rua Tenente Valadim 7, 7800-073 Beja, Portugal",Ferreira do Alentejo+Portugal,Portugal,Hôtel avec spa,,"5,0", +351 961 139 204,http://casamarela.pt/,geral@casamarela.pt,,https://www.google.com/maps/place/Casa+Amarela+Health+%26+Spa/data=!4m10!3m9!1s0xd1a757bfd5bf96f:0xd1c0aece9fca8f13!5m2!4m1!1i2!8m2!3d38.0162135!4d-7.8593435!16s%2Fg%2F11zjm64wpl!19sChIJb_lb_Xt1Gg0RE4_Kn86uwNE?authuser=0&hl=fr&rclk=1
MOAGEM - Industrial Lodge," R. do Lagar Novo 3, 7090-258 Viana do Alentejo, Portugal",Ferreira do Alentejo+Portugal,Portugal,Hôtel avec spa,,"4,5", +351 924 056 665,https://moagem.thezerohotels.com/,press@thezerohotels.com,,https://www.google.com/maps/place/MOAGEM+-+Industrial+Lodge/data=!4m10!3m9!1s0xd1a1d324d2e8dad:0x1c99517330fddd71!5m2!4m1!1i2!8m2!3d38.3319051!4d-7.998733!16s%2Fg%2F11yct6471s!19sChIJrY0uTTIdGg0Rcd39MHNRmRw?authuser=0&hl=fr&rclk=1
Monte da Floresta B&B," Monte da Floresta, 7900-909 Ferreira do Alentejo, Portugal",Ferreira do Alentejo+Portugal,Portugal,Centre thermal,,"4,9", +351 962 730 766,https://thehotelsinspect.com/monte-da-floresta-portugal,,,https://www.google.com/maps/place/Monte+da+Floresta+B%26B/data=!4m10!3m9!1s0xd1a152199813ceb:0xf886a01aadd74863!5m2!4m1!1i2!8m2!3d38.0461616!4d-8.1099996!16s%2Fg%2F11h1g8nz09!19sChIJ6zyBmSEVGg0RY0jXrRqghvg?authuser=0&hl=fr&rclk=1
Retrato da Memória-Casa de Campo," R. Inácio Guerreiro da Silva 18, 7900-646 Ferreira do Alentejo, Portugal",Ferreira do Alentejo+Portugal,Portugal,Centre thermal,,"4,0", +351 965 095 672,,,,https://www.google.com/maps/place/Retrato+da+Mem%C3%B3ria-Casa+de+Campo/data=!4m10!3m9!1s0xd1a1569edef398b:0xf6b1ab39589c178d!5m2!4m1!1i2!8m2!3d38.0582978!4d-8.1182333!16s%2Fg%2F1pp2t_2j7!19sChIJiznv7WkVGg0RjRecWDmrsfY?authuser=0&hl=fr&rclk=1
Monte Chalaça - Turismo Rural," Monte Chalaça Cx 7048, Abegoaria, 7900-111 Ferreira do Alentejo, Portugal",Ferreira do Alentejo+Portugal,Portugal,Centre thermal,,"4,6", +351 962 796 109,http://montechalaca.pt/en/,geral@montechalaca.pt,,https://www.google.com/maps/place/Monte+Chala%C3%A7a+-+Turismo+Rural/data=!4m10!3m9!1s0xd1a406ae039210d:0xa3f43d47a9650f7b!5m2!4m1!1i2!8m2!3d38.0150135!4d-8.1571911!16s%2Fg%2F12vs7mbfd!19sChIJDSE54GpAGg0Rew9lqUc99KM?authuser=0&hl=fr&rclk=1
Centro Médico de Ferreira do Alentejo," Rua Infante D. Henrique nº36, 7900-647 Ferreira do Alentejo, Portugal",Ferreira do Alentejo+Portugal,Portugal,Centre thermal,Clinique,"3,6", +351 284 739 777,http://www.centromedico-fa.pt/,geral@centromedico-fa.pt,,https://www.google.com/maps/place/Centro+M%C3%A9dico+de+Ferreira+do+Alentejo/data=!4m7!3m6!1s0xd1a156bd495b683:0x9dc80ff2bdac96c0!8m2!3d38.062473!4d-8.114021!16s%2Fg%2F1tfqmn2z!19sChIJg7aV1GsVGg0RwJasvfIPyJ0?authuser=0&hl=fr&rclk=1
Capela do Calvário," 7900-556 Ferreira do Alentejo, Portugal",Ferreira do Alentejo+Portugal,Portugal,Centre thermal,Chapelle,"4,3",,,,,https://www.google.com/maps/place/Capela+do+Calv%C3%A1rio/data=!4m7!3m6!1s0xd1a156be1f48ad7:0x167ee196a4303414!8m2!3d38.061524!4d-8.117422!16s%2Fg%2F11g_z24tf_!19sChIJ14r04WsVGg0RFDQwpJbhfhY?authuser=0&hl=fr&rclk=1
Herdade Vale Da Rosa," Herdade Vale da Rosa, 7901-909, Portugal",Ferreira do Alentejo+Portugal,Portugal,Centre thermal,Transformation des fruits et légumes,"4,6", +351 284 739 933,http://www.valedarosa.com/,,,https://www.google.com/maps/place/Herdade+Vale+Da+Rosa/data=!4m7!3m6!1s0xd1a1450337c2393:0xe8e18b6abf3b1833!8m2!3d38.0898149!4d-8.0811685!16s%2Fg%2F11c3sw5c_d!19sChIJkyN8M1AUGg0RMxg7v2qL4eg?authuser=0&hl=fr&rclk=1
Posto de turismo de Ferreira do Alentejo," Av. Gago Coutinho 1, 7900-110 Ferreira do Alentejo, Portugal",Ferreira do Alentejo+Portugal,Portugal,Centre thermal,Musée,"4,0", +351 284 739 620,https://ferreiradoalentejo.pt/locais/posto-de-turismo/,geral@cm-ferreira-alentejo.pt,,https://www.google.com/maps/place/Posto+de+turismo+de+Ferreira+do+Alentejo/data=!4m7!3m6!1s0xd1a15289cf49f49:0x2a705dcdaed64d94!8m2!3d38.0618464!4d-8.117708!16s%2Fg%2F11knspxy_4!19sChIJSZ_0nCgVGg0RlE3Wrs1dcCo?authuser=0&hl=fr&rclk=1
Barragem de Odivelas," Ferreira do Alentejo, Portugal",Ferreira do Alentejo+Portugal,Portugal,Centre thermal,Barrage,"4,5",,,,,https://www.google.com/maps/place/Barragem+de+Odivelas/data=!4m7!3m6!1s0xd1a17ea5c7822cb:0x82ce732a32ab1c3f!8m2!3d38.1850724!4d-8.1152137!16s%2Fg%2F11flbbdd17!19sChIJyyJ4XOoXGg0RPxyrMipzzoI?authuser=0&hl=fr&rclk=1
Monte das Palmeiras," Monte das Palmeiras, 7900-283 Ferreira do Alentejo, Portugal",Ferreira do Alentejo+Portugal,Portugal,Centre thermal,,"4,7", +351 924 216 424,http://www.montedaspalmeiras.com/,,,https://www.google.com/maps/place/Monte+das+Palmeiras/data=!4m10!3m9!1s0xd1a3bff3101186d:0xebba8959161690d1!5m2!4m1!1i2!8m2!3d38.1173336!4d-8.2257587!16s%2Fg%2F11cs6l120j!19sChIJbRgBMf87Gg0R0ZAWFlmJuus?authuser=0&hl=fr&rclk=1
Piscinas Municipais de Ferreira do Alentejo," Estr. de Ervidel 2A, 7900-561 Ferreira do Alentejo, Portugal",Ferreira do Alentejo+Portugal,Portugal,Centre thermal,Piscine,"4,4", +351 284 739 711,https://ferreiradoalentejo.pt/locais/piscina-municipal-descoberta/,geral@cm-ferreira-alentejo.pt,,https://www.google.com/maps/place/Piscinas+Municipais+de+Ferreira+do+Alentejo/data=!4m7!3m6!1s0xd1a154213941f73:0x7c8f029a14caf22c!8m2!3d38.056446!4d-8.1186752!16s%2Fg%2F11byp6llwy!19sChIJcx-UE0IVGg0RLPLKFJoCj3w?authuser=0&hl=fr&rclk=1
Lagar do Marmelo," Herdade do Marmelo, Apartado 43, 7900-909 Ferreira do Alentejo, Portugal",Ferreira do Alentejo+Portugal,Portugal,Centre thermal,Fabricant d'huile d'olive,"4,7", +351 21 412 9334,https://www.oliveiradaserra.pt/pt/sobre-nos/lagar-do-marmelo/,,,https://www.google.com/maps/place/Lagar+do+Marmelo/data=!4m7!3m6!1s0xd1a3e590328c75b:0xd75ee61a330b4a0c!8m2!3d38.0876986!4d-8.1740732!16s%2Fg%2F124yjr0k3!19sChIJW8coA1k-Gg0RDEoLMxrmXtc?authuser=0&hl=fr&rclk=1
Parque dos Desportos," Ferreira do Alentejo, Portugal",Ferreira do Alentejo+Portugal,Portugal,Parc aquatique,Complexe sportif,"5,0",,https://www.ferreiradoalentejo.pt/,geral@cm-ferreira-alentejo.pt,,https://www.google.com/maps/place/Parque+dos+Desportos/data=!4m7!3m6!1s0xd1a154275418b67:0xf827ece368c5d1ae!8m2!3d38.0571005!4d-8.1189169!16s%2Fg%2F11f1p9bmg5!19sChIJZ4tBdUIVGg0RrtHFaOPsJ_g?authuser=0&hl=fr&rclk=1
Estádio Municipal de Ferreira do Alentejo," Ferreira do Alentejo, Portugal",Ferreira do Alentejo+Portugal,Portugal,Parc aquatique,Stade,"3,9", +351 284 738 705,,,,https://www.google.com/maps/place/Est%C3%A1dio+Municipal+de+Ferreira+do+Alentejo/data=!4m7!3m6!1s0xd1a15599be4bdb7:0x181e4fb98cfbbe51!8m2!3d38.0534094!4d-8.1159642!16s%2Fg%2F11ff4tpzwh!19sChIJt73km1kVGg0RUb77jLlPHhg?authuser=0&hl=fr&rclk=1
Sesmarias Turismo Rural & Spa," 7900-097 Alfundão, Portugal",Ferreira do Alentejo+Portugal,Portugal,Thalassothérapie,,"4,6", +351 284 400 366,https://www.sesmariasturismoruralspa.com/,info@sesmariasturismoruralspa.com,,https://www.google.com/maps/place/Sesmarias+Turismo+Rural+%26+Spa/data=!4m10!3m9!1s0xd1a11787ee67093:0x4b22366d2cd1da45!5m2!4m1!1i2!8m2!3d38.1209613!4d-7.9967015!16s%2Fg%2F11crzvzbbp!19sChIJk3DmfngRGg0RRdrRLG02Iks?authuser=0&hl=fr&rclk=1
Senăra Spa Comporta," La Réserve Nature & Spa, Alameda das Praias C14, 7570-779, Portugal",Ferreira do Alentejo+Portugal,Portugal,Thalassothérapie,Station thermale,"4,9", +351 968 872 248,http://www.senaraspa.com/,infospa@senaraspa.com,,https://www.google.com/maps/place/Sen%C4%83ra+Spa+Comporta/data=!4m7!3m6!1s0xd1bd9d5f491e481:0x41d9ef71badd58ea!8m2!3d38.3070328!4d-8.7437124!16s%2Fg%2F11wb1vf8sw!19sChIJgeSR9NXZGw0R6ljdunHv2UE?authuser=0&hl=fr&rclk=1
Serpa Hotel," R. do Parque de Campismo, 7830-303 Serpa, Portugal",Mértola+Portugal,Portugal,Hôtel avec spa,,"4,6", +351 284 243 340,http://serpahotel.pt/,reservas@serpahotel.pt,,https://www.google.com/maps/place/Serpa+Hotel/data=!4m10!3m9!1s0xd109114f6303cbb:0xb25a93eaa6268be!5m2!4m1!1i2!8m2!3d37.9413795!4d-7.6046344!16s%2Fg%2F11s226b2nr!19sChIJuzww9hSREA0Rvmhiqj6pJQs?authuser=0&hl=fr&rclk=1
Monte Vale Nature Resort," Apartado 320, 7780-305, Portugal",Mértola+Portugal,Portugal,Hôtel avec spa,,"4,7", +351 918 171 450,http://www.montevale.pt/,geral@montevale.pt,,https://www.google.com/maps/place/Monte+Vale+Nature+Resort/data=!4m10!3m9!1s0xd1a7d27dc4ffe35:0xc968539d6bfc330b!5m2!4m1!1i2!8m2!3d37.7675123!4d-7.9391996!16s%2Fg%2F11fy_4f875!19sChIJNf5P3Cd9Gg0RCzP8a51TaMk?authuser=0&hl=fr&rclk=1
Guadiana Valley Natural Park," R. Dom Sancho II 15, 7750-350 Mértola, Portugal",Mértola+Portugal,Portugal,Parc aquatique,Parc national,"4,6", +351 286 612 016,https://www.icnf.pt/conservacao/rnapareasprotegidas/parquesnaturais/pnvaledoguadiana,geral@icnf.pt,,https://www.google.com/maps/place/Guadiana+Valley+Natural+Park/data=!4m7!3m6!1s0xd107daca2982a23:0x1ac6f85598556db!8m2!3d37.6876684!4d-7.654811!16s%2Fm%2F03y6wwv!19sChIJIyqYoqx9EA0R21aFWYVvrAE?authuser=0&hl=fr&rclk=1
Hotel Museu," R. Dr. Afonso Costa 112, 7750-352 Mértola, Portugal",Mértola+Portugal,Portugal,Thalassothérapie,,"4,2", +351 913 402 033,https://www.hotelmuseu.com/,info@hotelmuseu.com,,https://www.google.com/maps/place/Hotel+Museu/data=!4m10!3m9!1s0xd107b843d407dfd:0xb4b062576611286a!5m2!4m1!1i2!8m2!3d37.6389474!4d-7.6615406!16s%2Fg%2F1td7j_gr!19sChIJ_X1APYR7EA0RaigRZldisLQ?authuser=0&hl=fr&rclk=1
Castle of Mértola," Castelo de, 7750-338 Mértola, Portugal",Mértola+Portugal,Portugal,Thalassothérapie,Château,"4,5", +351 286 610 109,https://www.museudemertola.pt/nucleos-exposicao/castelo-de-mertola/,,,https://www.google.com/maps/place/Castle+of+M%C3%A9rtola/data=!4m7!3m6!1s0xd107b85c08a6f7b:0x8c97be457ecf84be!8m2!3d37.638145!4d-7.6639957!16s%2Fg%2F11bc5xvv0q!19sChIJe2-KwIV7EA0RvoTPfkW-l4w?authuser=0&hl=fr&rclk=1
Hotel Beira Rio," R. Dr. Afonso Costa 108, 7750-352 Mértola, Portugal",Mértola+Portugal,Portugal,Thalassothérapie,,"4,2", +351 913 402 033,https://www.beirario.pt/,,,https://www.google.com/maps/place/Hotel+Beira+Rio/data=!4m10!3m9!1s0xd107b8422b898ef:0xb07425e2397178e1!5m2!4m1!1i2!8m2!3d37.6390866!4d-7.6612712!16s%2Fg%2F1tr9pp6w!19sChIJ75i4IoR7EA0R4XhxOeIldLA?authuser=0&hl=fr&rclk=1
Hammam Spa," R. 5 de Outubro 16, 7750-333 Mértola, Portugal",Mértola+Portugal,Portugal,Thalassothérapie,Spa,,,,,,https://www.google.com/maps/place/Hammam+Spa/data=!4m7!3m6!1s0xd107b0036a65a8b:0x5fd27905df3b9eed!8m2!3d37.6361545!4d-7.6648353!16s%2Fg%2F11y3j4c16t!19sChIJi1qmNgB7EA0R7Z473wV50l8?authuser=0&hl=fr&rclk=1
Espaço Casa Amarela," Estrada dos Celeiros, 7750-301 Mértola, Portugal",Mértola+Portugal,Portugal,Thalassothérapie,,"4,4", +351 935 341 515,https://m.facebook.com/EspacoCasaAmarelaMertola/,,,https://www.google.com/maps/place/Espa%C3%A7o+Casa+Amarela/data=!4m10!3m9!1s0xd107b84d8464ffd:0x990204d466980574!5m2!4m1!1i2!8m2!3d37.6360967!4d-7.661959!16s%2Fg%2F1hc368wg5!19sChIJ_U9G2IR7EA0RdAWYZtQEApk?authuser=0&hl=fr&rclk=1
Igreja de Nossa Senhora da Assunção," Largo da Trindade 2, 7920-018 Alvito, Portugal",Alvito+Portugal,Portugal,Centre thermal,Église catholique,"4,4",,,,,https://www.google.com/maps/place/Igreja+de+Nossa+Senhora+da+Assun%C3%A7%C3%A3o/data=!4m7!3m6!1s0xd1a1b02f848afaf:0x38365f2efcb8a4e!8m2!3d38.2567214!4d-7.9940138!16s%2Fg%2F11cp785rxh!19sChIJr69I-AIbGg0RTorL7_JlgwM?authuser=0&hl=fr&rclk=1
Pousada Castelo Alvito," Castelo de Alvito, Largo do Castelo 3, 7920-999 Alvito, Portugal",Alvito+Portugal,Portugal,Centre thermal,,"4,4", +351 284 480 700,https://www.pousadas.pt/en/hotel/pousada-alvito?utm_source=google-my-business&utm_medium=organicsearch&utm_campaign=pousada-alvito&tc_alt=114036,rececao@pousadadealvito.pt,,https://www.google.com/maps/place/Pousada+Castelo+Alvito/data=!4m10!3m9!1s0xd1a1b1cd3775813:0x312b7080e19aa0e2!5m2!4m1!1i2!8m2!3d38.2577626!4d-7.9921249!16s%2Fg%2F1q5bmyxv9!19sChIJE1h30xwbGg0R4qCa4YBwKzE?authuser=0&hl=fr&rclk=1
Pelourinho de Alvito," Praça da República, 7920-048 Alvito, Portugal",Alvito+Portugal,Portugal,Centre thermal,Site historique,"4,0",,,,,https://www.google.com/maps/place/Pelourinho+de+Alvito/data=!4m7!3m6!1s0xd1a1badb306871f:0xdf496aaa5df3eff7!8m2!3d38.2573691!4d-7.9920751!16s%2Fg%2F12302m84!19sChIJH4cGs60bGg0R9-_zXapqSd8?authuser=0&hl=fr&rclk=1
Alvito Recreational Park," Estr. Alvito, Lisboa, Portugal",Alvito+Portugal,Portugal,Parc aquatique,Parc,"4,6", +351 21 363 5940,https://www.lisboa.pt/pontos-de-interesse/detalhe/parque-recreativo-do-alvito,,,https://www.google.com/maps/place/Alvito+Recreational+Park/data=!4m7!3m6!1s0xd1933520e57408b:0x527a50608e50b9e9!8m2!3d38.7197069!4d-9.1864339!16s%2Fg%2F1227k27w!19sChIJi0BXDlIzGQ0R6blQjmBQelI?authuser=0&hl=fr&rclk=1
Piscinas Municipais de Alvito," R. da Tapadinha Dom António 11, 7920-056 Alvito, Portugal",Alvito+Portugal,Portugal,Parc aquatique,Piscine municipale,"4,5", +351 927 413 696,https://www.cm-alvito.pt/pt/noticias/1636/abertura-das-piscinas-municipais.aspx,,,https://www.google.com/maps/place/Piscinas+Municipais+de+Alvito/data=!4m7!3m6!1s0xd1a1b04a0440a03:0xcedf621fc8f3224b!8m2!3d38.2599549!4d-7.9931173!16s%2Fg%2F11byz79tdw!19sChIJAwpEoAQbGg0RSyLzyB9i384?authuser=0&hl=fr&rclk=1
"Curia Palace, Hotel Spa & Golf"," Av. Plátanos, 3780-541 Anadia, Portugal",Mealhada+Portugal,Portugal,Hôtel avec spa,,"4,3", +351 231 510 300,https://www.almeidahotels.pt/en/hotel-curia-in-coimbra/?partner=8087utm_source=google&utm_medium=organic&utm_campaign=MyBusiness&utm,curia@almeidahotels.pt,,"https://www.google.com/maps/place/Curia+Palace,+Hotel+Spa+%26+Golf/data=!4m10!3m9!1s0xd23073c2f0c629f:0x24ee02203db53f4d!5m2!4m1!1i2!8m2!3d40.4242547!4d-8.4625061!16s%2Fg%2F12yygdvjd!19sChIJn2IMLzwHIw0RTT-1PSAC7iQ?authuser=0&hl=fr&rclk=1"
Alegre Hotel Bussaco," Emidio Navarro nr2, R. Eng. Ernesto Navarro 3050, 3050-224 Luso, Portugal",Mealhada+Portugal,Portugal,Hôtel avec spa,,"4,3", +351 231 930 256,http://www.alegrehotels.com/,webmaster@alegrehotels.com,,https://www.google.com/maps/place/Alegre+Hotel+Bussaco/data=!4m10!3m9!1s0xd2303c7ccbf4e09:0x7afcbb0575973f4b!5m2!4m1!1i2!8m2!3d40.382921!4d-8.37745!16s%2Fg%2F1tgwnzbc!19sChIJCU6_zMcDIw0RSz-XdQW7_Ho?authuser=0&hl=fr&rclk=1
Hotel Termas da Curia," 3780-541 Tamengos, Portugal",Mealhada+Portugal,Portugal,Hôtel avec spa,,"4,0", +351 231 519 800,http://www.termasdacuria.com/,reservas@termasdacuria.com,https://www.linkedin.com/company/hotel-termas-da-curia,https://www.google.com/maps/place/Hotel+Termas+da+Curia/data=!4m10!3m9!1s0xd23076a9bb6dd5f:0x1b75fce75e534ee7!5m2!4m1!1i2!8m2!3d40.426568!4d-8.464115!16s%2Fg%2F1th836sf!19sChIJX922m2oHIw0R505TXuf8dRs?authuser=0&hl=fr&rclk=1
"Curia Palace, Hotel Spa & Golf"," Av. Plátanos, 3780-541 Anadia, Portugal",Mealhada+Portugal,Portugal,Hôtel avec spa,,"4,3", +351 231 510 300,https://www.almeidahotels.pt/en/hotel-curia-in-coimbra/?partner=8087utm_source=google&utm_medium=organic&utm_campaign=MyBusiness&utm,curia@almeidahotels.pt,,"https://www.google.com/maps/place/Curia+Palace,+Hotel+Spa+%26+Golf/data=!4m10!3m9!1s0xd23074079b7a4f3:0x24ee02203db53f4d!5m2!4m1!1i2!8m2!3d40.424255!4d-8.462506!16s%2Fg%2F12yygdvjd!19sChIJ86S3eUAHIw0RTT-1PSAC7iQ?authuser=0&hl=fr&rclk=1"
Posto de Turismo da Mealhada," Av. Fonte Nova 3050, 3050-333 Mealhada, Portugal",Mealhada+Portugal,Portugal,Centre thermal,Office de tourisme,"4,3", +351 231 281 372,https://www.cm-mealhada.pt/,gabpresidencia@cm-mealhada.pt,,https://www.google.com/maps/place/Posto+de+Turismo+da+Mealhada/data=!4m7!3m6!1s0xd2300e5d4f5671b:0x264dde3f96a81ea5!8m2!3d40.3817131!4d-8.4487708!16s%2Fg%2F11ckvvmmbq!19sChIJG2f11OUAIw0RpR6olj_eTSY?authuser=0&hl=fr&rclk=1
Churrasqueira Rocha," Tv. Churrasqueira, 3050-352 Mealhada, Portugal",Mealhada+Portugal,Portugal,Centre thermal,Restaurant portugais,"4,5", +351 231 202 357,http://www.churrasqueirarocha.com/,rocha@churrasqueirarocha.com,,https://www.google.com/maps/place/Churrasqueira+Rocha/data=!4m7!3m6!1s0xd22ff8fd3abe523:0xdacc752d5a7838ea!8m2!3d40.3833719!4d-8.441955!16s%2Fg%2F12hlx6rf9!19sChIJI-Wr04__Ig0R6jh4Wi11zNo?authuser=0&hl=fr&rclk=1
Piscina Municipal da Mealhada," R. Murtal, Mealhada, Portugal",Mealhada+Portugal,Portugal,Parc aquatique,Piscine municipale,"4,3", +351 231 205 470,http://www.cm-mealhada.pt/menu/407/piscinas-municipais-de-mealhada,desporto@cm-mealhada.pt,,https://www.google.com/maps/place/Piscina+Municipal+da+Mealhada/data=!4m7!3m6!1s0xd2300e23c696cd5:0x623cb9e0f877fd88!8m2!3d40.3756039!4d-8.4556574!16s%2Fg%2F1tfsd3k6!19sChIJ1WxpPOIAIw0RiP13-OC5PGI?authuser=0&hl=fr&rclk=1
Multi Therapies," Urbanização. Quinta dos Coutos, Rua Eça de Queirós Lote 6 Loja C, 3050-326 Mealhada, Portugal",Mealhada+Portugal,Portugal,Thalassothérapie,Magasin d'accessoires de massage,"4,8",,http://www.multitherapies.pt/,geral@multitherapies.pt,,https://www.google.com/maps/place/Multi+Therapies/data=!4m7!3m6!1s0xd2300ee919883a1:0x70128514b275ec37!8m2!3d40.3794023!4d-8.4558967!16s%2Fg%2F11cpd4vh27!19sChIJoYOYke4AIw0RN-x1shSFEnA?authuser=0&hl=fr&rclk=1
Greko Spa," R. Dr. Abel da Silva Lindo 12, 3050-429 Pampilhosa do Botão, Portugal",Mealhada+Portugal,Portugal,Thalassothérapie,Spa,"4,9", +351 910 929 109,,,,https://www.google.com/maps/place/Greko+Spa/data=!4m7!3m6!1s0xd2301b504167b31:0x6d9f74a780bc8667!8m2!3d40.3377459!4d-8.4293108!16s%2Fg%2F11ty709jdb!19sChIJMXsWBLUBIw0RZ4a8gKd0n20?authuser=0&hl=fr&rclk=1
Pedro dos Leitões," R. Álvaro Pedro 1, 3050-382 Mealhada, Portugal",Mealhada+Portugal,Portugal,Thalassothérapie,Restaurant portugais,"4,4", +351 231 209 950,http://www.pedrodosleitoes.com/,restaurante@pedrodosleitoes.com,,https://www.google.com/maps/place/Pedro+dos+Leit%C3%B5es/data=!4m7!3m6!1s0xd2300db2471a9db:0xa8bc0f101bc5c1ff!8m2!3d40.393814!4d-8.450331!16s%2Fg%2F1hc2crkvl!19sChIJ26lxJNsAIw0R_8HFGxAPvKg?authuser=0&hl=fr&rclk=1
Quinta de Lograssol," Rua Joaquim Luís Alves de Melo, 3050-504 Lograssol, Mealhada, Portugal",Mealhada+Portugal,Portugal,Thalassothérapie,,"4,8", +351 918 111 751,http://www.quintadelograssol.pt/site/,,,https://www.google.com/maps/place/Quinta+de+Lograssol/data=!4m10!3m9!1s0xd23016e376a62ab:0x5d0ad21b4b25fe91!5m2!4m1!1i2!8m2!3d40.3817843!4d-8.4105433!16s%2Fg%2F11bws97d5j!19sChIJq2JqN24BIw0Rkf4lSxvSCl0?authuser=0&hl=fr&rclk=1
Tivoli Carvoeiro Algarve Resort," Praia do Vale Covo, 8400-526 Carvoeiro, Portugal",Lagoa+Portugal,Portugal,Hôtel avec spa,,"4,5", +351 282 351 100,https://www.tivolihotels.com/en/tivoli-carvoeiro?utm_campaign=local-gmb&utm_medium=organic_search&utm_source=google_gmb,carvoeiro@tivoli-hotels.com,,https://www.google.com/maps/place/Tivoli+Carvoeiro+Algarve+Resort/data=!4m10!3m9!1s0xd1ab208c30ecee5:0x27941a4c14dafca9!5m2!4m1!1i2!8m2!3d37.0939326!4d-8.4602881!16s%2Fg%2F1tlbv_5c!19sChIJ5c4OwwiyGg0RqfzaFEwalCc?authuser=0&hl=fr&rclk=1
Carvoeiro B&B and S.P.A," Rua António Aleixo 75, 8400-557 Carvoeiro, Portugal",Lagoa+Portugal,Portugal,Hôtel avec spa,,"4,8", +351 910 299 383,https://carvoeirobnbandspa.com/,carvoeirobnbandspa@gmail.com,,https://www.google.com/maps/place/Carvoeiro+B%26B+and+S.P.A/data=!4m10!3m9!1s0xd1ad790bd172ef1:0x6ec154896fa1c484!5m2!4m1!1i2!8m2!3d37.1099654!4d-8.4559186!16s%2Fg%2F11fl5gty6x!19sChIJ8S4XvZDXGg0RhMShb4lUwW4?authuser=0&hl=fr&rclk=1
Wyndham Grand Carvoeiro Algarve," Estr. do Farol, Vale de Centianes, 8400-252 Carvoeiro, Portugal",Lagoa+Portugal,Portugal,Hôtel avec spa,,"4,3", +351 282 119 270,https://www.wyndhamhotels.com/wyndham-grand/carvoeiro-portugal/wyndham-grand-carvoeiro-algarve/overview?CID=LC:46q62bu8edfbx3y:57713&iata=00093796,accessibility@wyndham.com,,https://www.google.com/maps/place/Wyndham+Grand+Carvoeiro+Algarve/data=!4m10!3m9!1s0xd1ad74238501499:0xc6c0e1cecb3d89c2!5m2!4m1!1i2!8m2!3d37.0930518!4d-8.4555465!16s%2Fg%2F11ybvtly9g!19sChIJmRRQOELXGg0Rwok9y87hwMY?authuser=0&hl=fr&rclk=1
Pestana Carvoeiro Golf - AL," Carvoeiro Golfe, S.A, Apartado 1011, 8401-908 Carvoeiro, Portugal",Lagoa+Portugal,Portugal,Hôtel avec spa,,"4,1", +351 282 340 900,https://www.pestana.com/en/hotel/pestana-carvoeiro?utm_campaign=pestana-carvoeiro-partoo&utm_medium=organicsearch,info@pestanagolf.com,,https://www.google.com/maps/place/Pestana+Carvoeiro+Golf+-+AL/data=!4m10!3m9!1s0xd1b29274e2c733d:0xa0fdde8dc5cd7e03!5m2!4m1!1i2!8m2!3d37.12541!4d-8.487977!16s%2Fg%2F11d_z6xxlh!19sChIJPXMsTicpGw0RA37NxY3e_aA?authuser=0&hl=fr&rclk=1
Vale da Lapa Village Resort," Estrada das Sesmarias, 8400-535 Carvoeiro, Portugal",Lagoa+Portugal,Portugal,Hôtel avec spa,,"4,6", +351 282 380 800,https://www.valedalapa.com/?partner=11576&utm_source=google&utm_medium=organic&utm_campaign=MyBusiness,booking@valedalapa.com,,https://www.google.com/maps/place/Vale+da+Lapa+Village+Resort/data=!4m10!3m9!1s0xd1ad6283c2ee553:0xb52d35fed4a2b5b7!5m2!4m1!1i2!8m2!3d37.1118858!4d-8.4836407!16s%2Fg%2F1v6p5khw!19sChIJU-UuPCjWGg0Rt7Wi1P41LbU?authuser=0&hl=fr&rclk=1
Vale d'Oliveiras Quinta Resort & Spa," R. do Pestana Golf Resort, 8401-904 Carvoeiro, Portugal",Lagoa+Portugal,Portugal,Hôtel avec spa,,"4,6", +351 282 380 560,https://www.valeoliveirasresort.com/?partner=11576&utm_source=google&utm_medium=organic&utm_campaign=MyBusiness,booking@valeoliveirasresort.com,,https://www.google.com/maps/place/Vale+d%27Oliveiras+Quinta+Resort+%26+Spa/data=!4m10!3m9!1s0xd1b29d336cc9813:0x3924d1909033d8fb!5m2!4m1!1i2!8m2!3d37.1206132!4d-8.4913893!16s%2Fg%2F1tdr4l7q!19sChIJE5jMNtMpGw0R-9gzkJDRJDk?authuser=0&hl=fr&rclk=1
Vale d'El Rei Hotel & Villas," Vale d´el Rei, 8400-421 Lagoa, Portugal",Lagoa+Portugal,Portugal,Hôtel avec spa,,"4,5", +351 282 380 120,https://www.valedelrei.com/?partner=11576&utm_source=google&utm_medium=organic&utm_campaign=MyBusiness,booking@valedelrei.com,,https://www.google.com/maps/place/Vale+d%27El+Rei+Hotel+%26+Villas/data=!4m10!3m9!1s0xd1ad6e887dc7611:0x9f198f9d3c0406d!5m2!4m1!1i2!8m2!3d37.1152733!4d-8.4224752!16s%2Fg%2F1td_6fvx!19sChIJEXbch-jWGg0RbUDA0_mY8Qk?authuser=0&hl=fr&rclk=1
Água Hotels Riverside," Quinta das Marinhas, Rua Alberto Boto dos Santos n 7, 8400-655 Parchal, Portugal",Lagoa+Portugal,Portugal,Hôtel avec spa,,"4,3", +351 282 490 300,http://www.aguahotels.pt/index.php/pt/hoteis-builder/riverside,bookings@aguahotels.pt,,https://www.google.com/maps/place/%C3%81gua+Hotels+Riverside/data=!4m10!3m9!1s0xd1b28680b70e303:0x8953ea019fda0993!5m2!4m1!1i2!8m2!3d37.141737!4d-8.51689!16s%2Fg%2F1xpwl138!19sChIJA-NwC2goGw0RkwnanwHqU4k?authuser=0&hl=fr&rclk=1
Vila Vita Parc," R. Anneliese Pohl, Alporchinhos, 8400-450 Porches, Portugal",Lagoa+Portugal,Portugal,Hôtel avec spa,,"4,8", +351 282 310 100,https://vilavitaparc.com/,fb@vilavitaparc.com,,https://www.google.com/maps/place/Vila+Vita+Parc/data=!4m10!3m9!1s0xd1ad144098d885f:0x51dd10588ce1bb4a!5m2!4m1!1i2!8m2!3d37.1018506!4d-8.3793266!16s%2Fg%2F1tdzh7s8!19sChIJX4iNCUTRGg0RSrvhjFgQ3VE?authuser=0&hl=fr&rclk=1
Pestana Gramacho Residences," Carvoeiro Golfe 1011 S.A, Apartado, 8401-908 Estômbar, Portugal",Lagoa+Portugal,Portugal,Hôtel avec spa,,"4,3", +351 282 340 900,https://www.pestana.com/en/hotel/pestana-gramacho-residences?utm_campaign=pestana-gramacho-residences-partoo&utm_medium=organicsearch,fo.gramachoresidence@pestana.com,,https://www.google.com/maps/place/Pestana+Gramacho+Residences/data=!4m10!3m9!1s0xd1b2831f773ca2b:0x11e2c5bcac706cbf!5m2!4m1!1i2!8m2!3d37.1265145!4d-8.4958!16s%2Fm%2F05p3djj!19sChIJK8pz9zEoGw0Rv2xwrLzF4hE?authuser=0&hl=fr&rclk=1
Suites Alba Resort & Spa," Praia de Albandeira, 8400-403 Lagoa, Portugal",Lagoa+Portugal,Portugal,Hôtel avec spa,,"4,6", +351 282 380 700,http://www.vilaalbaresort.com/,reservas@vilaalbaresort.com,https://www.linkedin.com/company/vila-alba-resort,https://www.google.com/maps/place/Suites+Alba+Resort+%26+Spa/data=!4m10!3m9!1s0xd2254b75dba2d27:0x774d521744d9946e!5m2!4m1!1i2!8m2!3d37.0930297!4d-8.402486!16s%2Fg%2F1hc274sgj!19sChIJJy26XbdUIg0RbpTZRBdSTXc?authuser=0&hl=fr&rclk=1
Suites Alba Resort & Spa," Praia de Albandeira, 8400-403 Lagoa, Portugal",Lagoa+Portugal,Portugal,Hôtel avec spa,,"4,6", +351 282 380 700,http://www.vilaalbaresort.com/,reservas@vilaalbaresort.com,https://www.linkedin.com/company/vila-alba-resort,https://www.google.com/maps/place/Suites+Alba+Resort+%26+Spa/data=!4m10!3m9!1s0xd1ad6ae7c563b7f:0x774d521744d9946e!5m2!4m1!1i2!8m2!3d37.09303!4d-8.402486!16s%2Fg%2F1hc274sgj!19sChIJfztWfK7WGg0RbpTZRBdSTXc?authuser=0&hl=fr&rclk=1
White Shell Beach Villas," Quinta Sra da Rocha, 8400-489 Porches, Portugal",Lagoa+Portugal,Portugal,Hôtel avec spa,,"4,7", +351 282 248 440,https://www.whiteshellbeachvillas.com/,res@whiteshellbeachvillas.com,,https://www.google.com/maps/place/White+Shell+Beach+Villas/data=!4m10!3m9!1s0xd1ad14e92b83115:0x97e12d7f155ed5e2!5m2!4m1!1i2!8m2!3d37.1001005!4d-8.3897557!16s%2Fg%2F11dxb30zg9!19sChIJFTG4kk7RGg0R4tVeFX8t4Zc?authuser=0&hl=fr&rclk=1
Casa Bela Moura Boutique Hotel & Wine," Estrada de Porches M 530 1, 8400-450 Porches, Portugal",Lagoa+Portugal,Portugal,Hôtel avec spa,,"4,8", +351 282 313 422,http://www.casabelamoura.com/,info@casabelamoura.com,,https://www.google.com/maps/place/Casa+Bela+Moura+Boutique+Hotel+%26+Wine/data=!4m10!3m9!1s0xd1ad137ff9cbfdb:0x11745b1c0f6c56bb!5m2!4m1!1i2!8m2!3d37.1068015!4d-8.3848431!16s%2Fg%2F1tg_yc2r!19sChIJ27-c_zfRGg0Ru1ZsDxxbdBE?authuser=0&hl=fr&rclk=1
Monte Santo Resort," R. João Paulo II, 8400-556 Carvoeiro, Portugal",Lagoa+Portugal,Portugal,Centre thermal,,"4,6", +351 282 321 000,https://www.montesantoalgarve.com/?utm_source=google&utm_medium=organic&utm_campaign=gbp_listing,info@montesantoalgarve.com,,https://www.google.com/maps/place/Monte+Santo+Resort/data=!4m10!3m9!1s0xd1ad624fd28ee85:0x4c73755c93f774b4!5m2!4m1!1i2!8m2!3d37.1087798!4d-8.4753833!16s%2Fg%2F1tdhn2dj!19sChIJhe4o_STWGg0RtHT3k1x1c0w?authuser=0&hl=fr&rclk=1
Sensorial Spa," Lugar do Montinho, 8550-232, Portugal",Lagoa+Portugal,Portugal,Centre thermal,Spa,"4,4", +351 282 240 155,https://www.monchiqueresort.com/spa,info@monchiqueresort.com,,https://www.google.com/maps/place/Sensorial+Spa/data=!4m7!3m6!1s0xd1b21e67b2fffff:0x7e4fe186ac42a3b4!8m2!3d37.2793664!4d-8.5512426!16s%2Fg%2F11g9m9c34n!19sChIJ__8ve-YhGw0RtKNCrIbhT34?authuser=0&hl=fr&rclk=1
SPA Massage Despertar dos Sentidos," R. do Parque Empresarial do Algarve 25 1º Andar, Loja 9 L, 8400-431 Lagoa, Portugal",Lagoa+Portugal,Portugal,Centre thermal,Institut de massages,"4,7", +351 920 452 924,https://www.spamassagensalgarve.com/,spamassagedespertardossentidos@gmail.com,,https://www.google.com/maps/place/SPA+Massage+Despertar+dos+Sentidos/data=!4m7!3m6!1s0xd1ad78dc20a15af:0xf97c5b97da764055!8m2!3d37.1303303!4d-8.446675!16s%2Fg%2F11j3s22l2_!19sChIJrxUKwo3XGg0RVUB22pdbfPk?authuser=0&hl=fr&rclk=1
Vila Termal das Caldas de Monchique," R. de Caldas de Monchique, 8550-232, Portugal",Lagoa+Portugal,Portugal,Centre thermal,,"3,3", +351 282 910 910,https://villatermalspahotel.com/,sales@unlockhotels.com,,https://www.google.com/maps/place/Vila+Termal+das+Caldas+de+Monchique/data=!4m10!3m9!1s0xd1b21759699a013:0x9e77faab58e149d4!5m2!4m1!1i2!8m2!3d37.2841874!4d-8.5542473!16s%2Fg%2F11c2k643lm!19sChIJE6CZlnUhGw0R1EnhWKv6d54?authuser=0&hl=fr&rclk=1
Monchique Resort & Spa," Lugar do Montinho, 8550-232, Portugal",Lagoa+Portugal,Portugal,Centre thermal,,"4,5", +351 282 240 100,https://www.monchiqueresort.com/,info@monchiqueresort.com,,https://www.google.com/maps/place/Monchique+Resort+%26+Spa/data=!4m10!3m9!1s0xd1b21e67b2fffff:0xcae67e0f432ea9ac!5m2!4m1!1i2!8m2!3d37.2796151!4d-8.5515364!16s%2Fg%2F11cm_gt_6s!19sChIJ__8ve-YhGw0RrKkuQw9-5so?authuser=0&hl=fr&rclk=1
Aquasplash," Guia, Portugal",Lagoa+Portugal,Portugal,Parc aquatique,Attraction touristique,"3,7",,https://www.zoomarine.pt/en/discover-the-park/amusements/aquasplash/,info@zoomarine.pt,https://www.linkedin.com/company/zoomarinealgarve,https://www.google.com/maps/place/Aquasplash/data=!4m7!3m6!1s0xd1ad11270b404f7:0xb1dd4e0acc04b31e!8m2!3d37.1257513!4d-8.3152928!16s%2Fg%2F11hz_kgvlb!19sChIJ9wS0cBLRGg0RHrMEzApO3bE?authuser=0&hl=fr&rclk=1
Vidamar Algarve Resort," Estr. dos Salgados 1, 8200-424 Guia, Portugal",Lagoa+Portugal,Portugal,Thalassothérapie,,"4,4", +351 289 038 000,https://algarve.winebookshotels.com/,info@wineandbooks.com,https://www.linkedin.com/company/grupo-pbh,https://www.google.com/maps/place/Vidamar+Algarve+Resort/data=!4m10!3m9!1s0xd1ad1f62bbcc76f:0x26b86cfbc74dd257!5m2!4m1!1i2!8m2!3d37.0904984!4d-8.3252235!16s%2Fg%2F12hmltq2m!19sChIJb8e8K_bRGg0RV9JNx_tsuCY?authuser=0&hl=fr&rclk=1
D' Spa Organic & Vegan - Vale da Lapa," Estrada das Sesmarias, 8400-535 Carvoeiro, Portugal",Lagoa+Portugal,Portugal,Thalassothérapie,Spa,"4,5", +351 914 811 495,https://www.valedalapa.com/pt/d-spa,booking@valedalapa.com,,https://www.google.com/maps/place/D%27+Spa+Organic+%26+Vegan+-+Vale+da+Lapa/data=!4m7!3m6!1s0xd1ad742fcfc3a09:0x86e8913ec7f5cf1e!8m2!3d37.1117883!4d-8.4840989!16s%2Fg%2F11kh6dglc2!19sChIJCTr8_ELXGg0RHs_1xz6R6IY?authuser=0&hl=fr&rclk=1
7 SEVEN SPA VILAMOURA," R. da Torre d'Água 4 11.1B, Vilamoura, 8125-615 Quarteira, Portugal",Lagoa+Portugal,Portugal,Thalassothérapie,Institut de spa et bien-être,"4,2", +351 289 320 950,https://www3.hilton.com/en/hotels/portugal/hilton-vilamoura-as-cascatas-golf-resort-and-spa-FAOHIHI/spa/index.html,,,https://www.google.com/maps/place/7+SEVEN+SPA+VILAMOURA/data=!4m7!3m6!1s0xd1ab5c3662c6329:0x69719d6026fd4cb2!8m2!3d37.0927752!4d-8.1121865!16s%2Fg%2F1hc8dfz08!19sChIJKWMsZsO1Gg0Rskz9JmCdcWk?authuser=0&hl=fr&rclk=1
D'Spa Organic & Vegan at Vale d' Oliveiras," R. do Pestana Golf Resort, 8401-904 Carvoeiro, Portugal",Lagoa+Portugal,Portugal,Thalassothérapie,Spa,"4,5", +351 914 811 495,https://www.valeoliveirasresort.com/pt/d-spa,booking@valeoliveirasresort.com,,https://www.google.com/maps/place/D%27Spa+Organic+%26+Vegan+at+Vale+d%27+Oliveiras/data=!4m7!3m6!1s0xd1b295ab80d83fb:0x4f5e19dd57b49554!8m2!3d37.1193817!4d-8.4912481!16s%2Fg%2F11k3_s5b3f!19sChIJ-4MNuFopGw0RVJW0V90ZXk8?authuser=0&hl=fr&rclk=1
Hotel Vila Galé Collection Praia," Praia da Galé 33 Apt. 2436, 8201-917 Albufeira, Portugal",Lagoa+Portugal,Portugal,Thalassothérapie,,"4,6", +351 289 590 180,https://www.vilagale.com/pt-pt/hoteis-portugal/hoteis-algarve/vila-gale-collection-praia/,praia@vilagale.com,https://www.linkedin.com/company/vila-gale-s-a-,https://www.google.com/maps/place/Hotel+Vila+Gal%C3%A9+Collection+Praia/data=!4m10!3m9!1s0xb487f753fffffff:0xbc0be8ef2dd1d527!5m2!4m1!1i2!8m2!3d37.0811123!4d-8.3142156!16s%2Fg%2F11_qhrcxs!19sChIJ____P3V_SAsRJ9XRLe_oC7w?authuser=0&hl=fr&rclk=1
Algarve Wellness by Filipe™,,Lagoa+Portugal,,Thalassothérapie,Massothérapeute,"5,0", +351 969 226 483,https://algarvewellnessbyfilipe.pt/,,,https://www.google.com/maps/place/Algarve+Wellness+by+Filipe%E2%84%A2/data=!4m7!3m6!1s0x23e5ccf75dd13db7:0xd4fcad448bf0f3f2!8m2!3d37.1336707!4d-8.2663584!16s%2Fg%2F11tjmphx6_!19sChIJtz3RXffM5SMR8vPwi0St_NQ?authuser=0&hl=fr&rclk=1
Kayak & SUP Benagil," Estr. de Albandeira, Benagil, 8400-427 Lagoa, Portugal",Lagoa+Portugal,Portugal,Thalassothérapie,Attraction touristique,"4,9", +351 936 190 126,http://www.kayaksupbenagil.com/,booking@kayaksupbenagil.com,,https://www.google.com/maps/place/Kayak+%26+SUP+Benagil/data=!4m7!3m6!1s0xd1acd0a9af2976d:0x6bb31648e8a206d!8m2!3d37.0950733!4d-8.4083741!16s%2Fg%2F11j3r_kdb6!19sChIJbZfymgrNGg0RbSCKjmQxuwY?authuser=0&hl=fr&rclk=1
Água Hotels Riverside," Quinta das Marinhas, Rua Alberto Boto dos Santos n 7, 8400-655 Parchal, Portugal",Lagoa+Portugal,Portugal,Thalassothérapie,,"4,3", +351 282 490 300,http://www.aguahotels.pt/index.php/pt/hoteis-builder/riverside,bookings@aguahotels.pt,,https://www.google.com/maps/place/%C3%81gua+Hotels+Riverside/data=!4m10!3m9!1s0xd1b286805fca2cb:0x8953ea019fda0993!5m2!4m1!1i2!8m2!3d37.1417371!4d-8.5168897!16s%2Fg%2F1xpwl138!19sChIJy6L8BWgoGw0RkwnanwHqU4k?authuser=0&hl=fr&rclk=1
EPIC SANA Algarve Hotel," Pinhal do Concelho, Praia da Falésia, 8200-593 Albufeira, Portugal",Lagoa+Portugal,Portugal,Thalassothérapie,,"4,7", +351 289 104 500,https://www.sanahotels.com/hotel/epic-sana-algarve/,info.algarve@epic.sanahotels.com,https://www.linkedin.com/company/sana-hotels,https://www.google.com/maps/place/EPIC+SANA+Algarve+Hotel/data=!4m10!3m9!1s0xd1aca3119cdb8bd:0xe64bc28657bb509d!5m2!4m1!1i2!8m2!3d37.0897305!4d-8.1668423!16s%2Fg%2F12hk69wtf!19sChIJvbjNGTHKGg0RnVC7V4bCS-Y?authuser=0&hl=fr&rclk=1
Alma Spa Algarve (Massage & Beauty)," R. de Dunfermline, 8200-161 Albufeira, Portugal",Lagoa+Portugal,Portugal,Thalassothérapie,Institut de massages,"5,0", +351 933 584 082,,,,https://www.google.com/maps/place/Alma+Spa+Algarve+%28Massage+%26+Beauty%29/data=!4m7!3m6!1s0xd1acd7f8afb43c5:0xcf54b32e7e87d5dc!8m2!3d37.088971!4d-8.2353132!16s%2Fg%2F11vhsdy76f!19sChIJxUP7in_NGg0R3NWHfi6zVM8?authuser=0&hl=fr&rclk=1
Quinta Aida," 8400, Portugal",Lagoa+Portugal,Portugal,Thalassothérapie,,"4,8", +351 917 580 985,http://www.quintaaida.com/,idabobharris@yahoo.co.uk,,https://www.google.com/maps/place/Quinta+Aida/data=!4m10!3m9!1s0xd1ad71f89b6c249:0xd1b1f992a9736038!5m2!4m1!1i2!8m2!3d37.1226518!4d-8.4462516!16s%2Fg%2F11jg06l52_!19sChIJScK2iR_XGg0ROGBzqZL5sdE?authuser=0&hl=fr&rclk=1
SAYANNA Wellness & Spa - EPIC SANA Algarve," Pinhal do Concelho, Praia da Falésia, Olhos de Água, 8200-593 Albufeira, Portugal",Lagoa+Portugal,Portugal,Thalassothérapie,Spa,"4,6", +351 289 104 530,https://www.sanahotels.com/hotel/epic-sana-algarve/sayanna-wellness-spa/,reservations@sanahotels.com,https://www.linkedin.com/company/sana-hotels,https://www.google.com/maps/place/SAYANNA+Wellness+%26+Spa+-+EPIC+SANA+Algarve/data=!4m7!3m6!1s0xd1aca3a8370a7db:0x6e656f9e86bf24ef!8m2!3d37.0886089!4d-8.1663641!16s%2Fg%2F11b7f3pw9m!19sChIJ26dwgzrKGg0R7yS_hp5vZW4?authuser=0&hl=fr&rclk=1
Mónaco Suites & Garden," Rua António Borges Coutinho, 9500-237 Ponta Delgada, Portugal",Ponta delgada+Portugal,Portugal,Hôtel avec spa,,"5,0", +351 966 149 479,http://turismo.imopdl.pt/,,,https://www.google.com/maps/place/M%C3%B3naco+Suites+%26+Garden/data=!4m10!3m9!1s0xb432ac1f4010c4b:0xd1d20b16d5b593a4!5m2!4m1!1i2!8m2!3d37.741417!4d-25.685382!16s%2Fg%2F11mdj043hd!19sChIJSwwB9MEqQwsRpJO11RYL0tE?authuser=0&hl=fr&rclk=1
The Lince Azores," Av. Dom João III 29, 9500-310 Ponta Delgada, Portugal",Ponta delgada+Portugal,Portugal,Hôtel avec spa,,"4,3", +351 296 630 000,http://www.azores.thelincehotels.com/,info.tla@thelincehotels.com,https://www.linkedin.com/company/thelincehotelsresorts,https://www.google.com/maps/place/The+Lince+Azores/data=!4m10!3m9!1s0xb5cd5342a2d110d:0x5c1463a18463c150!5m2!4m1!1i2!8m2!3d37.74609!4d-25.657088!16s%2Fg%2F11r953m52!19sChIJDREtKjTVXAsRUMFjhKFjFFw?authuser=0&hl=fr&rclk=1
Casa Hintze Ribeiro," R. Hintze Ribeiro 62, 9500-049 Ponta Delgada, Portugal",Ponta delgada+Portugal,Portugal,Hôtel avec spa,,"4,5", +351 296 304 340,http://www.casahintzeribeiro.com/,geral@casahintzeribeiro.com,,https://www.google.com/maps/place/Casa+Hintze+Ribeiro/data=!4m10!3m9!1s0xb432aca02abd6af:0xe1f6d90cb42ab493!5m2!4m1!1i2!8m2!3d37.7411959!4d-25.6686679!16s%2Fg%2F11byv0shsn!19sChIJr9arAsoqQwsRk7QqtAzZ9uE?authuser=0&hl=fr&rclk=1
"SPA VITAL, Estética & Bem-Estar"," R. do Negrāo 31, 9500-334 Ponta Delgada, Portugal",Ponta delgada+Portugal,Portugal,Centre thermal,Spa,"4,6", +351 296 098 889,http://www.spavital.org/,spa--vital@hotmail.com,,"https://www.google.com/maps/place/SPA+VITAL,+Est%C3%A9tica+%26+Bem-Estar/data=!4m7!3m6!1s0xb5cd5feab8e1b5b:0xdb242d27817ddce0!8m2!3d37.7430016!4d-25.659697!16s%2Fg%2F11fj9vwsm_!19sChIJWxuOq_7VXAsR4Nx9gSctJNs?authuser=0&hl=fr&rclk=1"
Piscinas do Pesqueiro," 771, EN1-1A, Ponta Delgada, Portugal",Ponta delgada+Portugal,Portugal,Parc aquatique,Piscine extérieure,"4,5",,https://azoresgps.com/,,,https://www.google.com/maps/place/Piscinas+do+Pesqueiro/data=!4m7!3m6!1s0xb5cd54b1e4d3511:0x8d9c9cff90df8822!8m2!3d37.7398772!4d-25.6612358!16s%2Fg%2F11g8w69vn4!19sChIJETVNHkvVXAsRIojfkP-cnI0?authuser=0&hl=fr&rclk=1
Complexo Municipal de Piscinas," R. da Cidade de New Bedford 27 9560, Lagoa, Portugal",Ponta delgada+Portugal,Portugal,Parc aquatique,Piscine extérieure,"4,7", +351 296 912 111,http://lagoa-acores.pt/,,,https://www.google.com/maps/place/Complexo+Municipal+de+Piscinas/data=!4m7!3m6!1s0xb5d2a074ed77273:0x9ddb29235e14fc02!8m2!3d37.7416752!4d-25.5744594!16s%2Fg%2F11ddyt82z5!19sChIJc3LXTgcqXQsRAvwUXiMp250?authuser=0&hl=fr&rclk=1
Azores TreeTop Park," QM77+MV, 9675-090 Furnas, Portugal",Ponta delgada+Portugal,Portugal,Parc aquatique,Centre de sports d'aventure,"5,0", +351 911 712 462,http://www.azorestreetop.com/,info@azorestreetop.com,,https://www.google.com/maps/place/Azores+TreeTop+Park/data=!4m7!3m6!1s0xb5d2166345ddb75:0xca4ccccbf5c475ea!8m2!3d37.7643905!4d-25.3351897!16s%2Fg%2F11kqxmxk35!19sChIJddtdNGYhXQsR6nXE9cvMTMo?authuser=0&hl=fr&rclk=1
Pedras SPA," Rua da Terça n.º3, 9545-228 Fenais da Luz, Portugal",Ponta delgada+Portugal,Portugal,Thalassothérapie,Spa,"4,5", +351 296 249 301,https://acorsonho.com/,reservas@verdemarhotel.com,,https://www.google.com/maps/place/Pedras+SPA/data=!4m7!3m6!1s0xb5cd3f195cbf215:0xbf3c6b8cb84a08ed!8m2!3d37.8262851!4d-25.6184003!16s%2Fg%2F11qn2vxl3t!19sChIJFfLLlfHTXAsR7QhKuIxrPL8?authuser=0&hl=fr&rclk=1
Sensi Azores Nature & SPA," R. do Monte nº 1, 9555-080 Ginetes, Portugal",Ponta delgada+Portugal,Portugal,Thalassothérapie,,"4,7", +351 296 248 260,http://www.sensiazores.com/?utm_source=GMBlisting&utm_medium=Organic,sensi@sensiazores.com,https://www.linkedin.com/company/finsweet,https://www.google.com/maps/place/Sensi+Azores+Nature+%26+SPA/data=!4m10!3m9!1s0xb432f0b57de519f:0x24f7fb58c51a9151!5m2!4m1!1i2!8m2!3d37.8344518!4d-25.8367072!16s%2Fg%2F11h3jsjcgn!19sChIJn1HeVwsvQwsRUZEaxVj79yQ?authuser=0&hl=fr&rclk=1
Octant Hotels Ponta Delgada," Av. Dr. João Bosco Mota Amaral, 4, 9500-771 Ponta Delgada, Portugal",Ponta delgada+Portugal,Portugal,Thalassothérapie,,"4,7", +351 296 249 900,http://www.pontadelgada.octanthotels.com/,info-pontadelgada@octanthotels.com,,https://www.google.com/maps/place/Octant+Hotels+Ponta+Delgada/data=!4m10!3m9!1s0xb5cd54a3d235d25:0xb4f758ec84d9b34!5m2!4m1!1i2!8m2!3d37.7417836!4d-25.6578336!16s%2Fg%2F11vww_bftf!19sChIJJV0jPUrVXAsRNJtNyI51Tws?authuser=0&hl=fr&rclk=1
Parque Terra Nostra," Largo Marquês da Praia e Monfort, 9675-061 Furnas, Portugal",Ponta delgada+Portugal,Portugal,Thalassothérapie,,"4,7", +351 296 549 090,https://www.parqueterranostra.com/?utm_source=google-my-business&utm_medium=organic&utm_campaign=parquetn_gmb,,,https://www.google.com/maps/place/Parque+Terra+Nostra/data=!4m10!3m9!1s0xb5d20458691350d:0x5681dc2e8a2f621f!5m2!4m1!1i2!8m2!3d37.7724025!4d-25.3156276!16s%2Fg%2F1211qy68!19sChIJDTWRhkUgXQsRH2Ivii7cgVY?authuser=0&hl=fr&rclk=1
Pestana Bahia Praia," Praia de Água d'Alto, Estr. Regional 1-1, 9680-365 Vila Franca Do Campo, Portugal",Ponta delgada+Portugal,Portugal,Thalassothérapie,,"4,5", +351 296 539 130,https://www.pestana.com/en/hotel/pestana-bahia-praia?utm_campaign=pestana-bahia-praia-partoo&utm_medium=organicsearch,fo.bahiapraia@pestana.com,,https://www.google.com/maps/place/Pestana+Bahia+Praia/data=!4m10!3m9!1s0xb5d26265785fed7:0x4c680c3f88d91b88!5m2!4m1!1i2!8m2!3d37.7149509!4d-25.4695208!16s%2Fg%2F1tr7f0r5!19sChIJ1_6FVyYmXQsRiBvZiD8MaEw?authuser=0&hl=fr&rclk=1
NEAT Hotel Avenida," R. Dr. José Bruno Tavares Carreiro, 9500-119 Ponta Delgada, Portugal",Ponta delgada+Portugal,Portugal,Thalassothérapie,,"4,1", +351 296 209 660,https://www.bensaudehotels.com/neathotelavenida/?utm_source=google-my-business&utm_medium=organic&utm_campaign=neat_gmb,neat@bensaudehotels.pt,https://www.linkedin.com/company/bensaudehotels,https://www.google.com/maps/place/NEAT+Hotel+Avenida/data=!4m10!3m9!1s0xb432ab24e13d4b1:0x32ffb7e58080f02d!5m2!4m1!1i2!8m2!3d37.7405549!4d-25.6655604!16s%2Fg%2F1tkb6bng!19sChIJsdQTTrIqQwsRLfCAgOW3_zI?authuser=0&hl=fr&rclk=1
Azores Wellness Spa," Vila Gale Collection S. Miguel, Campo de São Francisco, 9500-199 Ponta Delgada, Portugal",Ponta delgada+Portugal,Portugal,Thalassothérapie,Spa,"4,8", +351 914 297 528,,,,https://www.google.com/maps/place/Azores+Wellness+Spa/data=!4m7!3m6!1s0xb5cd5f946b3e09b:0x92f359b9ba864f34!8m2!3d37.7370714!4d-25.67358!16s%2Fg%2F11q2w0g5kp!19sChIJm-CzRvnVXAsRNE-GurlZ85I?authuser=0&hl=fr&rclk=1
Caloura Hotel Resort," Rua do Jubileu 27, 9560-206 Água de Pau, Portugal",Ponta delgada+Portugal,Portugal,Thalassothérapie,,"4,6", +351 296 960 900,https://www.bensaudehotels.com/calourahotelresort/?utm_source=google-my-business&utm_medium=organic&utm_campaign=hcl_gmb,chr@bensaudehotels.pt,https://www.linkedin.com/company/bensaudehotels,https://www.google.com/maps/place/Caloura+Hotel+Resort/data=!4m10!3m9!1s0xb5d285714f5649d:0xaaa81b2373fc84a9!5m2!4m1!1i2!8m2!3d37.7143731!4d-25.5151922!16s%2Fg%2F1tx8vg24!19sChIJnWT1FFcoXQsRqYT8cyMbqKo?authuser=0&hl=fr&rclk=1
Lotus Spa," Azoris Royal Garden, R. de Lisboa, 9500-216 Ponta Delgada, Portugal",Ponta delgada+Portugal,Portugal,Thalassothérapie,Spa,"5,0", +351 296 307 300,https://www.azorishotels.com/royalgarden/lotus-spa,lotus.spa@azorishotels.com,https://es.linkedin.com/company/azorishotels,https://www.google.com/maps/place/Lotus+Spa/data=!4m7!3m6!1s0xb432b12c71cb429:0x2313b80772428417!8m2!3d37.7389819!4d-25.6768586!16s%2Fg%2F11jznvj416!19sChIJKbQcxxIrQwsRF4RCcge4EyM?authuser=0&hl=fr&rclk=1
Grand Hotel Açores Atlântico," Av. Infante Dom Henrique 113, 9500-150 Ponta Delgada, Portugal",Ponta delgada+Portugal,Portugal,Thalassothérapie,,"4,6", +351 296 302 200,https://www.bensaudehotels.com/grandhotelacoresatlantico/?utm_source=google-my-business&utm_medium=organic&utm_campaign=ghaa_gmb,ghaa@bensaudehotels.pt,https://www.linkedin.com/company/bensaudehotels,https://www.google.com/maps/place/Grand+Hotel+A%C3%A7ores+Atl%C3%A2ntico/data=!4m10!3m9!1s0xb432ab52e29585d:0x85568587bb7fa9c8!5m2!4m1!1i2!8m2!3d37.7403752!4d-25.661872!16s%2Fg%2F11fskrb95q!19sChIJXVgpLrUqQwsRyKl_u4eFVoU?authuser=0&hl=fr&rclk=1
Sweet Atlantic Hotel & Spa," Av. 25 de Abril 21, 3080-086 Figueira da Foz, Portugal",Montemor-o-Velho+Portugal,Portugal,Hôtel avec spa,,"4,4", +351 233 408 900,https://www.sweethotels.pt/,atlantic@sweethotels.pt,,https://www.google.com/maps/place/Sweet+Atlantic+Hotel+%26+Spa/data=!4m10!3m9!1s0xd223796528f0e71:0x9222513e89f7a711!5m2!4m1!1i2!8m2!3d40.150596!4d-8.866461!16s%2Fg%2F1tk8dczm!19sChIJcQ6PUpY3Ig0REaf3iT5RIpI?authuser=0&hl=fr&rclk=1
Sweet Atlantic Hotel & Spa," Av. 25 de Abril 21, 3080-086 Figueira da Foz, Portugal",Montemor-o-Velho+Portugal,Portugal,Hôtel avec spa,,"4,4", +351 233 408 900,https://www.sweethotels.pt/,atlantic@sweethotels.pt,,https://www.google.com/maps/place/Sweet+Atlantic+Hotel+%26+Spa/data=!4m10!3m9!1s0xd223796fbd61bcb:0x9222513e89f7a711!5m2!4m1!1i2!8m2!3d40.1505965!4d-8.8664613!16s%2Fg%2F1tk8dczm!19sChIJyxvW-5Y3Ig0REaf3iT5RIpI?authuser=0&hl=fr&rclk=1
Exe Wellington," R. Dr. Calado 25, 3080-153 Figueira da Foz, Portugal",Montemor-o-Velho+Portugal,Portugal,Hôtel avec spa,,"4,4", +351 233 426 767,https://www.eurostarshotels.com.pt/exe-wellington.html?referer_code=lb0gg00yx&utm_source=google&utm_medium=business&utm_campaign=lb0gg00yx,reservas@exewellington.com,https://www.linkedin.com/company/eurostars-hotel-company,https://www.google.com/maps/place/Exe+Wellington/data=!4m10!3m9!1s0xd2237967ebe9895:0xd2e8e935ebb3d3d2!5m2!4m1!1i2!8m2!3d40.1503934!4d-8.863813!16s%2Fg%2F1vh_9nc4!19sChIJlZi-fpY3Ig0R0tOz6zXp6NI?authuser=0&hl=fr&rclk=1
Janga Surfcamp," R. Envolvente do Monte Alto 60, 3080-214 Figueira da Foz, Portugal",Montemor-o-Velho+Portugal,Portugal,Hôtel avec spa,,"4,8", +49 1515 4697553,http://www.janga-surfcamp.com/,yoyo@janga-surfcamp.com,,https://www.google.com/maps/place/Janga+Surfcamp/data=!4m10!3m9!1s0xd223656b27b96b9:0xb3ff3fd143bcca8d!5m2!4m1!1i2!8m2!3d40.177936!4d-8.8750747!16s%2Fg%2F11bwn59tht!19sChIJuZZ7slY2Ig0Rjcq8Q9E__7M?authuser=0&hl=fr&rclk=1
Hotel Atlântida Sol," Av. Dom João II, 3080-378 Buarcos, Figueira da Foz, Portugal",Montemor-o-Velho+Portugal,Portugal,Hôtel avec spa,,"4,0", +351 233 421 997,http://www.atlantida-sol.com/,reservas@atlantida-sol.com,,https://www.google.com/maps/place/Hotel+Atl%C3%A2ntida+Sol/data=!4m10!3m9!1s0xd2237e90c683201:0x246c4d5194645ab!5m2!4m1!1i2!8m2!3d40.1750547!4d-8.8950209!16s%2Fg%2F1tj3mbx4!19sChIJATJoDOk3Ig0Rq0VGGdXERgI?authuser=0&hl=fr&rclk=1
Eurostars Oasis Plaza," Av. Brasil, 3080-323 Figueira da Foz, Portugal",Montemor-o-Velho+Portugal,Portugal,Hôtel avec spa,,"4,4", +351 233 200 010,http://www.eurostarshotels.com.pt/eurostars-oasis-plaza.html?referer_code=lb0gg00yx&utm_source=google&utm_medium=business&utm_campaign=lb0gg00yx,recepcion@eurostarsoasisplaza.com,https://www.linkedin.com/company/eurostars-hotel-company,https://www.google.com/maps/place/Eurostars+Oasis+Plaza/data=!4m10!3m9!1s0xd2237bcf6af69a9:0xb45a8a3e636da2ef!5m2!4m1!1i2!8m2!3d40.1559923!4d-8.8673555!16s%2Fg%2F11bbwmx51b!19sChIJqWmv9rw3Ig0R76JtYz6KWrQ?authuser=0&hl=fr&rclk=1
Quinta d'Anta - Hotel Rural," Quinta d'Anta, R. Poe. João Lemos 32, 3090-466, Portugal",Montemor-o-Velho+Portugal,Portugal,Hôtel avec spa,,"4,7", +351 964 994 515,https://quintadanta.pt/,hotel@quintadanta.pt,,https://www.google.com/maps/place/Quinta+d%27Anta+-+Hotel+Rural/data=!4m10!3m9!1s0xd2248ce3a00f2f3:0x18e40fbf59cab5db!5m2!4m1!1i2!8m2!3d40.1705168!4d-8.7562362!16s%2Fg%2F11cm4hgmkx!19sChIJ8_IAOs5IIg0R27XKWb8P5Bg?authuser=0&hl=fr&rclk=1
Vila Gale Collection Figueira da Foz," Vila Galé Collection Figueira da Foz ★ ★ ★ ★, Av. 25 de Abril 22, 3080-086 Figueira da Foz, Portugal",Montemor-o-Velho+Portugal,Portugal,Hôtel avec spa,,"4,6", +351 233 200 060,https://www.vilagale.com/pt-pt/hoteis-portugal/hoteis-centro/vila-gale-collection-figueira-da-foz/,figueira.recepcao@vilagale.com,https://www.linkedin.com/company/vila-gale-s-a-,https://www.google.com/maps/place/Vila+Gale+Collection+Figueira+da+Foz/data=!4m10!3m9!1s0xd2237964c84a6cb:0xa15624c606e55f0e!5m2!4m1!1i2!8m2!3d40.1509147!4d-8.8663799!16s%2Fg%2F11vq2qjb88!19sChIJy6aETJY3Ig0RDl_lBsYkVqE?authuser=0&hl=fr&rclk=1
Costa de Prata II," R. Miguel Bombarda 57, 3080-159 Figueira da Foz, Portugal",Montemor-o-Velho+Portugal,Portugal,Hôtel avec spa,,"3,7", +351 233 422 082,https://costadeprata.com/,hotel@costadeprata.com,,https://www.google.com/maps/place/Costa+de+Prata+II/data=!4m10!3m9!1s0xd22371a75bd227f:0xd7f60b7aaea49c20!5m2!4m1!1i2!8m2!3d40.151608!4d-8.8655867!16s%2Fg%2F11kk03wh4w!19sChIJfyK9dRo3Ig0RIJykrnoL9tc?authuser=0&hl=fr&rclk=1
QH Praia de Quiaios," Aldeamento Turístico Torricentro - Praia De Quiaios Palheiros de, 3080-515 Quiaios, Portugal",Montemor-o-Velho+Portugal,Portugal,Hôtel avec spa,,"4,2", +351 233 917 530,https://qhhotels.pt/,reservas@qhhotels.pt,,https://www.google.com/maps/place/QH+Praia+de+Quiaios/data=!4m10!3m9!1s0xd223425e1aed10d:0xc412f15afb0d5c2!5m2!4m1!1i2!8m2!3d40.2199627!4d-8.8896419!16s%2Fg%2F12xq1qxd3!19sChIJDdGu4SU0Ig0RwtWwrxUvQQw?authuser=0&hl=fr&rclk=1
Castle of Montemor-o-Velho," R. Infante Dom Pedro, 3140-262 Montemor-o-Velho, Portugal",Montemor-o-Velho+Portugal,Portugal,Centre thermal,Château,"4,6", +351 239 680 380,http://www.cm-montemorvelho.pt/,geral@cm-montemorvelho.pt,,https://www.google.com/maps/place/Castle+of+Montemor-o-Velho/data=!4m7!3m6!1s0xd224fb84402b3a7:0x2d9fd4131eaefc2e!8m2!3d40.1759278!4d-8.6829404!16s%2Fm%2F043qplb!19sChIJp7MCRLhPIg0RLvyuHhPUny0?authuser=0&hl=fr&rclk=1
Europaradise | Parque Zoológico," 3140-104 Montemor-o-Velho, Portugal",Montemor-o-Velho+Portugal,Portugal,Centre thermal,Zoo,"3,7", +351 239 621 287,http://www.europaradise-park.com/,europaradise@gmail.com,,https://www.google.com/maps/place/Europaradise+%7C+Parque+Zool%C3%B3gico/data=!4m7!3m6!1s0xd220bf0ce4671f3:0x236b1a1866859e5a!8m2!3d40.196697!4d-8.674065!16s%2Fg%2F11bbrnphd1!19sChIJ83FGzvALIg0RWp6FZhgaayM?authuser=0&hl=fr&rclk=1
Piscinas Recreativas Municipais de Montemor-o-Novo," R. de Nossa Sra da Visitacao 1, 7050-265 Montemor-o-Novo, Portugal",Montemor-o-Velho+Portugal,Portugal,Parc aquatique,Piscine,"4,3", +351 266 898 183,https://www.cm-montemornovo.pt/locais/piscinas-recreativas-municipais/,geral@cm-montemornovo.pt,,https://www.google.com/maps/place/Piscinas+Recreativas+Municipais+de+Montemor-o-Novo/data=!4m7!3m6!1s0xd199431dc5e7db7:0xf6dbb53665c46733!8m2!3d38.6509611!4d-8.209869!16s%2Fg%2F11bw3c6q97!19sChIJt31e3DGUGQ0RM2fEZTa12_Y?authuser=0&hl=fr&rclk=1
Municipal pools Montemor-o-Velho," R. das Lages 4, 3140-263 Montemor-o-Velho, Portugal",Montemor-o-Velho+Portugal,Portugal,Parc aquatique,Piscine municipale,"4,3",,https://www.cm-montemorvelho.pt/index.php/residentes/desporto/piscina-municipal,geral@cm-montemorvelho.pt,,https://www.google.com/maps/place/Municipal+pools+Montemor-o-Velho/data=!4m7!3m6!1s0xd224fce58d03691:0x8ca6ff1caea5bb71!8m2!3d40.1808398!4d-8.6737456!16s%2Fg%2F11bxc7whmt!19sChIJkTbQWM5PIg0Rcbulrhz_pow?authuser=0&hl=fr&rclk=1
Parque Ribeirinho de Montemor-o-Velho," R. de São Sebastião, 3140-257 Montemor-o-Velho, Portugal",Montemor-o-Velho+Portugal,Portugal,Parc aquatique,Parc,"4,8",,https://www.cm-montemorvelho.pt/index.php/turistas/descobrir-montemor/espacos-verdes?id=606,geral@cm-montemorvelho.pt,,https://www.google.com/maps/place/Parque+Ribeirinho+de+Montemor-o-Velho/data=!4m7!3m6!1s0xd224f9bfbd70af7:0x67e32c60241830a7!8m2!3d40.170827!4d-8.6763782!16s%2Fg%2F11kryw4h78!19sChIJ9wrX-5tPIg0RpzAYJGAs42c?authuser=0&hl=fr&rclk=1
Hotel Rural Quinta da Geia," Largo do Terreiro do Fundo do Lugar, 3400-214 Aldeia das Dez, Portugal",Oliveira do Hospital+Portugal,Portugal,Hôtel avec spa,,"4,5", +351 238 670 010,https://www.quintadageia.com/,info@quintadageia.com,,https://www.google.com/maps/place/Hotel+Rural+Quinta+da+Geia/data=!4m10!3m9!1s0xd22d41cac8e5087:0xcaf64eef6bf64854!5m2!4m1!1i2!8m2!3d40.296229!4d-7.867114!16s%2Fg%2F1tffl161!19sChIJh1COrBzUIg0RVEj2a-9O9so?authuser=0&hl=fr&rclk=1
Municipal Complex Pools and Tennis Courts," 40°21'20.5""N 7°51'20., EN1, Portugal",Oliveira do Hospital+Portugal,Portugal,Parc aquatique,Piscine municipale,"4,2", +351 238 605 250,https://www.cm-oliveiradohospital.pt/servicos/desporto/equipamentos-desportivos/complexo-municipal-de-piscinas-e-campos-de-tenis/,desporto@cm-oliveiradohospital.pt,,https://www.google.com/maps/place/Municipal+Complex+Pools+and+Tennis+Courts/data=!4m7!3m6!1s0xd22d5edd71fc5ad:0x526c874717741089!8m2!3d40.3556731!4d-7.8556643!16s%2Fg%2F11cn6gypjv!19sChIJrcUf1-3VIg0RiRB0F0eHbFI?authuser=0&hl=fr&rclk=1
Ruinas Romanas de Bobadela," Largo Igreja, Portugal",Oliveira do Hospital+Portugal,Portugal,Thalassothérapie,Site historique,"4,5", +351 238 609 289,https://ruinasromanasdabob.wixsite.com/geral,,,https://www.google.com/maps/place/Ruinas+Romanas+de+Bobadela/data=!4m7!3m6!1s0xd22d61f4a5844e7:0xb1c7240047abd0ca!8m2!3d40.3602748!4d-7.892626!16s%2Fg%2F11d_w69t74!19sChIJ50RYSh_WIg0RytCrRwAkx7E?authuser=0&hl=fr&rclk=1
Municipality of Oliveira do Hospital," Largo Conselheiro Cabral Metello, 3400-062 Oliveira do Hospital, Portugal",Oliveira do Hospital+Portugal,Portugal,Thalassothérapie,Hôtel de ville,"4,2", +351 238 605 250,http://www.cm-oliveiradohospital.pt/,geral@cm-oliveiradohospital.pt,,https://www.google.com/maps/place/Municipality+of+Oliveira+do+Hospital/data=!4m7!3m6!1s0xd22d5faf32f4079:0x1f889b16a762f867!8m2!3d40.3591908!4d-7.861851!16s%2Fg%2F11cn5r8bgg!19sChIJeUAv8_rVIg0RZ_hipxabiB8?authuser=0&hl=fr&rclk=1
Caldas de Carlão," Caldas de Carlão, Vila Real, EM582, 5090, Portugal",Murça+Portugal,Portugal,Centre thermal,Spa,"3,7", +351 259 548 013,http://www.caldasdecarlao.com/,,,https://www.google.com/maps/place/Caldas+de+Carl%C3%A3o/data=!4m7!3m6!1s0xd3b6b749e680db3:0xcacd3315fbe44bbd!8m2!3d41.3301864!4d-7.3716438!16s%2Fg%2F1226snsb!19sChIJsw1onnRrOw0RvUvk-xUzzco?authuser=0&hl=fr&rclk=1
Murça,,Murça+Portugal,,Thalassothérapie,,,,,,,https://www.google.com/maps/place/Mur%C3%A7a/data=!4m7!3m6!1s0xd3b3e3bb50e41af:0xc13440e5280fbe9d!8m2!3d41.410051!4d-7.4489531!16s%2Fg%2F11bc5ydq2d!19sChIJr0EOtTs-Ow0Rnb4PKOVANME?authuser=0&hl=fr&rclk=1
Termas de Terronha," Vimioso, Portugal",Vimioso+Portugal,Portugal,Parc aquatique,,"4,6", +351 273 511 381,,,,https://www.google.com/maps/place/Termas+de+Terronha/data=!4m7!3m6!1s0xd3bdb0c6863d4f9:0xbd3f8807dacb3801!8m2!3d41.5712405!4d-6.5006588!16s%2Fg%2F11f5h34n6n!19sChIJ-dRjaAzbOw0RATjL2geIP70?authuser=0&hl=fr&rclk=1
Piscinas Municipais De Vimioso," N 218 2, 5230 Vimioso, Portugal",Vimioso+Portugal,Portugal,Thalassothérapie,Piscine extérieure,"3,9",,,,,https://www.google.com/maps/place/Piscinas+Municipais+De+Vimioso/data=!4m7!3m6!1s0xd3bd0e66f5a8911:0xc3aa66cbf3ba3e49!8m2!3d41.6088351!4d-6.5190708!16s%2Fg%2F11fy2lqbqm!19sChIJEYlab-bQOw0RST6688tmqsM?authuser=0&hl=fr&rclk=1
Constance House - by FERO," Rua da Boavista, nº 403, 4635-065 Constance, Portugal",Marco de Canaveses+Portugal,Portugal,Hôtel avec spa,,"4,8", +351 933 629 670,http://www.constancehouse.pt/,reservas@constancehouse.pt,,https://www.google.com/maps/place/Constance+House+-+by+FERO/data=!4m10!3m9!1s0xd24966914c09539:0x9a89a786af75c833!5m2!4m1!1i2!8m2!3d41.215443!4d-8.162606!16s%2Fg%2F11kq89xy_h!19sChIJOZXAFGmWJA0RM8h1r4aniZo?authuser=0&hl=fr&rclk=1
Penafiel Park Hotel & Spa," R. Província de Pontevedra s/n, 4560-232 Penafiel, Portugal",Marco de Canaveses+Portugal,Portugal,Hôtel avec spa,,"4,3", +351 255 710 100,https://www.penafielparkhotelspa.com/,reservas@penafielparkhotelspa.com,,https://www.google.com/maps/place/Penafiel+Park+Hotel+%26+Spa/data=!4m10!3m9!1s0xd2491981b6603ad:0x80fa747157a7839f!5m2!4m1!1i2!8m2!3d41.204557!4d-8.275618!16s%2Fg%2F1vxcxpsx!19sChIJrQNmG5iRJA0Rn4OnV3F0-oA?authuser=0&hl=fr&rclk=1
Parque Fluvial do Tâmega," Direita do rio Tâmega, Margem, Portugal",Marco de Canaveses+Portugal,Portugal,Parc aquatique,Village de vacances,"4,5", +351 255 538 800,,,,https://www.google.com/maps/place/Parque+Fluvial+do+T%C3%A2mega/data=!4m7!3m6!1s0xd24964c61fae7bb:0x9b8ff2e529797eb7!8m2!3d41.1953069!4d-8.1619647!16s%2Fg%2F11bwn_cgg5!19sChIJu-f6YUyWJA0Rt355KeXyj5s?authuser=0&hl=fr&rclk=1
Municipal pools of Marco de Canaveses," R. Cmte. José Pinto Moreira 79, 4630-276 Marco de Canaveses, Portugal",Marco de Canaveses+Portugal,Portugal,Parc aquatique,Piscine municipale,"4,3", +351 255 538 840,,,,https://www.google.com/maps/place/Municipal+pools+of+Marco+de+Canaveses/data=!4m7!3m6!1s0xd249632983ca1a5:0x97f3578bebe4fb8c!8m2!3d41.194492!4d-8.145453!16s%2Fg%2F11c2pbmrxn!19sChIJpaE8mDKWJA0RjPvk64tX85c?authuser=0&hl=fr&rclk=1
Centro de massagens e recuperacao Cristiano Correia," Av. Avelino Ferreira Torres 1, 4630-201 Marco de Canaveses, Portugal",Marco de Canaveses+Portugal,Portugal,Thalassothérapie,Praticien de médecine alternative,"5,0", +351 912 584 710,,,,https://www.google.com/maps/place/Centro+de+massagens+e+recuperacao+Cristiano+Correia/data=!4m7!3m6!1s0xd2497b46315f043:0xadd60692bc486c87!8m2!3d41.1756595!4d-8.1620199!16s%2Fg%2F11p59lpqp5!19sChIJQ_AVY7SXJA0Rh2xIvJIG1q0?authuser=0&hl=fr&rclk=1
Dajas Douro Valley - Exclusive Villas," CM1276 3345, 4625-486 Penha Longa, Portugal",Marco de Canaveses+Portugal,Portugal,Thalassothérapie,,"4,8", +351 969 687 531,http://www.dajasdourovalley.com/,reservas@dajasdourovalley.com,,https://www.google.com/maps/place/Dajas+Douro+Valley+-+Exclusive+Villas/data=!4m10!3m9!1s0xd2498de1055d58d:0x44f92f2be1d4df1d!5m2!4m1!1i2!8m2!3d41.0909229!4d-8.1745075!16s%2Fg%2F11b73nzts4!19sChIJjdVVEN6YJA0RHd_U4Ssv-UQ?authuser=0&hl=fr&rclk=1
Quinta de Santo António - Country House & Villas," Rua de Santo António N. 81, 4575-328 Marco de Canaveses, Portugal",Marco de Canaveses+Portugal,Portugal,Thalassothérapie,,"4,7", +351 255 191 703,http://www.quintastantonio.pt/,info@quintastantonio.pt,,https://www.google.com/maps/place/Quinta+de+Santo+Ant%C3%B3nio+-+Country+House+%26+Villas/data=!4m10!3m9!1s0xd249b91245ae6c9:0xe454c2289c1456bb!5m2!4m1!1i2!8m2!3d41.0839248!4d-8.2873469!16s%2Fg%2F11qrkym4yx!19sChIJyeZaJJGbJA0Ru1YUnCjCVOQ?authuser=0&hl=fr&rclk=1
Centro De Diagnostico Do Marco," Av. Prof. Dr. Carlos Mota Pinto nº 12, 4630-208 Marco de Canaveses, Portugal",Marco de Canaveses+Portugal,Portugal,Thalassothérapie,Clinique,"4,0", +351 255 523 213,https://vss.pt/unidades/vale-sousa-saude-marco-canaveses/,geral@labvalesousa.pt,https://www.linkedin.com/company/vale-do-sousa-sa%C3%BAde,https://www.google.com/maps/place/Centro+De+Diagnostico+Do+Marco/data=!4m7!3m6!1s0xd2497cfa20f2fcb:0x25cfc4107cfeb294!8m2!3d41.1843115!4d-8.1471538!16s%2Fg%2F11fy50n3rh!19sChIJyy8Pos-XJA0RlLL-fBDEzyU?authuser=0&hl=fr&rclk=1
Mandalay Spa Altis Porto," R. de Jorge de Viterbo Ferreira 30, 4050-313 Porto, Portugal",Marco de Canaveses+Portugal,Portugal,Thalassothérapie,Spa,"5,0", +351 22 976 6209,https://www.mandalay-spa.com/mandalay-spa-altis-porto,altis.porto@mandalay-spa.com,,https://www.google.com/maps/place/Mandalay+Spa+Altis+Porto/data=!4m7!3m6!1s0xd24654436b5eb45:0xf8d936fcc195397a!8m2!3d41.1457685!4d-8.6241832!16s%2Fg%2F11yctdv_wn!19sChIJReu1NkRlJA0RejmVwfw22fg?authuser=0&hl=fr&rclk=1
Musée du verre," Praça Guilherme Stephens, 2430-522 Marinha Grande, Portugal",Marinha Grande+Portugal,Portugal,Centre thermal,Musée,"4,4", +351 244 573 377,https://www.cm-mgrande.pt/pages/308,geral@cm-mgrande.pt,,https://www.google.com/maps/place/Mus%C3%A9e+du+verre/data=!4m7!3m6!1s0xd220e9ad8d27e25:0xb16daa23f7f2949a!8m2!3d39.749498!4d-8.933306!16s%2Fg%2F1tm0vfhk!19sChIJJX7S2JoOIg0RmpTy9yOqbbE?authuser=0&hl=fr&rclk=1
Mar e Sol Hotel Spa," Av. da Liberdade 1, S. Pedro de Moel, 2430-501 Marinha Grande, Portugal",Marinha Grande+Portugal,Portugal,Centre thermal,,"4,3", +351 244 590 000,http://www.hotelmaresol.com/,,,https://www.google.com/maps/place/Mar+e+Sol+Hotel+Spa/data=!4m10!3m9!1s0xd220573a3d9b4ed:0x96f6ece0849f841f!5m2!4m1!1i2!8m2!3d39.7591301!4d-9.0320172!16s%2Fg%2F1tgh8v61!19sChIJ7bTZo3MFIg0RH4SfhODs9pY?authuser=0&hl=fr&rclk=1
Hotel Cristal Marinha," Rua de Leiria, 112-114 Marinha Grande, 2430-091 Portugal",Marinha Grande+Portugal,2430-091 Portugal,Centre thermal,,"4,5", +351 244 574 530,https://www.hoteiscristal.pt/cristal-marinha/,booking1@hoteiscristal.pt,,https://www.google.com/maps/place/Hotel+Cristal+Marinha/data=!4m10!3m9!1s0xd220d003a1d9faf:0xcaddc5e4d12475c2!5m2!4m1!1i2!8m2!3d39.7480028!4d-8.9141366!16s%2Fg%2F11xv52d3_n!19sChIJr58dOgANIg0RwnUk0eTF3co?authuser=0&hl=fr&rclk=1
Hotel Cristal Vieira Praia & SPA," Av. Marginal, Praia da Vieira, 2430-696 Vieira de Leiria, Portugal",Marinha Grande+Portugal,Portugal,Thalassothérapie,,"4,2", +351 244 699 060,https://www.hoteiscristal.pt/en/cristal-vieira-praia/,booking2@hoteiscristal.pt,,https://www.google.com/maps/place/Hotel+Cristal+Vieira+Praia+%26+SPA/data=!4m10!3m9!1s0xd2210dafb3a00f3:0x86f22300d9d513ac!5m2!4m1!1i2!8m2!3d39.8763224!4d-8.9703143!16s%2Fg%2F1ts3mgnv!19sChIJ8wA6-9oQIg0RrBPV2QAj8oY?authuser=0&hl=fr&rclk=1
Lótus Saúde e Bem-Estar - Terapias e Massagens," M.nha Grand, S. Pedro de Moel, 2430-148 Marinha Grande, Portugal",Marinha Grande+Portugal,Portugal,Thalassothérapie,Praticien de médecine alternative,"5,0", +351 912 690 171,,,,https://www.google.com/maps/place/L%C3%B3tus+Sa%C3%BAde+e+Bem-Estar+-+Terapias+e+Massagens/data=!4m7!3m6!1s0xd220fddeba54453:0x1eb5f1f045df1990!8m2!3d39.7529418!4d-8.9297803!16s%2Fg%2F11xlkvhtpy!19sChIJU0Sl690PIg0RkBnfRfDxtR4?authuser=0&hl=fr&rclk=1
Hotel Cristal Praia Resort & Spa," Av. Marginal, 2430-505 Marinha Grande, Portugal",Marinha Grande+Portugal,Portugal,Thalassothérapie,,"1,0", +351 244 699 061,,,,https://www.google.com/maps/place/Hotel+Cristal+Praia+Resort+%26+Spa/data=!4m10!3m9!1s0xd220573a023b54d:0x6e9922cd743dc0de!5m2!4m1!1i2!8m2!3d39.7588438!4d-9.0321433!16s%2Fg%2F11ykmpnswy!19sChIJTbUjoHMFIg0R3sA9dM0imW4?authuser=0&hl=fr&rclk=1
Hotel Aquafalls," Avenida de São Miguel 1677, 4850-053 Caniçada, Portugal",Terras de Bouro+Portugal,Portugal,Hôtel avec spa,,"4,0", +351 253 295 700,https://aquafalls.pt/,info@aquafalls.pt,,https://www.google.com/maps/place/Hotel+Aquafalls/data=!4m10!3m9!1s0xd251e6c5f335ed5:0xe806800679737f31!5m2!4m1!1i2!8m2!3d41.6476877!4d-8.206309!16s%2Fg%2F1tg2fs3n!19sChIJ1V4zX2weJQ0RMX9zeQaABug?authuser=0&hl=fr&rclk=1
Amoure Hotel," Av. da Câmara 22, 4730-304, Portugal",Terras de Bouro+Portugal,Portugal,Hôtel avec spa,,"4,8", +351 253 149 060,http://www.amourehotel.com/,reservations@amourehotel.com,,https://www.google.com/maps/place/Amoure+Hotel/data=!4m10!3m9!1s0xd25007a43d013ab:0x91ea88dfe2f7ad4a!5m2!4m1!1i2!8m2!3d41.6374963!4d-8.4769742!16s%2Fg%2F11vyb713dk!19sChIJqxPQQ3oAJQ0RSq334t-I6pE?authuser=0&hl=fr&rclk=1
Tempus Hotel & Spa," Rua de Oleiros nº 1190, 4980-521, Portugal",Terras de Bouro+Portugal,Portugal,Hôtel avec spa,,"4,3", +351 258 009 250,http://www.hoteltempus.com/,reservas@hoteltempus.com,https://www.linkedin.com/company/tempus-hotel-spa,https://www.google.com/maps/place/Tempus+Hotel+%26+Spa/data=!4m10!3m9!1s0xd2508df1be1bed9:0xf57f18470c9bded6!5m2!4m1!1i2!8m2!3d41.7955006!4d-8.4337141!16s%2Fg%2F11b6362gnx!19sChIJ2b7hG98IJQ0R1t6bDEcYf_U?authuser=0&hl=fr&rclk=1
Oak Nature," Tv. do Trovesso Nº 198, 4850-459 Ventosa, Portugal",Terras de Bouro+Portugal,Portugal,Hôtel avec spa,,"4,6", +351 253 056 762,http://www.oaknature.pt/,geral@oaknature.pt,,https://www.google.com/maps/place/Oak+Nature/data=!4m10!3m9!1s0xd251f48bd993991:0xd34bb35aeb0d4d6e!5m2!4m1!1i2!8m2!3d41.6602512!4d-8.1698151!16s%2Fg%2F11h7g2r9by!19sChIJkTmZvUgfJQ0Rbk0N61qzS9M?authuser=0&hl=fr&rclk=1
Lua de Caldelas," R. Padre João Martins de Freitas 117, 4720-689 Caldelas, Portugal",Terras de Bouro+Portugal,Portugal,Hôtel avec spa,,"5,0", +351 915 327 900,https://luadecaldelas.com/,info@luadecaldelas.com,,https://www.google.com/maps/place/Lua+de+Caldelas/data=!4m10!3m9!1s0xd2503c837b80231:0x7081551ed12cfa4!5m2!4m1!1i2!8m2!3d41.668808!4d-8.375594!16s%2Fg%2F11sv6sdrj1!19sChIJMQK4N8gDJQ0RpM8S7VEVCAc?authuser=0&hl=fr&rclk=1
"Águas do Gerês - Hotel, Termas e Spa"," Av. Manuel Francisco da Costa 136, 4845-067 Gerês, Portugal",Terras de Bouro+Portugal,Portugal,Hôtel avec spa,,"4,2", +351 253 390 190,http://www.aguasdogeres.pt/,,,"https://www.google.com/maps/place/%C3%81guas+do+Ger%C3%AAs+-+Hotel,+Termas+e+Spa/data=!4m10!3m9!1s0xd2518e9fdc4545b:0x66a087ece7f2cd30!5m2!4m1!1i2!8m2!3d41.728992!4d-8.161566!16s%2Fg%2F1vl5j1nj!19sChIJW1TE_ekYJQ0RMM3y5-yHoGY?authuser=0&hl=fr&rclk=1"
As Runas Gerês," Lugar do Assento, Valdosende, 4845-040 Terras de Bouro, Portugal",Terras de Bouro+Portugal,Portugal,Hôtel avec spa,,"4,8", +351 966 242 222,https://asrunas.com/,,,https://www.google.com/maps/place/As+Runas+Ger%C3%AAs/data=!4m10!3m9!1s0xd251e70f79ba81f:0x2d66a775f6d53655!5m2!4m1!1i2!8m2!3d41.6544761!4d-8.2144346!16s%2Fg%2F11bcf49b40!19sChIJH6ib93AeJQ0RVTbV9nWnZi0?authuser=0&hl=fr&rclk=1
Ribeira Collection Hotel by Piamonte Hotels," R. dos Milagres, 4970-592 Arcos de Valdevez, Portugal",Terras de Bouro+Portugal,Portugal,Hôtel avec spa,,"4,4", +351 258 009 410,https://ribeiracollectionhotel.com/,booking.rch@piamontehotels.com,https://www.linkedin.com/company/piamontehotels,https://www.google.com/maps/place/Ribeira+Collection+Hotel+by+Piamonte+Hotels/data=!4m10!3m9!1s0xd25095e0bc0b0db:0xcd37dbbafabd0b70!5m2!4m1!1i2!8m2!3d41.8436053!4d-8.4170735!16s%2Fg%2F1td6c4xw!19sChIJ27DAC14JJQ0RcAu9-rrbN80?authuser=0&hl=fr&rclk=1
Casa d'Amares," Rua São Veríssimo, casa 1 Figueiredo, 4720-427 Braga, Portugal",Terras de Bouro+Portugal,Portugal,Hôtel avec spa,,"4,9", +351 926 078 166,https://www.casadeamares.pt/,info@casadeamares.pt,,https://www.google.com/maps/place/Casa+d%27Amares/data=!4m10!3m9!1s0xd25030053b33b29:0x9b3723dc3289e836!5m2!4m1!1i2!8m2!3d41.623247!4d-8.338457!16s%2Fg%2F11h3tjhy41!19sChIJKTuzUwADJQ0RNuiJMtwjN5s?authuser=0&hl=fr&rclk=1
Tempus Hotel & Spa," Rua de Oleiros nº 1190, 4980-521, Portugal",Terras de Bouro+Portugal,Portugal,Hôtel avec spa,,"4,3", +351 258 009 250,http://www.hoteltempus.com/,reservas@hoteltempus.com,https://www.linkedin.com/company/tempus-hotel-spa,https://www.google.com/maps/place/Tempus+Hotel+%26+Spa/data=!4m10!3m9!1s0xd2508f12103283b:0xf57f18470c9bded6!5m2!4m1!1i2!8m2!3d41.795501!4d-8.433714!16s%2Fg%2F11b6362gnx!19sChIJOygDIfEIJQ0R1t6bDEcYf_U?authuser=0&hl=fr&rclk=1
Quinta Clara - Alojamento Local," Rua de Marvão 359, 4730-550 Prado (São Miguel), Portugal",Terras de Bouro+Portugal,Portugal,Hôtel avec spa,,"5,0", +351 912 025 716,,,,https://www.google.com/maps/place/Quinta+Clara+-+Alojamento+Local/data=!4m10!3m9!1s0xd250770c31b1d65:0xde2f68cf554f4bd6!5m2!4m1!1i2!8m2!3d41.697179!4d-8.4383943!16s%2Fg%2F11z0ks3bcb!19sChIJZR0bw3AHJQ0R1ktPVc9oL94?authuser=0&hl=fr&rclk=1
Casa do Engenho Braga - Casa de Campo," R. do Engenho 32 4710, 4710-184 Adaúfe, Portugal",Terras de Bouro+Portugal,Portugal,Hôtel avec spa,,"4,9", +351 925 852 076,http://www.casadoengenhobraga.com/,casadoengenhobraga@gmail.com,,https://www.google.com/maps/place/Casa+do+Engenho+Braga+-+Casa+de+Campo/data=!4m10!3m9!1s0xd24ffe4cb9e6637:0x335fcc04e47f6a63!5m2!4m1!1i2!8m2!3d41.6074262!4d-8.402976!16s%2Fg%2F11m1n62fnb!19sChIJN2aey-T_JA0RY2p_5ATMXzM?authuser=0&hl=fr&rclk=1
"Águas do Gerês - Hotel, Termas e Spa"," Av. Manuel Francisco da Costa 136, 4845-067 Gerês, Portugal",Terras de Bouro+Portugal,Portugal,Hôtel avec spa,,"4,2", +351 253 390 190,http://www.aguasdogeres.pt/,,,"https://www.google.com/maps/place/%C3%81guas+do+Ger%C3%AAs+-+Hotel,+Termas+e+Spa/data=!4m10!3m9!1s0xd2518e9fd9f0569:0x66a087ece7f2cd30!5m2!4m1!1i2!8m2!3d41.7289922!4d-8.1615662!16s%2Fg%2F1vl5j1nj!19sChIJaQWf_ekYJQ0RMM3y5-yHoGY?authuser=0&hl=fr&rclk=1"
Piscinas/Ginásio Municipal - Terras de Bouro," Lgo da República, 4840-100 Terras de Bouro, Portugal",Terras de Bouro+Portugal,Portugal,Parc aquatique,Complexe sportif,"4,4", +351 253 353 051,https://turismo.cm-terrasdebouro.pt/saude-e-bem-estar/,turismo@cm-terrasdebouro.pt,,https://www.google.com/maps/place/Piscinas%2FGin%C3%A1sio+Municipal+-+Terras+de+Bouro/data=!4m7!3m6!1s0xd2505ed57f6c3db:0x1759822f2027e72c!8m2!3d41.718288!4d-8.3123903!16s%2Fg%2F11ffv1yt3m!19sChIJ28P2V-0FJQ0RLOcnIC-CWRc?authuser=0&hl=fr&rclk=1
Praia Fluvial do Rio Homem," Rio Homem,, Terras de Bouro, Portugal",Terras de Bouro+Portugal,Portugal,Parc aquatique,,"4,4",,https://aquapolis.com.pt/praia-fluvial-do-rio-homem-covas-terras-de-bouro/,,,https://www.google.com/maps/place/Praia+Fluvial+do+Rio+Homem/data=!4m7!3m6!1s0xd2504c84e2e7e7f:0x3f8bd4d69a9c9fea!8m2!3d41.720525!4d-8.3125925!16s%2Fg%2F11c5vbsmjk!19sChIJf34uTsgEJQ0R6p-cmtbUiz8?authuser=0&hl=fr&rclk=1
Parc national de Peneda-Gerês, Portugal,Terras de Bouro+Portugal, Portugal,Parc aquatique,Parc national,"4,8", +351 253 203 480,https://pnpgeres.pt/,info@elitepresstheme.com,,https://www.google.com/maps/place/Parc+national+de+Peneda-Ger%C3%AAs/data=!4m7!3m6!1s0xd256917fd47c523:0x6d193b91beb28db6!8m2!3d41.7282173!4d-8.1626317!16zL20vMDNoN2xt!19sChIJI8VH_RdpJQ0Rto2yvpE7GW0?authuser=0&hl=fr&rclk=1
Parque das Termas - Gerês," 4845-075 Gerês, Portugal",Terras de Bouro+Portugal,Portugal,Parc aquatique,Parc,"4,4", +351 253 391 113,https://www.aguasdogeres.pt/parque-das-termas-e-piscinas,,,https://www.google.com/maps/place/Parque+das+Termas+-+Ger%C3%AAs/data=!4m7!3m6!1s0xd2518e99054ac9d:0xbf9665e9504d5720!8m2!3d41.7305561!4d-8.162004!16s%2Fg%2F119w75b8c!19sChIJnaxUkOkYJQ0RIFdNUOlllr8?authuser=0&hl=fr&rclk=1
Restaurante O Encontro," Monte, Campos Abades 32, 4840-110 Terras de Bouro, Portugal",Terras de Bouro+Portugal,Portugal,Thalassothérapie,Restaurant,"4,7", +351 253 378 124,,,,https://www.google.com/maps/place/Restaurante+O+Encontro/data=!4m7!3m6!1s0xd251c76c0934aa1:0x543103280784384a!8m2!3d41.6986941!4d-8.2502656!16s%2Fg%2F11c6s45s_1!19sChIJoUqTwHYcJQ0RSjiEBygDMVQ?authuser=0&hl=fr&rclk=1
Beleza Serra Guide Hotel," Avenida de Bairro 576, 4845-065 Geres, Portugal",Terras de Bouro+Portugal,Portugal,Thalassothérapie,,"4,4", +351 253 391 457,http://www.belezaserraguidehotel.com/,geral@bserra.com,,https://www.google.com/maps/place/Beleza+Serra+Guide+Hotel/data=!4m10!3m9!1s0xd251f217ff6d163:0x94010835ff3cff9a!5m2!4m1!1i2!8m2!3d41.6909463!4d-8.1721015!16s%2Fg%2F1tf726ls!19sChIJY9H2fyEfJQ0Rmv88_zUIAZQ?authuser=0&hl=fr&rclk=1
Passadiços do Rio Homem," Terras de Bouro, Portugal",Terras de Bouro+Portugal,Portugal,Thalassothérapie,Circuit de randonnée,"3,8",,,,,https://www.google.com/maps/place/Passadi%C3%A7os+do+Rio+Homem/data=!4m7!3m6!1s0xd251bb530b5861b:0x837153aaab32115!8m2!3d41.7239186!4d-8.2979011!16s%2Fg%2F11scx_ll_q!19sChIJG4a1MLUbJQ0RFSGzqjoVNwg?authuser=0&hl=fr&rclk=1
Quinta do Bárrio," Quinta do Bárrio 77, 4840-060 Terras de Bouro, Portugal",Terras de Bouro+Portugal,Portugal,Thalassothérapie,,"4,4", +351 924 072 307,http://www.quintadobarrio.pt/,,,https://www.google.com/maps/place/Quinta+do+B%C3%A1rrio/data=!4m10!3m9!1s0xd251b4d28509e5b:0x5a20df0e50ded9d9!5m2!4m1!1i2!8m2!3d41.7107885!4d-8.3082885!16s%2Fg%2F12vqwwwq7!19sChIJW55QKE0bJQ0R2dneUA7fIFo?authuser=0&hl=fr&rclk=1
Adelaide Hotel," Rua de Arnassó 45, 4845-063, Portugal",Terras de Bouro+Portugal,Portugal,Thalassothérapie,,"4,5", +351 253 390 020,http://www.adelaidehotel.pt/,geral@adelaidehotel.pt,,https://www.google.com/maps/place/Adelaide+Hotel/data=!4m10!3m9!1s0xd251b4af7a508cb:0x37cad9bfee7d6242!5m2!4m1!1i2!8m2!3d41.7258986!4d-8.1646161!16s%2Fg%2F1hc5nkg84!19sChIJywil90obJQ0RQmJ97r_Zyjc?authuser=0&hl=fr&rclk=1
Porto Náutico," Rua do Almada 472, 4050-034 Porto, Portugal",Terras de Bouro+Portugal,Portugal,Thalassothérapie,Appartement de vacances,"4,7", +351 22 043 7716,https://porto365.com/,geral@porto365.com,,https://www.google.com/maps/place/Porto+N%C3%A1utico/data=!4m7!3m6!1s0xd2464fcf4b2fc83:0x89c415f005a4daaa!8m2!3d41.151339!4d-8.611985!16s%2Fg%2F11c584l8z8!19sChIJg_yy9PxkJA0RqtqkBfAVxIk?authuser=0&hl=fr&rclk=1
Lagoa Azul do Geres," Pereiró, 185, 4845-076, Portugal",Terras de Bouro+Portugal,Portugal,Thalassothérapie,,"4,5", +351 253 391 370,http://www.lagoaazuldogeres.com/,,,https://www.google.com/maps/place/Lagoa+Azul+do+Geres/data=!4m10!3m9!1s0xd2518e9e15bcd31:0x28e3758ea26496d6!5m2!4m1!1i2!8m2!3d41.7012138!4d-8.1688842!16s%2Fg%2F1tgpzh10!19sChIJMc1b4ekYJQ0R1pZkoo514yg?authuser=0&hl=fr&rclk=1
Miradouro Voltas de São Bento," Unnamed Road, 4845, Portugal",Terras de Bouro+Portugal,Portugal,Thalassothérapie,Point de vue,"4,8",,,,,https://www.google.com/maps/place/Miradouro+Voltas+de+S%C3%A3o+Bento/data=!4m7!3m6!1s0xd2519ebdfa873b7:0x3e3c012fce3da14b!8m2!3d41.7093942!4d-8.1862928!16s%2Fg%2F11nnpbwwqk!19sChIJt3Oo3-sZJQ0RS6E9zi8BPD4?authuser=0&hl=fr&rclk=1
Spa Amoure," Av. da Câmara 22, 4730-304, Portugal",Terras de Bouro+Portugal,Portugal,Thalassothérapie,Spa,, +351 253 149 060,https://www.maison-albar-hotels-amoure.com/,,,https://www.google.com/maps/place/Spa+Amoure/data=!4m7!3m6!1s0xd2501bfa5214f3f:0x337b3a9d5db2145b!8m2!3d41.6374963!4d-8.4769742!16s%2Fg%2F11w9qc4frb!19sChIJP08hpb8BJQ0RWxSyXZ06ezM?authuser=0&hl=fr&rclk=1
Posto de turismo," Gerês, 4845-067, Portugal",Terras de Bouro+Portugal,Portugal,Thalassothérapie,Office de tourisme,"4,0", +351 253 392 096,https://turismo.cm-terrasdebouro.pt/,turismo@cm-terrasdebouro.pt,,https://www.google.com/maps/place/Posto+de+turismo/data=!4m7!3m6!1s0xd2518c393068381:0x2003a8c81ef67152!8m2!3d41.7246845!4d-8.162655!16s%2Fg%2F11ggg9n1p9!19sChIJgYMGk8MYJQ0RUnH2HsioAyA?authuser=0&hl=fr&rclk=1
Cascata de Leonte," Vilar da Veiga, Portugal",Terras de Bouro+Portugal,Portugal,Thalassothérapie,Attraction touristique,"4,4",,http://turismo.cm-terrasdebouro.pt/,turismo@cm-terrasdebouro.pt,,https://www.google.com/maps/place/Cascata+de+Leonte/data=!4m7!3m6!1s0xd25186388fcc359:0x21d12d672c01cf86!8m2!3d41.7607289!4d-8.1492048!16s%2Fg%2F11f6cmd0hk!19sChIJWcP8iGMYJQ0Rhs8BLGct0SE?authuser=0&hl=fr&rclk=1
Hotel S. Bento Da Porta Aberta," Av. de São Bento da Porta Aberta 2993, 4845-028 Braga, Portugal",Terras de Bouro+Portugal,Portugal,Thalassothérapie,,"4,6", +351 253 141 580,http://hotel.sbento.pt/,hotel@sbento.pt,,https://www.google.com/maps/place/Hotel+S.+Bento+Da+Porta+Aberta/data=!4m10!3m9!1s0xd251ebe97d7cce7:0x4e458db78c2dc736!5m2!4m1!1i2!8m2!3d41.6903094!4d-8.2042539!16s%2Fg%2F11b6dgmb0_!19sChIJ58zXl74eJQ0RNsctjLeNRU4?authuser=0&hl=fr&rclk=1
Agrinho Suites & Spa," Rua 1 - CCI 101 Margem albufeira da, 4845-040, Portugal",Terras de Bouro+Portugal,Portugal,Thalassothérapie,,"4,8", +351 960 283 788,http://www.agrinho.com/,,,https://www.google.com/maps/place/Agrinho+Suites+%26+Spa/data=!4m10!3m9!1s0xd2518c2651c8a1f:0xf99655d7c64b1449!5m2!4m1!1i2!8m2!3d41.6559345!4d-8.2123144!16s%2Fg%2F1vs5x_r1!19sChIJH4ocZcIYJQ0RSRRLxtdVlvk?authuser=0&hl=fr&rclk=1
Boutique Spa Caudalie," Lgo de S. Domingos 99, 4050-545 Porto, Portugal",Terras de Bouro+Portugal,Portugal,Thalassothérapie,Spa,"5,0", +351 926 695 589,https://pt.caudalie.com/boutique-caudalie-porto,boutique.porto@caudalie.com,https://www.linkedin.com/company/caudalie,https://www.google.com/maps/place/Boutique+Spa+Caudalie/data=!4m7!3m6!1s0xd2465f34d30cbb9:0xa4ed3d0766084505!8m2!3d41.1429215!4d-8.6144325!16s%2Fg%2F11r_xy357x!19sChIJucswTfNlJA0RBUUIZgc97aQ?authuser=0&hl=fr&rclk=1
Termas do Gerês," Av. Manuel Francisco da Costa 125, 4845-067, Portugal",Terras de Bouro+Portugal,Portugal,Thalassothérapie,,"4,1", +351 253 391 113,https://www.termasdogeres.pt/,,,https://www.google.com/maps/place/Termas+do+Ger%C3%AAs/data=!4m10!3m9!1s0xd2519aa1db6d15d:0xb16ada4489b168af!5m2!4m1!1i2!8m2!3d41.7287869!4d-8.1619549!16s%2Fg%2F11h2d7yhlm!19sChIJXdG2HaoZJQ0Rr2ixiUTaarE?authuser=0&hl=fr&rclk=1
Termas da Moimenta," Av. D. Manuel I nº18, 4840-100 Braga, Portugal",Terras de Bouro+Portugal,Portugal,Thalassothérapie,Station thermale,"4,8", +351 253 353 217,https://www.termasdamoimenta.com/,geral@termasdamoimenta.com,,https://www.google.com/maps/place/Termas+da+Moimenta/data=!4m7!3m6!1s0xd2504b5d5c0e7b1:0x4ac5f02075afa1ae!8m2!3d41.7136999!4d-8.3146269!16s%2Fg%2F1hhxd7gdh!19sChIJsefA1bUEJQ0RrqGvdSDwxUo?authuser=0&hl=fr&rclk=1
Town Hall of Terras de Bouro," Largo do Município, 4840-100 Terras de Bouro, Portugal",Terras de Bouro+Portugal,Portugal,Thalassothérapie,Hôtel de ville,"4,1", +351 253 350 010,https://www.cm-terrasdebouro.pt/,geral@cm-terrasdebouro.pt,,https://www.google.com/maps/place/Town+Hall+of+Terras+de+Bouro/data=!4m7!3m6!1s0xd251b4a6f4ccb33:0x25ba4ac381b2a990!8m2!3d41.7191805!4d-8.3085382!16s%2Fg%2F1tx16m_3!19sChIJM8tMb0obJQ0RkKmygcNKuiU?authuser=0&hl=fr&rclk=1
Hotel Apartamentos Gerês Ribeiro," Av. Manuel Francisco da Costa 47, 4845-067 Gerês, Portugal",Terras de Bouro+Portugal,Portugal,Thalassothérapie,,"4,3", +351 253 900 060,https://www.ehgeres.pt/,hoteisgeres@ehgeres.pt,,https://www.google.com/maps/place/Hotel+Apartamentos+Ger%C3%AAs+Ribeiro/data=!4m10!3m9!1s0xd2518c3c40608c5:0x72877b6bdf980f15!5m2!4m1!1i2!8m2!3d41.7268378!4d-8.16282!16s%2Fg%2F1v4k7t1r!19sChIJxQgGxMMYJQ0RFQ-Y32t7h3I?authuser=0&hl=fr&rclk=1
Casa Baranda," Lugar da Ermida n°63, 4845-072 Braga, Portugal",Terras de Bouro+Portugal,Portugal,Thalassothérapie,,"4,5", +351 253 391 966,https://www.casabaranda.com/,,,https://www.google.com/maps/place/Casa+Baranda/data=!4m10!3m9!1s0xd252139ed3f3459:0xb5cf43fd3dfdd8fe!5m2!4m1!1i2!8m2!3d41.702659!4d-8.129898!16s%2Fg%2F11gnsfngmm!19sChIJWTQ_7TkhJQ0R_tj9Pf1Dz7U?authuser=0&hl=fr&rclk=1
"Dreamer - Estúdio de beleza, Solário e Spa"," Av. António Sérgio 671, 4730-709 Vila Verde, Portugal",Vila Verde+Portugal,Portugal,Thalassothérapie,Institut de beauté,"4,9", +351 937 060 033,https://www.instagram.com/dreamer_beleza/,,,"https://www.google.com/maps/place/Dreamer+-+Est%C3%BAdio+de+beleza,+Sol%C3%A1rio+e+Spa/data=!4m7!3m6!1s0xd25014c57e24fd3:0xfd3bc75879fbcad8!8m2!3d41.646117!4d-8.4360826!16s%2Fg%2F11jzpq9xtx!19sChIJ00_iV0wBJQ0R2Mr7eVjHO_0?authuser=0&hl=fr&rclk=1"
Satsanga Spa Braga," Largo Carlos Amarante 150, 4700-308 Braga, Portugal",Vila Verde+Portugal,Portugal,Thalassothérapie,Spa,"4,9", +351 935 693 317,https://www.instagram.com/satsangaspa_braga,,,https://www.google.com/maps/place/Satsanga+Spa+Braga/data=!4m7!3m6!1s0xd24ff6ac6895ad5:0xca5349dfcaf8025b!8m2!3d41.5491018!4d-8.4231492!16s%2Fg%2F11sfrysx5k!19sChIJ1VqJxmr_JA0RWwL4yt9JU8o?authuser=0&hl=fr&rclk=1
Hotel Solverde Spa & Wellness Center," 212, Av. Liberdade, 4410-154 S.F. Marinha, Portugal",Vila Verde+Portugal,Portugal,Thalassothérapie,,"4,5", +351 22 733 8030,https://gruposolverde.pt/hoteis/hotel-solverde-spa-wellness-center/,hotelsolverde@solverde.pt,https://www.linkedin.com/company/gruposolverde,https://www.google.com/maps/place/Hotel+Solverde+Spa+%26+Wellness+Center/data=!4m10!3m9!1s0xd2479ea8f1a8ecb:0xbd38f60462a143f6!5m2!4m1!1i2!8m2!3d41.0293404!4d-8.6423837!16s%2Fg%2F11zbqqgp8!19sChIJy44aj-p5JA0R9kOhYgT2OL0?authuser=0&hl=fr&rclk=1
Torre de Gomariz Wine & Spa Hotel," Av. Sobral Castelo 76, 4730-102 Cervães, Portugal",Vila Verde+Portugal,Portugal,Thalassothérapie,,"4,8", +351 253 929 160,http://www.torredegomariz.com/,reservas@torredegomariz.com,,https://www.google.com/maps/place/Torre+de+Gomariz+Wine+%26+Spa+Hotel/data=!4m10!3m9!1s0xd2454db9ada66f1:0x703ff9f18cd3264d!5m2!4m1!1i2!8m2!3d41.588335!4d-8.5360663!16s%2Fg%2F11bwpc2wjd!19sChIJ8WbamttUJA0RTSbTjPH5P3A?authuser=0&hl=fr&rclk=1
EL SPA by Meliá Braga," Av. Gen. Carrilho da Silva Pinto nr 8, Piso -1, 4715-380 Braga, Portugal",Vila Verde+Portugal,Portugal,Thalassothérapie,Spa,"4,3", +351 253 144 003,https://www.meliabraga.com/spa-health-club/,,,https://www.google.com/maps/place/EL+SPA+by+Meli%C3%A1+Braga/data=!4m7!3m6!1s0xd24fdde666fd47d:0x172a5661b97ee25e!8m2!3d41.5566203!4d-8.3951523!16s%2Fg%2F11nc8tt8zf!19sChIJfdRvZt79JA0RXuJ-uWFWKhc?authuser=0&hl=fr&rclk=1
Melia Braga," Av. Gen. Carrilho da Silva Pinto 8, 4715-380 Braga, Portugal",Vila Verde+Portugal,Portugal,Thalassothérapie,,"4,5", +351 253 144 000,https://www.meliabraga.com/?utm_campaign=google&utm_content=5688&utm_medium=organic&utm_source=directories,,,https://www.google.com/maps/place/Melia+Braga/data=!4m10!3m9!1s0xd24fc2093a58081:0x5b942f63928fb6f9!5m2!4m1!1i2!8m2!3d41.556763!4d-8.395006!16s%2Fg%2F11cp7yhl6c!19sChIJgYClkyD8JA0R-baPkmMvlFs?authuser=0&hl=fr&rclk=1
Quinta do Casal de S. Miguel de Soutelo," 4730-575, Portugal",Vila Verde+Portugal,Portugal,Thalassothérapie,,"4,6", +351 253 310 360,http://www.quintadocasal.eu/,info@quintadocasal.eu,,https://www.google.com/maps/place/Quinta+do+Casal+de+S.+Miguel+de+Soutelo/data=!4m10!3m9!1s0xd2501d6f254c039:0x7083fe4451b5fa3d!5m2!4m1!1i2!8m2!3d41.6131239!4d-8.433278!16s%2Fg%2F113fn4pyn!19sChIJOcBU8tYBJQ0RPfq1UUT-g3A?authuser=0&hl=fr&rclk=1
In Gold Hotel & Spa," R. Manuel de Sousa Carneiro 25, 3750-160 Águeda, Portugal",Oliveira do Bairro+Portugal,Portugal,Hôtel avec spa,,"3,7", +351 234 690 170,https://www.ingoldhotel.pt/,rececao@ingoldhotel.pt,https://www.linkedin.com/company/ingoldhotel,https://www.google.com/maps/place/In+Gold+Hotel+%26+Spa/data=!4m10!3m9!1s0xd230bd49b7efb63:0x8acfa9fbe12e3306!5m2!4m1!1i2!8m2!3d40.574216!4d-8.43846!16s%2Fg%2F11ck0fb4yc!19sChIJY_t-m9QLIw0RBjMu4fupz4o?authuser=0&hl=fr&rclk=1
In Gold Hotel & Spa," R. Manuel de Sousa Carneiro 25, 3750-160 Águeda, Portugal",Oliveira do Bairro+Portugal,Portugal,Hôtel avec spa,,"3,7", +351 234 690 170,https://www.ingoldhotel.pt/,rececao@ingoldhotel.pt,https://www.linkedin.com/company/ingoldhotel,https://www.google.com/maps/place/In+Gold+Hotel+%26+Spa/data=!4m10!3m9!1s0xd230bd49b7efb65:0x8acfa9fbe12e3306!5m2!4m1!1i2!8m2!3d40.574216!4d-8.4384599!16s%2Fg%2F11ck0fb4yc!19sChIJZft-m9QLIw0RBjMu4fupz4o?authuser=0&hl=fr&rclk=1
Templum - Saúde e Bem-Estar," R. Vale de Junco no 24, 3770-102 Oliveira do Bairro, Portugal",Oliveira do Bairro+Portugal,Portugal,Centre thermal,Massothérapeute,"5,0", +351 918 059 933,https://pt.zappysoftware.com/m/templumsaudeebem-estar,,,https://www.google.com/maps/place/Templum+-+Sa%C3%BAde+e+Bem-Estar/data=!4m7!3m6!1s0xd23a746e108cbc3:0x34409aa0314ffdfe!8m2!3d40.5185002!4d-8.4996578!16s%2Fg%2F11kpdjl60s!19sChIJw8sI4UanIw0R_v1PMaCaQDQ?authuser=0&hl=fr&rclk=1
Fonte da Bica," R. Fonte da Bica, 3850-037 Albergaria-a-Velha, Portugal",Oliveira do Bairro+Portugal,Portugal,Parc aquatique,Parc aquatique,"5,0",,,,,https://www.google.com/maps/place/Fonte+da+Bica/data=!4m7!3m6!1s0xd239f00413a2589:0x94c0519311bd369f!8m2!3d40.6833718!4d-8.4872705!16s%2Fg%2F11z7ksd55n!19sChIJiSU6QQCfIw0Rnza9EZNRwJQ?authuser=0&hl=fr&rclk=1
Parque Desportivo Municipal de Oliveira do Bairro," R. Colégios, 3770-221 Oliveira do Bairro, Portugal",Oliveira do Bairro+Portugal,Portugal,Parc aquatique,Complexe sportif,"4,3", +351 234 732 120,http://www.cm-olb.pt/p/parque_desportivo,parquedesportivo@cm-olb.pt,https://www.linkedin.com/company/13993250,https://www.google.com/maps/place/Parque+Desportivo+Municipal+de+Oliveira+do+Bairro/data=!4m7!3m6!1s0xd23a79ea0afe4d7:0x8c53ec5b9bb362bc!8m2!3d40.5067463!4d-8.4831426!16s%2Fg%2F11cnxyrrk6!19sChIJ1-SvoJ6nIw0RvGKzm1vsU4w?authuser=0&hl=fr&rclk=1
Piscina Natural de Ançã," R. Dr. Jaime Cortesão 12, 3060-049 Ançã, Portugal",Oliveira do Bairro+Portugal,Portugal,Parc aquatique,Attraction touristique,"4,5",,,,,https://www.google.com/maps/place/Piscina+Natural+de+An%C3%A7%C3%A3/data=!4m7!3m6!1s0xd2255ac524f942f:0xd99d6388913f5cd9!8m2!3d40.2724857!4d-8.5248272!16s%2Fg%2F11bxfw77ym!19sChIJL5RPUqxVIg0R2Vw_kYhjndk?authuser=0&hl=fr&rclk=1
Lugar dos Afetos," R. da Harmonia, 3800-800 Eixo, Portugal",Oliveira do Bairro+Portugal,Portugal,Parc aquatique,Parc à thème,"4,2",,https://www.lugardosafectos.pt/,reservas@lugardosafetos.pt,,https://www.google.com/maps/place/Lugar+dos+Afetos/data=!4m7!3m6!1s0xd23a1f849d93a6b:0xc0db50f6bfaf6d29!8m2!3d40.6322225!4d-8.5679773!16s%2Fg%2F15dq546t!19sChIJazrZSfihIw0RKW2vv_ZQ28A?authuser=0&hl=fr&rclk=1
Piscinas Municipais de Oliveira do Bairro," R. Colégios, 3770-221 Oliveira do Bairro, Portugal",Oliveira do Bairro+Portugal,Portugal,Parc aquatique,Piscine municipale,"4,3", +351 234 732 120,https://www.cm-olb.pt/p/parque_desportivo,parquedesportivo@cm-olb.pt,https://www.linkedin.com/company/13993250,https://www.google.com/maps/place/Piscinas+Municipais+de+Oliveira+do+Bairro/data=!4m7!3m6!1s0xd2308207383daf5:0x8d7f2d3e8d4e8be3!8m2!3d40.5069526!4d-8.4838217!16s%2Fg%2F11dz42kjn0!19sChIJ9dqDcyAIIw0R44tOjT4tf40?authuser=0&hl=fr&rclk=1
Albadura SPA," R. José Ferreira Dias 3 A, 3810-868 Oliveirinha, Portugal",Oliveira do Bairro+Portugal,Portugal,Spa / bien-être,Spa,"5,0", +351 926 999 753,https://albadura.pt/,info@albadura.pt,,https://www.google.com/maps/place/Albadura+SPA/data=!4m7!3m6!1s0xd23a36c254287c1:0xe6f07079e585e012!8m2!3d40.6090767!4d-8.6041015!16s%2Fg%2F11y87brfjy!19sChIJwYdCJWyjIw0REuCF5Xlw8OY?authuser=0&hl=fr&rclk=1
The Village House by CDV," Praça Antero de Quental 7, 5140-057 Carrazeda de Ansiães, Portugal",Torre de Moncorvo+Portugal,Portugal,Hôtel avec spa,,"4,8", +351 278 616 064,http://www.thevillagehouse.pt/,reservas@thevillagehouse.pt,,https://www.google.com/maps/place/The+Village+House+by+CDV/data=!4m10!3m9!1s0xd3b6faec6798587:0x76ee3c9b7e19aed5!5m2!4m1!1i2!8m2!3d41.243315!4d-7.30225!16s%2Fg%2F11rw7fspd6!19sChIJh4V5xq5vOw0R1a4Zfps87nY?authuser=0&hl=fr&rclk=1
Quintal do Grémio," R. Dr. Margarido 4, 5160-282 Torre de Moncorvo, Portugal",Torre de Moncorvo+Portugal,Portugal,Hôtel avec spa,,"5,0", +351 919 367 211,http://www.quintaldogremio.pt/,support@yourdomain.tld,,https://www.google.com/maps/place/Quintal+do+Gr%C3%A9mio/data=!4m10!3m9!1s0xd3b833919e74d93:0xed39791bd950bbdb!5m2!4m1!1i2!8m2!3d41.1733354!4d-7.0525085!16s%2Fg%2F11vkfb_b0l!19sChIJk03nGTmDOw0R27tQ2Rt5Oe0?authuser=0&hl=fr&rclk=1
Grapple Hotel & Spa," Rua da Sainça nº 357, 5140-080 Carrazeda de Ansiães, Portugal",Torre de Moncorvo+Portugal,Portugal,Hôtel avec spa,,"4,4", +351 278 616 055,http://www.grapplehotel.pt/,info@grapplehotel.pt,,https://www.google.com/maps/place/Grapple+Hotel+%26+Spa/data=!4m10!3m9!1s0xd3b6fb24ded07d5:0x9cc7f6a2f2465c70!5m2!4m1!1i2!8m2!3d41.247132!4d-7.295226!16s%2Fg%2F11sg_6fmqz!19sChIJ1QftTbJvOw0RcFxG8qL2x5w?authuser=0&hl=fr&rclk=1
Casa Dona Maria Luiza," R. Vasco da Gama 43, 5160-297 Torre de Moncorvo, Portugal",Torre de Moncorvo+Portugal,Portugal,Hôtel avec spa,,"4,4", +351 279 254 086,http://www.casadonamarialuiza.com/,recepcao@casadonamarialuiza.com,,https://www.google.com/maps/place/Casa+Dona+Maria+Luiza/data=!4m10!3m9!1s0xd3b0ecbcee9bdad:0x14f34b75a9bbab86!5m2!4m1!1i2!8m2!3d41.1743349!4d-7.0510407!16s%2Fg%2F1q6kk5bqz!19sChIJrb3pzssOOw0Rhqu7qXVL8xQ?authuser=0&hl=fr&rclk=1
Piscinas Municipais ao Ar Livre - Torre de Moncorvo," Av. do Complexo Desportivo, 5160-308 Torre de Moncorvo, Portugal",Torre de Moncorvo+Portugal,Portugal,Parc aquatique,Piscine,"4,1", +351 279 252 788,http://cm-moncorvo.pt/,,,https://www.google.com/maps/place/Piscinas+Municipais+ao+Ar+Livre+-+Torre+de+Moncorvo/data=!4m7!3m6!1s0xd3b83924b867af9:0x79870044d5838ca7!8m2!3d41.1813071!4d-7.0409827!16s%2Fg%2F11s7551vgw!19sChIJ-XqGS5KDOw0Rp4yD1UQAh3k?authuser=0&hl=fr&rclk=1
Rio Foz do sabor," 5160, 5160-035, Portugal",Torre de Moncorvo+Portugal,Portugal,Parc aquatique,Parc,"4,5", +351 937 472 279,https://aquapolis.com.pt/praia-fluvial-foz-do-rio-sabor-moncorvo/,,,https://www.google.com/maps/place/Rio+Foz+do+sabor/data=!4m7!3m6!1s0xd3b788b77ae795d:0x55828fa0785219f9!8m2!3d41.1770485!4d-7.112068!16s%2Fg%2F11b8v9x_7n!19sChIJXXmud4t4Ow0R-RlSeKCPglU?authuser=0&hl=fr&rclk=1
Quintas do Valbom e Cuco," Quintas do Valbom e Cuco, Torre de Moncorvo, Portugal",Torre de Moncorvo+Portugal,Portugal,Thalassothérapie,,"4,2",,http://quintavalbom.com/,,,https://www.google.com/maps/place/Quintas+do+Valbom+e+Cuco/data=!4m10!3m9!1s0xd3b82157c3e5e0b:0x835b366f4ad9f4b2!5m2!4m1!1i2!8m2!3d41.1621258!4d-7.0716001!16s%2Fg%2F11b75ldwtr!19sChIJC14-fBWCOw0RsvTZSm82W4M?authuser=0&hl=fr&rclk=1
Caçula - Alojamento Local," R. das Amoreiras 4, 5160-299 Torre de Moncorvo, Portugal",Torre de Moncorvo+Portugal,Portugal,Thalassothérapie,,"4,0", +351 912 124 679,https://caculahotel.com/,reservas@caculahotel.com,,https://www.google.com/maps/place/Ca%C3%A7ula+-+Alojamento+Local/data=!4m10!3m9!1s0xd3b824d9a569107:0xdb97d64910836947!5m2!4m1!1i2!8m2!3d41.1743491!4d-7.0531975!16s%2Fg%2F1t_khv50!19sChIJB5FWmk2COw0RR2mDEEnWl9s?authuser=0&hl=fr&rclk=1
Casa da Avó - Turismo de Habitação," R. de Manuel de Seixas 12, 5160-290 Torre de Moncorvo, Portugal",Torre de Moncorvo+Portugal,Portugal,Thalassothérapie,,"4,6", +351 925 509 124,https://casaavo.com/,info@casaavo.com,,https://www.google.com/maps/place/Casa+da+Av%C3%B3+-+Turismo+de+Habita%C3%A7%C3%A3o/data=!4m10!3m9!1s0xd3b824d0be63ba9:0x22dd83a6b04c758!5m2!4m1!1i2!8m2!3d41.1737969!4d-7.052352!16s%2Fg%2F1tfmk390!19sChIJqTvmC02COw0RWMcEazrYLQI?authuser=0&hl=fr&rclk=1
Pedra Nova," R. da Gardunha 38, 6230-160 Castelo Novo, Portugal",Fundão+Portugal,Portugal,Hôtel avec spa,,"4,9", +351 933 299 950,http://www.pedranova.pt/,pedranova@pedranova.pt,,https://www.google.com/maps/place/Pedra+Nova/data=!4m10!3m9!1s0xd3d3f6f395c51e5:0xece81e1fd17c1c2c!5m2!4m1!1i2!8m2!3d40.0780576!4d-7.4968335!16s%2Fg%2F11h810kwjn!19sChIJ5VFcOW8_PQ0RLBx80R8e6Ow?authuser=0&hl=fr&rclk=1
Convento do Seixo Boutique Hotel & Spa," R. do Convento, 6230-045 Aldeia de Joanes, Portugal",Fundão+Portugal,Portugal,Hôtel avec spa,,"4,7", +351 275 249 670,https://www.conventodoseixo.com/,info@conventodoseixo.com,,https://www.google.com/maps/place/Convento+do+Seixo+Boutique+Hotel+%26+Spa/data=!4m10!3m9!1s0xd3d3ff53b1c8d77:0xb14c0846cfd3ce06!5m2!4m1!1i2!8m2!3d40.1327473!4d-7.511501!16s%2Fg%2F11gj78nvbb!19sChIJd40cO_U_PQ0RBs7Tz0YITLE?authuser=0&hl=fr&rclk=1
Alambique Hotel Resort & Spa," R. Cidade da Covilhã 88, 6230-463 Fundão, Portugal",Fundão+Portugal,Portugal,Hôtel avec spa,,"4,5", +351 275 774 145,http://www.hotelalambique.com/,reservas@crchotels.com,,https://www.google.com/maps/place/Alambique+Hotel+Resort+%26+Spa/data=!4m10!3m9!1s0xd3d3c38faab04df:0xa493a503e462987e!5m2!4m1!1i2!8m2!3d40.1662684!4d-7.4956917!16s%2Fg%2F1hc7fyd0g!19sChIJ3wSr-jg8PQ0Rfphi5AOlk6Q?authuser=0&hl=fr&rclk=1
Pena D'Água Boutique Hotel & Villas," R. de São Francisco Álvares, 6200-104 Covilhã, Portugal",Fundão+Portugal,Portugal,Hôtel avec spa,,"4,6", +351 275 334 168,https://www.penadagua.com/,info@penadagua.com,,https://www.google.com/maps/place/Pena+D%27%C3%81gua+Boutique+Hotel+%26+Villas/data=!4m10!3m9!1s0xd3d233f73e70f69:0x76a37f6100a0c03!5m2!4m1!1i2!8m2!3d40.2830865!4d-7.5060769!16s%2Fg%2F11fvqp89z3!19sChIJaQ_ncz8jPQ0RAwwKEPY3agc?authuser=0&hl=fr&rclk=1
Puralã - Wool Valley Hotel & SPA," Alameda Pêro da Covilhã, 6200-507 Covilhã, Portugal",Fundão+Portugal,Portugal,Hôtel avec spa,,"4,5", +351 275 330 400,http://www.hotelpurala.pt/,geral@naturaimbhotels.com,,https://www.google.com/maps/place/Pural%C3%A3+-+Wool+Valley+Hotel+%26+SPA/data=!4m10!3m9!1s0xd3d22fef283f8a5:0x509a043c0e55aa40!5m2!4m1!1i2!8m2!3d40.2670902!4d-7.4974686!16s%2Fg%2F11c6qbsy7q!19sChIJpfiD8v4iPQ0RQKpVDjwEmlA?authuser=0&hl=fr&rclk=1
Alambique Hotel Resort & Spa," R. Cidade da Covilhã 88, 6230-463 Fundão, Portugal",Fundão+Portugal,Portugal,Hôtel avec spa,,"4,5", +351 275 774 145,http://www.hotelalambique.com/,reservas@crchotels.com,,https://www.google.com/maps/place/Alambique+Hotel+Resort+%26+Spa/data=!4m10!3m9!1s0xd3d3c38e4df5fbd:0xa493a503e462987e!5m2!4m1!1i2!8m2!3d40.166268!4d-7.495692!16s%2Fg%2F1hc7fyd0g!19sChIJvV_f5Dg8PQ0Rfphi5AOlk6Q?authuser=0&hl=fr&rclk=1
Hotel Covilha Dona Maria Affiliated by Meliá," Alameda Pêro da Covilhã, 6200-507 Covilhã, Portugal",Fundão+Portugal,Portugal,Hôtel avec spa,,"4,5", +351 275 310 000,https://www.melia.com/pt/hoteis/portugal/covilha/hotel-covilha-dona-maria-by-melia?utm_campaign=google&utm_content=5661&utm_medium=organic&utm_source=directories,,,https://www.google.com/maps/place/Hotel+Covilha+Dona+Maria+Affiliated+by+Meli%C3%A1/data=!4m10!3m9!1s0xd3d239fd65736a9:0x3abae3272ffa04e6!5m2!4m1!1i2!8m2!3d40.269588!4d-7.505256!16s%2Fg%2F11ckqhv9nz!19sChIJqTZX1p8jPQ0R5gT6Lyfjujo?authuser=0&hl=fr&rclk=1
Covilha Parque Hotel Business & Family," Av. Frei Heitor Pinto Bloco A, 6201-909 Covilhã, Portugal",Fundão+Portugal,Portugal,Hôtel avec spa,,"4,6", +351 275 329 320,http://www.sporthotel.pt/,geral@naturaimbhotels.com,,https://www.google.com/maps/place/Covilha+Parque+Hotel+Business+%26+Family/data=!4m10!3m9!1s0xd3d22fef283f8a5:0x8dec5e86359ba70f!5m2!4m1!1i2!8m2!3d40.2841093!4d-7.5054775!16s%2Fg%2F1tj5mg2c!19sChIJpfiD8v4iPQ0RD6ebNYZe7I0?authuser=0&hl=fr&rclk=1
Piscine municipale," R. do Olival 16, 6230-512 Orca, Portugal",Fundão+Portugal,Portugal,Parc aquatique,Piscine,"4,4",,,,,https://www.google.com/maps/place/Piscine+municipale/data=!4m7!3m6!1s0xd3d6b68f365f8fd:0xb62be188835d2d36!8m2!3d40.0516565!4d-7.3638875!16s%2Fg%2F11c6t9j9nj!19sChIJ_fhl82hrPQ0RNi1dg4jhK7Y?authuser=0&hl=fr&rclk=1
Piscina Praia de Castelo Branco," Castelo Branco, Portugal",Fundão+Portugal,Portugal,Parc aquatique,Piscine municipale,"4,5", +351 272 348 320,https://www.cm-castelobranco.pt/municipe/areas-de-acao/desporto-lazer/piscina-praia/,geral@albigec.pt,,https://www.google.com/maps/place/Piscina+Praia+de+Castelo+Branco/data=!4m7!3m6!1s0xd3d5ea616dc09cf:0x7d4d7cb778fcacf5!8m2!3d39.8160532!4d-7.5130242!16s%2Fg%2F11bvt8n4f2!19sChIJzwncFqZePQ0R9az8eLd8TX0?authuser=0&hl=fr&rclk=1
Piscinas Municipais Cobertas do Fundão," R. da Diáspora, 6230-484 Fundão, Portugal",Fundão+Portugal,Portugal,Parc aquatique,Piscine couverte,"4,3", +351 275 779 030,http://fundaodesporto.scl.pt/,,,https://www.google.com/maps/place/Piscinas+Municipais+Cobertas+do+Fund%C3%A3o/data=!4m7!3m6!1s0xd3d3e9f30a535eb:0x28c1525e95ffa430!8m2!3d40.1434239!4d-7.5018236!16s%2Fg%2F11bw7bvz07!19sChIJ6zWlMJ8-PQ0RMKT_lV5SwSg?authuser=0&hl=fr&rclk=1
Benny Park," Parque Industrial, Rua 6 Lote 117, 6000-459 Castelo Branco, Portugal",Fundão+Portugal,Portugal,Parc aquatique,Parc d'attractions,"4,4", +351 966 713 364,http://www.bennypark.pt/,ola@bennypark.pt,,https://www.google.com/maps/place/Benny+Park/data=!4m7!3m6!1s0xd3d59177eab8f5f:0xe716d3e00c4d3774!8m2!3d39.7994126!4d-7.5343214!16s%2Fg%2F11kk4xst_8!19sChIJX4-rfhdZPQ0RdDdNDODTFuc?authuser=0&hl=fr&rclk=1
Lagoa," N3, 6000-459 Castelo Branco, Portugal",Fundão+Portugal,Portugal,Parc aquatique,Point de vue,"4,3",,,,,https://www.google.com/maps/place/Lagoa/data=!4m7!3m6!1s0xd3d5f713202963f:0xa112d7fd12031bca!8m2!3d39.8153529!4d-7.5145137!16s%2Fg%2F11h542h3gl!19sChIJP5YCMnFfPQ0RyhsDEv3XEqE?authuser=0&hl=fr&rclk=1
Plage Fluvial de Lavacolhos," Unnamed Road, 6230-500, Portugal",Fundão+Portugal,Portugal,Parc aquatique,Pavillon de plage,"4,4", +351 275 598 787,https://aquapolis.com.pt/praia-fluvial-de-valada-e-parque-de-merendas/,jfvalada@sapo.pt,,https://www.google.com/maps/place/Plage+Fluvial+de+Lavacolhos/data=!4m7!3m6!1s0xd3d30c643bad4d3:0x310c2ef078732680!8m2!3d40.135863!4d-7.6142193!16s%2Fg%2F11cpgb0m89!19sChIJ09S6Q8YwPQ0RgCZzePAuDDE?authuser=0&hl=fr&rclk=1
Golden Tulip São João Madeira," Av. Adelino Amaro da Costa 573, 3700-023 São João da Madeira, Portugal",São João da Madeira+Portugal,Portugal,Hôtel avec spa,,"3,9", +351 256 106 700,https://www.flagworldhotels.com/golden-tulip-sao-joao-da-madeira.html,,,https://www.google.com/maps/place/Golden+Tulip+S%C3%A3o+Jo%C3%A3o+Madeira/data=!4m10!3m9!1s0xd2381fd94fe4b9d:0x9c5e0b50c88071b3!5m2!4m1!1i2!8m2!3d40.8944976!4d-8.4854881!16s%2Fg%2F11b6dvw_x1!19sChIJnUv-lP2BIw0Rs3GAyFALXpw?authuser=0&hl=fr&rclk=1
Meliá São João da Madeira," R. Conde Dias Garcia, 3700-102 São João da Madeira, Portugal",São João da Madeira+Portugal,Portugal,Hôtel avec spa,,"4,7", +351 256 848 400,https://www.meliasaojoao.com/,,,https://www.google.com/maps/place/Meli%C3%A1+S%C3%A3o+Jo%C3%A3o+da+Madeira/data=!4m10!3m9!1s0xd2381200d23d4f3:0xdec5ed1fc2d8f7f7!5m2!4m1!1i2!8m2!3d40.903081!4d-8.490232!16s%2Fg%2F11x2l9z251!19sChIJ89QjDSCBIw0R9_fYwh_txd4?authuser=0&hl=fr&rclk=1
Meliá São João da Madeira," R. Conde Dias Garcia, 3700-102 São João da Madeira, Portugal",São João da Madeira+Portugal,Portugal,Hôtel avec spa,,"4,7", +351 256 848 400,https://www.meliasaojoao.com/,,,https://www.google.com/maps/place/Meli%C3%A1+S%C3%A3o+Jo%C3%A3o+da+Madeira/data=!4m10!3m9!1s0xd2381e6a91c1e43:0xdec5ed1fc2d8f7f7!5m2!4m1!1i2!8m2!3d40.903081!4d-8.490232!16s%2Fg%2F11x2l9z251!19sChIJQx4cqeaBIw0R9_fYwh_txd4?authuser=0&hl=fr&rclk=1
Golden Tulip São João Madeira," Av. Adelino Amaro da Costa 573, 3700-023 São João da Madeira, Portugal",São João da Madeira+Portugal,Portugal,Hôtel avec spa,,"3,9", +351 256 106 700,https://www.flagworldhotels.com/golden-tulip-sao-joao-da-madeira.html,,,https://www.google.com/maps/place/Golden+Tulip+S%C3%A3o+Jo%C3%A3o+Madeira/data=!4m10!3m9!1s0xd2381fd952349d1:0x9c5e0b50c88071b3!5m2!4m1!1i2!8m2!3d40.894498!4d-8.485488!16s%2Fg%2F11b6dvw_x1!19sChIJ0Ukjlf2BIw0Rs3GAyFALXpw?authuser=0&hl=fr&rclk=1
Coolzoone Madeira Longevity & Performance Center," R. Imperatriz Dona Amelia 138, São Martinho, 9000-018 Funchal, Portugal",São João da Madeira+Portugal,Portugal,Centre thermal,Centre de bien-être,"5,0", +351 937 962 938,https://coolzoone.pt/,madeira@coolzoone.pt,,https://www.google.com/maps/place/Coolzoone+Madeira+Longevity+%26+Performance+Center/data=!4m7!3m6!1s0xc605feebdef0e41:0x1dfe21974b75d349!8m2!3d32.6429683!4d-16.9212141!16s%2Fg%2F11vbw2bxq6!19sChIJQQ7vve5fYAwRSdN1S5ch_h0?authuser=0&hl=fr&rclk=1
Quintinha São João Hotel & Spa," Madeira, Levada de S. João 4, 9000-191 Funchal, Portugal",São João da Madeira+Portugal,Portugal,Centre thermal,,"4,7", +351 291 740 920,https://www.quintinhasaojoao.com/,info@futura.com,,https://www.google.com/maps/place/Quintinha+S%C3%A3o+Jo%C3%A3o+Hotel+%26+Spa/data=!4m10!3m9!1s0xc605fe458977391:0xe08df35e2fc480e2!5m2!4m1!1i2!8m2!3d32.6483203!4d-16.9200223!16s%2Fg%2F1ptw7yzwz!19sChIJkXOXWORfYAwR4oDEL17zjeA?authuser=0&hl=fr&rclk=1
House of Creativity," Pç 25 de Abril 116, 3700-304 São João da Madeira, Portugal",São João da Madeira+Portugal,Portugal,Centre thermal,Centre culturel,"4,6", +351 962 145 716,https://www.casadacriatividade.com/,casadacriatividade@cm-sjm.pt,,https://www.google.com/maps/place/House+of+Creativity/data=!4m7!3m6!1s0xd2381e358bb2e13:0x4890cef61ddabdfa!8m2!3d40.8988138!4d-8.4898461!16s%2Fg%2F11clztp97_!19sChIJEy67WOOBIw0R-r3aHfbOkEg?authuser=0&hl=fr&rclk=1
Termas de Manteigas," Manteigas, Portugal",São João da Madeira+Portugal,Portugal,Centre thermal,Thermes,"4,3", +351 275 980 300,https://termasdeportugal.pt/rede-termas/termas-caldas-de-manteigas,,,https://www.google.com/maps/place/Termas+de+Manteigas/data=!4m7!3m6!1s0xd3d277b7b46794d:0x8d2bf30937ec967b!8m2!3d40.38492!4d-7.5452609!16s%2Fg%2F11q1pdztt7!19sChIJTXlGe3snPQ0Re5bsNwnzK40?authuser=0&hl=fr&rclk=1
Continente São João da Madeira," Av. Dr. Renato Araújo 1625, 3700-346 São João da Madeira, Portugal",São João da Madeira+Portugal,Portugal,Centre thermal,Supermarché,"4,3", +351 256 202 500,https://feed.continente.pt/lojas/continente-sao-joao-da-madeira,,,https://www.google.com/maps/place/Continente+S%C3%A3o+Jo%C3%A3o+da+Madeira/data=!4m7!3m6!1s0xd2381f8b64b4221:0x5b5e692b99a04463!8m2!3d40.890163!4d-8.49185!16s%2Fg%2F11bx1tm7h7!19sChIJIUJLtviBIw0RY0SgmStpXls?authuser=0&hl=fr&rclk=1
Spa da Quintinha," Levada de S. João 4, 9000-191 Funchal, Portugal",São João da Madeira+Portugal,Portugal,Centre thermal,Spa,"5,0", +351 291 740 920,https://www.quintinhasaojoao.com/,info@futura.com,,https://www.google.com/maps/place/Spa+da+Quintinha/data=!4m7!3m6!1s0xc605f7ac3ab37a5:0x43f25dd5a042cc32!8m2!3d32.6484164!4d-16.9200437!16s%2Fg%2F11ks6pf1c4!19sChIJpTerw3pfYAwRMsxCoNVd8kM?authuser=0&hl=fr&rclk=1
Caldas de aregos," Portugal, Anreade, Portugal",São João da Madeira+Portugal,Portugal,Centre thermal,Attraction touristique,"4,5", +351 254 875 259,http://www.termas-caldasdearegos.com/index.php?option=com_content&view=article&id=61&Itemid=77,,,https://www.google.com/maps/place/Caldas+de+aregos/data=!4m7!3m6!1s0xd24a436226b9e23:0x3b04db69ef1308bb!8m2!3d41.1023191!4d-8.0097728!16s%2Fg%2F122df0f4!19sChIJI55rIjakJA0RuwgT72nbBDs?authuser=0&hl=fr&rclk=1
Mistik Sauna Club," R. de Câmara Pestana 445, 4350-089 Porto, Portugal",São João da Madeira+Portugal,Portugal,Centre thermal,Sauna,"4,3", +351 915 066 580,http://mistiksaunaclub.pt/,%20contacto@mistiksaunaclub.pt,,https://www.google.com/maps/place/Mistik+Sauna+Club/data=!4m7!3m6!1s0xd24648b4b9a58bb:0xaf0070c6cacd8504!8m2!3d41.1564015!4d-8.5938971!16s%2Fg%2F11b88xgh90!19sChIJu1iaS4tkJA0RBIXNysZwAK8?authuser=0&hl=fr&rclk=1
"BBeleza Lda – Estética Avançada, Micropigmentação e Formação"," Av. da Liberdade 864, 3700-164 São João da Madeira, Portugal",São João da Madeira+Portugal,Portugal,Thalassothérapie,Institut de beauté,"5,0", +351 935 934 495,https://book.bbeleza.eu/,service@bbeleza.eu,,"https://www.google.com/maps/place/BBeleza+Lda+%E2%80%93+Est%C3%A9tica+Avan%C3%A7ada,+Micropigmenta%C3%A7%C3%A3o+e+Forma%C3%A7%C3%A3o/data=!4m7!3m6!1s0xd237fa0e53630b5:0x5feee26892b639d0!8m2!3d40.8943788!4d-8.4837438!16s%2Fg%2F11z36fqvfw!19sChIJtTA25aB_Iw0R0Dm2kmji7l8?authuser=0&hl=fr&rclk=1"
SPASSOS," Av. Eng. Arantes e Oliveira 525, 3700-349 São João da Madeira, Portugal",São João da Madeira+Portugal,Portugal,Thalassothérapie,Spa,"5,0", +351 939 605 708,https://www.facebook.com/geralspassos,,,https://www.google.com/maps/place/SPASSOS/data=!4m7!3m6!1s0xd2381ee54525a21:0xa7af4adbf232d85b!8m2!3d40.8997037!4d-8.4979443!16s%2Fg%2F11cs1kz231!19sChIJIVpSVO6BIw0RW9gy8ttKr6c?authuser=0&hl=fr&rclk=1
DVD Group - Produtos de Cabelo Profissional," R. Dom Afonso Henriques 24, 3700-027 São João da Madeira, Portugal",São João da Madeira+Portugal,Portugal,Thalassothérapie,Fournisseur de produits de beauté,"4,1", +351 256 828 372,https://dvdgroup.pt/,contacto@dvdgroup.pt,https://www.linkedin.com/company/53267705,https://www.google.com/maps/place/DVD+Group+-+Produtos+de+Cabelo+Profissional/data=!4m7!3m6!1s0xd2381733bdcfa33:0x71749fec2973dd14!8m2!3d40.8910251!4d-8.5090319!16s%2Fg%2F11jn_p7_1w!19sChIJM_rcO3OBIw0RFN1zKeyfdHE?authuser=0&hl=fr&rclk=1
Essência do Oriente," R. Alão de Morais 93, 3700-021 São João da Madeira, Portugal",São João da Madeira+Portugal,Portugal,Thalassothérapie,Station thermale,"4,9", +351 928 025 164,,,,https://www.google.com/maps/place/Ess%C3%AAncia+do+Oriente/data=!4m7!3m6!1s0xd2381e447d190ef:0xe8fc0bbf6902cd67!8m2!3d40.9013993!4d-8.4916561!16s%2Fg%2F11fz1xjp5t!19sChIJ75DRR-SBIw0RZ80Cab8L_Og?authuser=0&hl=fr&rclk=1
Quinta dos Teixeiras," R. António José de Oliveira Júnior 918, São João da Madeira, Portugal",São João da Madeira+Portugal,Portugal,Thalassothérapie,Espace événementiel,"4,5", +351 914 323 642,https://grupolago.pt/,,,https://www.google.com/maps/place/Quinta+dos+Teixeiras/data=!4m7!3m6!1s0xd2381e7fc63b441:0xaa16998fac8609f2!8m2!3d40.907076!4d-8.494938!16s%2Fg%2F11cksfcwjx!19sChIJQbRj_OeBIw0R8gmGrI-ZFqo?authuser=0&hl=fr&rclk=1
Mayara Silva - Beleza e Bem estar," Praça Luis Ribeiro 23 piso 8, 3700-172 São João da Madeira, Portugal",São João da Madeira+Portugal,Portugal,Thalassothérapie,Bar à sourcils,"5,0",,https://www.instagram.com/maycarla.s?igsh=MWt4aDEyajRhejUxaw%3D%3D&utm_source=qr,,,https://www.google.com/maps/place/Mayara+Silva+-+Beleza+e+Bem+estar/data=!4m7!3m6!1s0xd2381da2de1e575:0xfded106ac2a9876c!8m2!3d40.898884!4d-8.4926958!16s%2Fg%2F11y271xbbl!19sChIJdeXhLdqBIw0RbIepwmoQ7f0?authuser=0&hl=fr&rclk=1
Mãos D'Ouro Terapias," R. Durbalino Laranjeira 23, 3700-172 São João da Madeira, Portugal",São João da Madeira+Portugal,Portugal,Thalassothérapie,Massothérapeute,"5,0", +351 928 046 129,,,,https://www.google.com/maps/place/M%C3%A3os+D%27Ouro+Terapias/data=!4m7!3m6!1s0xd238132163b7021:0x809d6619f6dad071!8m2!3d40.8979364!4d-8.4927709!16s%2Fg%2F11v18dw77m!19sChIJIXA7FjKBIw0RcdDa9hlmnYA?authuser=0&hl=fr&rclk=1
Jade SPA," R. Júlio Dinis 18, 3700-104 São João da Madeira, Portugal",São João da Madeira+Portugal,Portugal,Thalassothérapie,Centre d'acupuncture,"4,8", +351 918 929 207,https://www.jadespa.com.pt/,,,https://www.google.com/maps/place/Jade+SPA/data=!4m7!3m6!1s0xd2381e4b76de671:0xcea62fd6f0ee8d2b!8m2!3d40.8986762!4d-8.4910967!16s%2Fg%2F11gbl50qb8!19sChIJceZtt-SBIw0RK43u8NYvps4?authuser=0&hl=fr&rclk=1
4moments," Av. Dr. Adolfo Coutinho, 3700-024 São João da Madeira, Portugal",São João da Madeira+Portugal,Portugal,Thalassothérapie,Centre de bien-être,"5,0", +351 938 038 684,,,,https://www.google.com/maps/place/4moments/data=!4m7!3m6!1s0xd237ffdd51d2a2b:0x7848db7ea13c5b08!8m2!3d40.8901199!4d-8.481758!16s%2Fg%2F11j1spkkhg!19sChIJKyod1f1_Iw0RCFs8oX7bSHg?authuser=0&hl=fr&rclk=1
Gimnofisico," R. Visc. de São João da Madeira 2077, 3700-266 São João da Madeira, Portugal",São João da Madeira+Portugal,Portugal,Thalassothérapie,Salle de gym,"4,4", +351 256 829 065,http://www.gimnofisico.pt/,gimnofisico@gmail.com,,https://www.google.com/maps/place/Gimnofisico/data=!4m7!3m6!1s0xd2381fb7601ae77:0x4369dc5296889b10!8m2!3d40.8953049!4d-8.4907764!16s%2Fg%2F11c5bjl3ry!19sChIJd64BdvuBIw0REJuIllLcaUM?authuser=0&hl=fr&rclk=1
Hotel São Pedro," Avenida Reinaldo Noronha 24, 4540-105 Arouca, Portugal",Vale de Cambra+Portugal,Portugal,Hôtel avec spa,,"4,2", +351 256 944 580,http://www.hotelspedro.com/,info@hotelspedro.com,,https://www.google.com/maps/place/Hotel+S%C3%A3o+Pedro/data=!4m10!3m9!1s0xd2363c0bfc5aabd:0xa8e9a5c5ce9086be!5m2!4m1!1i2!8m2!3d40.929769!4d-8.241925!16s%2Fg%2F1tsyr1dw!19sChIJvarFv8BjIw0RvoaQzsWl6ag?authuser=0&hl=fr&rclk=1
Hotel Rural da Freita," 4540-013, Portugal",Vale de Cambra+Portugal,Portugal,Hôtel avec spa,,"4,7", +351 256 130 993,http://hotelruraldafreita.pt/,geral@hotelruraldafreita.pt,,https://www.google.com/maps/place/Hotel+Rural+da+Freita/data=!4m10!3m9!1s0xd2364e1bfa68753:0x6ced3dbe9ec872ec!5m2!4m1!1i2!8m2!3d40.864124!4d-8.282994!16s%2Fg%2F11f5ly90yc!19sChIJU4emv-FkIw0R7HLInr497Ww?authuser=0&hl=fr&rclk=1
Praia Fluvial Burgães," EM548 143, 3730-040 Vale de Cambra, Portugal",Vale de Cambra+Portugal,Portugal,Parc aquatique,,"4,3", +351 256 077 664,,,,https://www.google.com/maps/place/Praia+Fluvial+Burg%C3%A3es/data=!4m7!3m6!1s0xd237a18d1c6d97f:0x42813369a0113717!8m2!3d40.8329148!4d-8.3905597!16s%2Fg%2F11c1p58gzj!19sChIJf9nG0Rh6Iw0RFzcRoGkzgUI?authuser=0&hl=fr&rclk=1
Piscinas Municipais Descobertas de Vale de Cambra," Av. do Complexo Desportivo, Vale de Cambra, Portugal",Vale de Cambra+Portugal,Portugal,Parc aquatique,Piscine extérieure,"4,0",,,,,https://www.google.com/maps/place/Piscinas+Municipais+Descobertas+de+Vale+de+Cambra/data=!4m7!3m6!1s0xd2379000c0f0813:0xbfc0b509f51e474e!8m2!3d40.8401942!4d-8.3992899!16s%2Fg%2F11yfvt8b_0!19sChIJEwgPDAB5Iw0RTkce9Qm1wL8?authuser=0&hl=fr&rclk=1
Parque de Nossa Senhora da Ouvida," Rua Do Pinhal 133, Portugal",Vale de Cambra+Portugal,Portugal,Parc aquatique,Parc,"4,5",,https://aquapolis.com.pt/parque-da-n-sra-da-ouvida-em-viadal-cepelos-vale-de-cambra/,,,https://www.google.com/maps/place/Parque+de+Nossa+Senhora+da+Ouvida/data=!4m7!3m6!1s0xd237acb8466879f:0x385824e8bcd03667!8m2!3d40.8451554!4d-8.31199!16s%2Fg%2F119td08xg!19sChIJn4dmhMt6Iw0RZzbQvOgkWDg?authuser=0&hl=fr&rclk=1
Parque Urbano de Vale de Cambra," Av. Eng. Ilídio Pinho 100, Vale de Cambra, Portugal",Vale de Cambra+Portugal,Portugal,Parc aquatique,Parc,"4,4", +351 913 412 214,http://aquapolis.com.pt/parque-urbano-da-cidade-de-vale-de-cambra/,,,https://www.google.com/maps/place/Parque+Urbano+de+Vale+de+Cambra/data=!4m7!3m6!1s0xd23798085979545:0x4cfe11d113e6fd2a!8m2!3d40.8514509!4d-8.3983833!16s%2Fg%2F12lv1lbwh!19sChIJRZWXhYB5Iw0RKv3mE9ER_kw?authuser=0&hl=fr&rclk=1
CLINIPINHO," R. Dr. Domingos de Almeida Brandão n.32, 3730-251 Vale de Cambra, Portugal",Vale de Cambra+Portugal,Portugal,Thalassothérapie,Clinique,"5,0", +351 256 482 155,http://www.clinipinho.com/,geral@clinipinho.pt,,https://www.google.com/maps/place/CLINIPINHO/data=!4m7!3m6!1s0xd237bda26c75fe9:0xd3ae17367d1551da!8m2!3d40.8489217!4d-8.3957884!16s%2Fg%2F11j9cw65qd!19sChIJ6V_HJtp7Iw0R2lEVfTYXrtM?authuser=0&hl=fr&rclk=1
Solar das Laranjeiras," Estr. das Laranjeiras 1156, 3730-307 Vale de Cambra, Portugal",Vale de Cambra+Portugal,Portugal,Thalassothérapie,,"4,2", +351 917 428 262,http://www.solardaslaranjeiras.pt/,geral@solardaslaranjeiras.pt,,https://www.google.com/maps/place/Solar+das+Laranjeiras/data=!4m10!3m9!1s0xd237a37a847fc5f:0xc088ce575862f487!5m2!4m1!1i2!8m2!3d40.8477602!4d-8.3772105!16s%2Fg%2F1vtqxcl4!19sChIJX_xHqDd6Iw0Rh_RiWFfOiMA?authuser=0&hl=fr&rclk=1
Salinário - Cale do Oiro," Estr. da Ria, 3800-000 Aveiro, Portugal",Vale de Cambra+Portugal,Portugal,Thalassothérapie,Attraction touristique,"4,3", +351 915 661 480,http://www.caledooiro.com/,,,https://www.google.com/maps/place/Salin%C3%A1rio+-+Cale+do+Oiro/data=!4m7!3m6!1s0xd2397f744aa18bf:0x6afb045e2cb25783!8m2!3d40.6426848!4d-8.6630948!16s%2Fg%2F11c54b3fwh!19sChIJvxiqRPeXIw0Rg1eyLF4E-2o?authuser=0&hl=fr&rclk=1
Clínica Médica Privada De Vale De Cambra - Grupo CMP," Rua das Regadas 85, 3730-250 Vale de Cambra, Portugal",Vale de Cambra+Portugal,Portugal,Thalassothérapie,Clinique,"4,5", +351 256 410 960,https://cmp-valedecambra.com/,callcenter@centromedicodapraca.pt,,https://www.google.com/maps/place/Cl%C3%ADnica+M%C3%A9dica+Privada+De+Vale+De+Cambra+-+Grupo+CMP/data=!4m7!3m6!1s0xd237a2935e9008b:0x1336a249e0021beb!8m2!3d40.8489504!4d-8.3911835!16s%2Fg%2F1td43s6f!19sChIJiwDpNSl6Iw0R6xsC4EmiNhM?authuser=0&hl=fr&rclk=1
Harmonia Estética & Spa," Av. Vale do Caima 204 4°Bloco 1°Dir, 3730-202 Vale de Cambra, Portugal",Vale de Cambra+Portugal,Portugal,Thalassothérapie,Esthéticien,"5,0", +351 964 714 065,https://harmoniaspa.pt/,,,https://www.google.com/maps/place/Harmonia+Est%C3%A9tica+%26+Spa/data=!4m7!3m6!1s0xd23798a6977d76d:0x89201718d0d6496c!8m2!3d40.8377576!4d-8.3977513!16s%2Fg%2F11g9ggxlg5!19sChIJbdd3aYp5Iw0RbEnW0BgXIIk?authuser=0&hl=fr&rclk=1
Convento da Sertã Hotel," R. do Convento 12, 6100-597 Sertã, Portugal",Sardoal+Portugal,Portugal,Hôtel avec spa,,"4,7", +351 274 608 493,https://conventodasertahotel.pt/,,,https://www.google.com/maps/place/Convento+da+Sert%C3%A3+Hotel/data=!4m10!3m9!1s0xd22a237e1b58229:0xc651bba4f2069bd4!5m2!4m1!1i2!8m2!3d39.800966!4d-8.099909!16s%2Fg%2F1pp2x8dwf!19sChIJKYK14TeiIg0R1JsG8qS7UcY?authuser=0&hl=fr&rclk=1
BeHappy - Turismo de Habitação," Rua Engenheiro José da Costa 141, 2240-325 Ferreira do Zêzere, Portugal",Sardoal+Portugal,Portugal,Hôtel avec spa,,"5,0", +351 916 445 872,http://www.behappy.com.pt/,,,https://www.google.com/maps/place/BeHappy+-+Turismo+de+Habita%C3%A7%C3%A3o/data=!4m10!3m9!1s0xd1877b9fd8361e7:0x22fdf06bea6ca44!5m2!4m1!1i2!8m2!3d39.6646155!4d-8.2847554!16s%2Fg%2F11y4ljcxy_!19sChIJ52GD_bl3GA0RRMqmvgbfLwI?authuser=0&hl=fr&rclk=1
Quinta Do Ribeirinho," R. da Fonte 4, Vilar da Mó, 6040-034, Portugal",Sardoal+Portugal,Portugal,Hôtel avec spa,,"3,9", +351 241 555 010,https://www.quintadoribeirinho.com/pt,tiguimar@sapo.pt,,https://www.google.com/maps/place/Quinta+Do+Ribeirinho/data=!4m10!3m9!1s0xd18052cd746e331:0x709664b9046bdddc!5m2!4m1!1i2!8m2!3d39.5471586!4d-7.9237467!16s%2Fg%2F1tpbd7dd!19sChIJMeNG1ywFGA0R3N1rBLlklnA?authuser=0&hl=fr&rclk=1
Hotel dos Templários," Largo Cândido dos Reis 1, 2300-326 Tomar, Portugal",Sardoal+Portugal,Portugal,Hôtel avec spa,,"4,5", +351 249 310 100,http://www.hoteldostemplarios.com/,denuncia.int@hoteldostemplarios.pt,,https://www.google.com/maps/place/Hotel+dos+Templ%C3%A1rios/data=!4m10!3m9!1s0xd187ebc88087be1:0x2bcaf278f52433b8!5m2!4m1!1i2!8m2!3d39.607036!4d-8.413634!16s%2Fg%2F1tr7knfm!19sChIJ4XsIiLx-GA0RuDMk9Xjyyis?authuser=0&hl=fr&rclk=1
Sar Clínica," R. 5 de Outubro 53, 2230-121 Sardoal, Portugal",Sardoal+Portugal,Portugal,Thalassothérapie,Clinique,"5,0", +351 241 851 631,,,,https://www.google.com/maps/place/Sar+Cl%C3%ADnica/data=!4m7!3m6!1s0xd18729bddde07c9:0xf283fed3d51e158d!8m2!3d39.536583!4d-8.1616164!16s%2Fg%2F11snnqwvrp!19sChIJyQfe3ZtyGA0RjRUe1dP-g_I?authuser=0&hl=fr&rclk=1
"CLÍNICA MÉDICO-CIRÚRGICA DE SARDOAL, Lda"," Sardoal, Portugal",Sardoal+Portugal,Portugal,Thalassothérapie,Clinique,,,,,,"https://www.google.com/maps/place/CL%C3%8DNICA+M%C3%89DICO-CIR%C3%9ARGICA+DE+SARDOAL,+Lda/data=!4m7!3m6!1s0xd1873239bf237cf:0xb812ce2241d5cfb1!8m2!3d39.535398!4d-8.1597339!16s%2Fg%2F11h3thfnmb!19sChIJzzfymyNzGA0Rsc_VQSLOErg?authuser=0&hl=fr&rclk=1"
Herdade dos Delgados," Herdade dos Delgados, R de S. José, Mourão, Portugal",Mourão+Portugal,Portugal,Centre thermal,,"4,6", +351 266 247 900,http://herdadedosdelgados.pt/,reservas@herdadedosdelgados.pt,,https://www.google.com/maps/place/Herdade+dos+Delgados/data=!4m10!3m9!1s0xd10cbe2a553202b:0xd83de018fc2f3f2!5m2!4m1!1i2!8m2!3d38.3859375!4d-7.3579375!16s%2Fg%2F11flggjnq2!19sChIJKyBTpeLLEA0R8vPCjwHegw0?authuser=0&hl=fr&rclk=1
Beach Club Mourão," Praia Fluvial de, 7240-223 Mourão, Portugal",Mourão+Portugal,Portugal,Centre thermal,Snack,"4,0", +351 266 012 792,https://praiasfluviais.pt/praia?id=praia-fluvial-de-mourao,,,https://www.google.com/maps/place/Beach+Club+Mour%C3%A3o/data=!4m7!3m6!1s0xd10cbd3e1f5826b:0xd903308510be941e!8m2!3d38.3679456!4d-7.353751!16s%2Fg%2F11t53gx05r!19sChIJa4L14dPLEA0RHpS-EIUwA9k?authuser=0&hl=fr&rclk=1
Praia Fluvial de Mourão," Mourão, Portugal",Mourão+Portugal,Portugal,Centre thermal,,"4,5",,,,,https://www.google.com/maps/place/Praia+Fluvial+de+Mour%C3%A3o/data=!4m7!3m6!1s0xd10cb85b6dd2ccf:0xcb9ebb947e523e4c!8m2!3d38.367429!4d-7.3554256!16s%2Fg%2F11dfpkxt55!19sChIJzyzdtoXLEA0RTD5SfpS7nss?authuser=0&hl=fr&rclk=1
Castelo de Mourão," Mourão, Portugal",Mourão+Portugal,Portugal,Centre thermal,Château,"4,0", +351 266 560 010,https://www.visitmourao.pt/504/castelo-de-mourao,,,https://www.google.com/maps/place/Castelo+de+Mour%C3%A3o/data=!4m7!3m6!1s0xd10cc814623283f:0x752336223fb5cc68!8m2!3d38.3850202!4d-7.3467608!16s%2Fm%2F0h64r5z!19sChIJPygjRoHMEA0RaMy1PyI2I3U?authuser=0&hl=fr&rclk=1
Hotel d'Alcoutim," Av. de Espanha s/n, 8970-052 Alcoutim, Portugal",Alcoutim+Portugal,Portugal,Centre thermal,,"4,4", +351 281 546 324,https://www.hoteldalcoutim.com/,,,https://www.google.com/maps/place/Hotel+d%27Alcoutim/data=!4m10!3m9!1s0xd106a30056a6439:0xdf374e1107b92d29!5m2!4m1!1i2!8m2!3d37.4764523!4d-7.4711692!16s%2Fg%2F11dxr_bdq7!19sChIJOWRqBTBqEA0RKS25BxFON98?authuser=0&hl=fr&rclk=1
Hotel Do Parque - Health Club & Spa," Termas de S. Pedro do Sul, Rua do Serrado, 3660-692 Várzea, Portugal",Oliveira de Frades+Portugal,Portugal,Hôtel avec spa,,"4,1", +351 232 723 461,http://hoteldoparque.pt/,,,https://www.google.com/maps/place/Hotel+Do+Parque+-+Health+Club+%26+Spa/data=!4m10!3m9!1s0xd23419ee6848b73:0x3eb4935189cccf4b!5m2!4m1!1i2!8m2!3d40.738354!4d-8.093953!16s%2Fg%2F1tdfjzcq!19sChIJc4uE5p5BIw0RS8_MiVGTtD4?authuser=0&hl=fr&rclk=1
Palace Hotel & Spa Monte Rio," Cruzamento com a variante - Várzea, Estr. da Lameira, 3660-692 São Pedro do Sul, Portugal",Oliveira de Frades+Portugal,Portugal,Hôtel avec spa,,"3,6", +351 232 720 040,http://www.hotelmonterio.com.pt/,,,https://www.google.com/maps/place/Palace+Hotel+%26+Spa+Monte+Rio/data=!4m10!3m9!1s0xd234173f0837a8f:0x1e6e9beb1c61f5fa!5m2!4m1!1i2!8m2!3d40.740466!4d-8.084238!16s%2Fg%2F1ttq3cq5!19sChIJj3qD8HNBIw0R-vVhHOubbh4?authuser=0&hl=fr&rclk=1
Museu Municipal de Oliveira De Frades," Praça Luís Bandeira 18, 3680-139 Oliveira de Frades, Portugal",Oliveira de Frades+Portugal,Portugal,Centre thermal,Musée,"4,2", +351 232 763 789,,,,https://www.google.com/maps/place/Museu+Municipal+de+Oliveira+De+Frades/data=!4m7!3m6!1s0xd236a34de61999b:0x6c652c95e322b3d5!8m2!3d40.7323394!4d-8.1763598!16s%2Fg%2F11cs2g_6kc!19sChIJm5lh3jRqIw0R1bMi45UsZWw?authuser=0&hl=fr&rclk=1
Health Center," Largo Feira 40, Oliveira de Frades, Portugal",Oliveira de Frades+Portugal,Portugal,Centre thermal,Centre de santé communautaire,"2,3", +351 232 760 400,https://www.centrosaude.pt/viseu/centro-de-saude-de-oliveira-de-frades-usf-lafoes,,https://www.linkedin.com/company/sns24lx,https://www.google.com/maps/place/Health+Center/data=!4m7!3m6!1s0xd236a4a408f1d65:0x2f555bd3aec57cd3!8m2!3d40.7284032!4d-8.1732776!16s%2Fg%2F11g8798tw6!19sChIJZR2PQEpqIw0R03zFrtNbVS8?authuser=0&hl=fr&rclk=1
Zona de Fruição Ribeirinha de Sejães," 3680, Sejães, Portugal",Oliveira de Frades+Portugal,Portugal,Centre thermal,Piscine extérieure,"4,4", +351 232 760 303,,,,https://www.google.com/maps/place/Zona+de+Frui%C3%A7%C3%A3o+Ribeirinha+de+Sej%C3%A3es/data=!4m7!3m6!1s0xd236b66f878d6e3:0xc325e11e1ccd12ba!8m2!3d40.7432634!4d-8.2040533!16s%2Fg%2F11k0rn7k68!19sChIJ49Z4-GZrIw0RuhLNHB7hJcM?authuser=0&hl=fr&rclk=1
Parque Urbano de Oliveira de Frades," 3680-115 Oliveira de Frades, Portugal",Oliveira de Frades+Portugal,Portugal,Parc aquatique,Parc,"4,6",,,,,https://www.google.com/maps/place/Parque+Urbano+de+Oliveira+de+Frades/data=!4m7!3m6!1s0xd236bc574f9bd15:0xad52eeb04af24553!8m2!3d40.7294293!4d-8.1748727!16s%2Fg%2F11rcv0p66b!19sChIJFb35dMVrIw0RU0XySrDuUq0?authuser=0&hl=fr&rclk=1
AquaParque," R. D.ª Maria II 5, 3680 Oliveira de Frades, Portugal",Oliveira de Frades+Portugal,Portugal,Parc aquatique,Café,"3,9", +351 912 711 177,https://www.instagram.com/aqua_parque/,,,https://www.google.com/maps/place/AquaParque/data=!4m7!3m6!1s0xd236bfd5dfaf9cf:0x7c4ce97fb25c0185!8m2!3d40.7297922!4d-8.1742878!16s%2Fg%2F11kpk6lf6w!19sChIJz_n6Xf1rIw0RhQFcsn_pTHw?authuser=0&hl=fr&rclk=1
"Diagonal Apetecível, Lda"," Av. Dr. Arménio Maia 18, 3680-115 Oliveira de Frades, Portugal",Oliveira de Frades+Portugal,Portugal,Spa / bien-être,Magasin d'alimentation naturelle,"4,6", +351 966 084 980,http://www.diagonalsaude.pt/,donate@opencart.com,,"https://www.google.com/maps/place/Diagonal+Apetec%C3%ADvel,+Lda/data=!4m7!3m6!1s0xd236b28ffc091d5:0xc2e4df0530549d55!8m2!3d40.7309064!4d-8.1753474!16s%2Fg%2F11g1drgy6v!19sChIJ1ZHA_yhrIw0RVZ1UMAXf5MI?authuser=0&hl=fr&rclk=1"
Clinica Restart," R. Sra. dos Milagres 26, 3680-115 Oliveira de Frades, Portugal",Oliveira de Frades+Portugal,Portugal,Spa / bien-être,Massothérapeute,"5,0", +351 932 214 506,,,,https://www.google.com/maps/place/Clinica+Restart/data=!4m7!3m6!1s0xd236b3023995d91:0x808ba5a797cb96b0!8m2!3d40.7259023!4d-8.1751401!16s%2Fg%2F11y6m25_4r!19sChIJkV2ZIzBrIw0RsJbLl6eli4A?authuser=0&hl=fr&rclk=1
Sexto Sentido Estética," Av. Dr. Arménio Maia 82, 3680-115 Oliveira de Frades, Portugal",Oliveira de Frades+Portugal,Portugal,Spa / bien-être,Esthéticien,"5,0", +351 968 757 484,https://m.facebook.com/sextosentido.estetica,,,https://www.google.com/maps/place/Sexto+Sentido+Est%C3%A9tica/data=!4m7!3m6!1s0xd236b2eed302d67:0x1c9687d2b42f4dfd!8m2!3d40.7290815!4d-8.1755806!16s%2Fg%2F11fstgqfk7!19sChIJZy0w7S5rIw0R_U0vtNKHlhw?authuser=0&hl=fr&rclk=1
Mandalay Spa - Royal Óbidos," Cabeço da Serra Royal Óbidos Spa & Golf Resort, 2510-665 Leiria, Portugal",Oliveira de Frades+Portugal,Portugal,Spa / bien-être,Spa,"4,8", +351 262 240 244,https://www.mandalay-spa.com/mandalay-spa-royal-obidos,royal.obidos@mandalay-spa.com,,https://www.google.com/maps/place/Mandalay+Spa+-+Royal+%C3%93bidos/data=!4m7!3m6!1s0xd1f4d758533cfc9:0x31f9206445990975!8m2!3d39.4047122!4d-9.2410552!16s%2Fg%2F11h4xfq5lq!19sChIJyc8zhXVNHw0RdQmZRWQg-TE?authuser=0&hl=fr&rclk=1
Clínica Médica Lafões Saúde," Av. Dr. Arménio Maia Fração A - Lote 2 - Esq, 3680-115 Oliveira de Frades, Portugal",Oliveira de Frades+Portugal,Portugal,Spa / bien-être,Dentiste,"4,7", +351 969 448 411,http://www.lafoessaude.com/,,,https://www.google.com/maps/place/Cl%C3%ADnica+M%C3%A9dica+Laf%C3%B5es+Sa%C3%BAde/data=!4m7!3m6!1s0xd236bc7ffb2c767:0xef7a96bdf97f0fd8!8m2!3d40.7267417!4d-8.175559!16s%2Fg%2F11h7td6lk7!19sChIJZ8ey_8drIw0R2A9_-b2Weu8?authuser=0&hl=fr&rclk=1
Vale do Éden - Natura & Spa," nº 11, Rua do Fundo do Lugar, Portugal",Oliveira de Frades+Portugal,Portugal,Spa / bien-être,,"5,0",,,,,https://www.google.com/maps/place/Vale+do+%C3%89den+-+Natura+%26+Spa/data=!4m10!3m9!1s0xd236f007bae733d:0x62c0a5fa1f9c93bb!5m2!4m1!1i2!8m2!3d40.7554947!4d-8.2663447!16s%2Fg%2F11wj0dxf60!19sChIJPXOuewBvIw0Ru5OcH_qlwGI?authuser=0&hl=fr&rclk=1
"Person'S Fite , Unipessoal Lda"," Av. Dr. Arménio Maia 26, 3680-115 Oliveira de Frades, Portugal",Oliveira de Frades+Portugal,Portugal,Spa / bien-être,Institut de beauté,"4,0", +351 232 763 104,,,,"https://www.google.com/maps/place/Person%27S+Fite+,+Unipessoal+Lda/data=!4m7!3m6!1s0xd236a3571e68db5:0x14de2136889a1977!8m2!3d40.7305132!4d-8.1754844!16s%2Fg%2F11bbrpnj6s!19sChIJtY3mcTVqIw0RdxmaiDYh3hQ?authuser=0&hl=fr&rclk=1"
Igreja Matriz de Vila Nova de Foz Côa," Praça do Município 16, 5150-549 Vila Nova de Foz Côa, Portugal",Vila Nova de Foz Côa+Portugal,Portugal,Centre thermal,Église catholique,"4,5", +351 279 762 326,http://www.cm-fozcoa.pt/,,,https://www.google.com/maps/place/Igreja+Matriz+de+Vila+Nova+de+Foz+C%C3%B4a/data=!4m7!3m6!1s0xd3b7e4b2e8f2685:0x55bbd511f9ade818!8m2!3d41.0830467!4d-7.1365254!16s%2Fg%2F11f11nqqv3!19sChIJhSaPLkt-Ow0RGOit-RHVu1U?authuser=0&hl=fr&rclk=1
Sites d'art rupestre préhistorique de la vallée de Côa," 3VJQ+7X, R. do Museu, 5150-610 Vila Nova de Foz Côa, Portugal",Vila Nova de Foz Côa+Portugal,Portugal,Centre thermal,Réserve naturelle,"4,6", +351 279 768 260,http://www.arte-coa.pt/index.php?Language=pt&Page=Gestao&SubPage=Fundacao,museugeral@arte-coa.pt,,https://www.google.com/maps/place/Sites+d%27art+rupestre+pr%C3%A9historique+de+la+vall%C3%A9e+de+C%C3%B4a/data=!4m7!3m6!1s0xd3c8042fb86a9df:0xf8f4c5dfb8507785!8m2!3d41.0799911!4d-7.1117817!16s%2Fm%2F02x26cp!19sChIJ36mG-0KAPA0RhXdQuN_F9Pg?authuser=0&hl=fr&rclk=1
Vila Foz Hotel & Spa," Av. de Montevideu 236, 4150-516 Porto, Portugal",Vila Nova de Foz Côa+Portugal,Portugal,Thalassothérapie,,"4,6", +351 22 244 9700,http://www.vilafozhotel.pt/,vilafoz@vilafozhotel.pt,https://www.linkedin.com/company/vila-foz-hotel-spa,https://www.google.com/maps/place/Vila+Foz+Hotel+%26+Spa/data=!4m10!3m9!1s0xd246f0d00d7bda3:0x894447a9aead7e7a!5m2!4m1!1i2!8m2!3d41.1614435!4d-8.6845161!16s%2Fg%2F11fhqlyhnp!19sChIJo73XAA1vJA0Ren6trqlHRIk?authuser=0&hl=fr&rclk=1
Challet Fonte Nova," R. da Fonte Nova 8, 2460-046 Alcobaça, Portugal",Alcobaça+Portugal,Portugal,Hôtel avec spa,,"4,8", +351 262 598 300,http://challetfontenova.pt/,mail@challetfontenova.pt,,https://www.google.com/maps/place/Challet+Fonte+Nova/data=!4m10!3m9!1s0xd18a5d95d8e83fb:0x7eac5972303d756a!5m2!4m1!1i2!8m2!3d39.5472532!4d-8.9839497!16s%2Fg%2F1thsbm9f!19sChIJ-4OOXdmlGA0RanU9MHJZrH4?authuser=0&hl=fr&rclk=1
"Real Abadia, Congress & Spa Hotel"," R. da Escola, 2460-479 Alcobaça, Portugal",Alcobaça+Portugal,Portugal,Hôtel avec spa,,"4,3", +351 262 580 370,https://www.realabadiahotel.pt/,real_abadia_card_pt@2x.png,https://www.linkedin.com/company/real-abadia-congress-spa-hotel,"https://www.google.com/maps/place/Real+Abadia,+Congress+%26+Spa+Hotel/data=!4m10!3m9!1s0xd18a4368c097d6f:0x4c166b306e01ad19!5m2!4m1!1i2!8m2!3d39.53548!4d-8.962079!16s%2Fg%2F12hkqyt9r!19sChIJb30JjDakGA0RGa0BbjBrFkw?authuser=0&hl=fr&rclk=1"
Your Hotel & Spa Alcobaça," R. Manuel Rodrigues Serrazina, 2460-743 Vestiaria, Portugal",Alcobaça+Portugal,Portugal,Hôtel avec spa,,"4,4", +351 262 505 370,http://www.yourhotelspa.com/,reservas@yourhotelspa.com,,https://www.google.com/maps/place/Your+Hotel+%26+Spa+Alcoba%C3%A7a/data=!4m10!3m9!1s0xd18a66b59db673d:0x6959c8f529bc094f!5m2!4m1!1i2!8m2!3d39.5693086!4d-9.0023075!16s%2Fg%2F1hc4y6cq5!19sChIJPWfbWWumGA0RTwm8KfXIWWk?authuser=0&hl=fr&rclk=1
Your Hotel & Spa Alcobaça," R. Manuel Rodrigues Serrazina, 2460-743 Vestiaria, Portugal",Alcobaça+Portugal,Portugal,Hôtel avec spa,,"4,4", +351 262 505 370,http://www.yourhotelspa.com/,reservas@yourhotelspa.com,,https://www.google.com/maps/place/Your+Hotel+%26+Spa+Alcoba%C3%A7a/data=!4m10!3m9!1s0xd18a61818ee7db7:0x6959c8f529bc094f!5m2!4m1!1i2!8m2!3d39.569309!4d-9.002307!16s%2Fg%2F1hc4y6cq5!19sChIJt33uGBimGA0RTwm8KfXIWWk?authuser=0&hl=fr&rclk=1
Montebelo Mosteiro de Alcobaça Historic Hotel," R. Silvério Raposo 2, 2460-075 Alcobaça, Portugal",Alcobaça+Portugal,Portugal,Hôtel avec spa,,"4,7", +351 262 243 310,https://montebelohotels.com/montebelo-mosteiro-de-alcobaca-historic-hotel/pt/home,montebeloalcobaca@montebelohotels.com,https://www.linkedin.com/company/montebelo-hotels-,https://www.google.com/maps/place/Montebelo+Mosteiro+de+Alcoba%C3%A7a+Historic+Hotel/data=!4m10!3m9!1s0xd18a59c8d28b9d9:0x33b17362ccbd8992!5m2!4m1!1i2!8m2!3d39.5484659!4d-8.9774748!16s%2Fg%2F11tdqvzwv5!19sChIJ2bkojZylGA0Rkom9zGJzsTM?authuser=0&hl=fr&rclk=1
L’Escale au Portugal : Gîte B&B Spa : Location vacances dans villa ou chambres d'hôtes avec spa sauna proche Nazaré Portugal," R. das Covas N° 38, Ataija de Baixo, 2460-712, Portugal",Alcobaça+Portugal,Portugal,Hôtel avec spa,,"5,0", +351 914 008 971,https://lescaleauportugal.com/,lescaleauportugal@gmail.com,,https://www.google.com/maps/place/L%E2%80%99Escale+au+Portugal+:+G%C3%AEte+B%26B+Spa+:+Location+vacances+dans+villa+ou+chambres+d%27h%C3%B4tes+avec+spa+sauna+proche+Nazar%C3%A9+Portugal/data=!4m10!3m9!1s0xd18a3e3831023c3:0x276213942df46ed5!5m2!4m1!1i2!8m2!3d39.5424478!4d-8.9142671!16s%2Fg%2F11fjtpq9k5!19sChIJwyMQg-OjGA0R1W70LZQTYic?authuser=0&hl=fr&rclk=1
Vale d’Azenha Hotel & Residences," R. da Barrada 39, 2460-342 Alcobaça, Portugal",Alcobaça+Portugal,Portugal,Hôtel avec spa,,"4,6", +351 262 001 340,https://www.hotelvaledazenha.com/?utm_medium=organic&utm_source=google&utm_campaign=google-my-business&utm_term=google-local,booking@maarlab.com,,https://www.google.com/maps/place/Vale+d%E2%80%99Azenha+Hotel+%26+Residences/data=!4m10!3m9!1s0xd18af34c4b0e6cf:0x13cd085dfec7cc94!5m2!4m1!1i2!8m2!3d39.5462319!4d-9.0387181!16s%2Fg%2F11bysjytkb!19sChIJz-awxDSvGA0RlMzH_l0IzRM?authuser=0&hl=fr&rclk=1
Termas da Piedade," R. Manuel Rodrigues Serrazina S/N, Fervença, 2460-743 Alcobaça, Portugal",Alcobaça+Portugal,Portugal,Centre thermal,Station thermale,"4,4", +351 262 505 376,http://www.yourhotelspa.com/termalismo,beyondspa@yourhotelspa.com,,https://www.google.com/maps/place/Termas+da+Piedade/data=!4m7!3m6!1s0xd18a617e1a94ab5:0x3d0c1dc97cfe5c68!8m2!3d39.5693175!4d-9.0025622!16s%2Fg%2F11bbrpk19r!19sChIJtUqp4RemGA0RaFz-fMkdDD0?authuser=0&hl=fr&rclk=1
Alcobaça Swimming Club," R. Judite Neves Vasco, Alcobaça, Portugal",Alcobaça+Portugal,Portugal,Parc aquatique,Piscine,"4,0", +351 262 596 445,http://www.natacaoalcobaca.com/,comercialembalsantos@gmail.com,,https://www.google.com/maps/place/Alcoba%C3%A7a+Swimming+Club/data=!4m7!3m6!1s0xd18a67893e793b7:0xd3b5f2e8e9348871!8m2!3d39.5540696!4d-8.9752385!16s%2Fg%2F1tcz9l6j!19sChIJt5Pnk3imGA0RcYg06ejytdM?authuser=0&hl=fr&rclk=1
Piscina Municipal de Alcobaça," R. Judite Neves Vasco, 2460-053 Alcobaça, Portugal",Alcobaça+Portugal,Portugal,Parc aquatique,Piscine couverte,"3,9", +351 262 596 445,,,,https://www.google.com/maps/place/Piscina+Municipal+de+Alcoba%C3%A7a/data=!4m7!3m6!1s0xd18a7fc331b65db:0xde9a297223caa671!8m2!3d39.5541131!4d-8.9751631!16s%2Fg%2F11gy6shgjk!19sChIJ22UbM_ynGA0RcabKI3Ipmt4?authuser=0&hl=fr&rclk=1
Termas de Amarante," 4600-758 Amarante, Portugal",Madalena+Portugal,Portugal,Centre thermal,Thermes,"4,3", +351 914 371 333,https://www.cm-amarante.pt/pt/termas-de-amarante,termasdeamarante@cm-amarante.pt,https://www.linkedin.com/company/munic,https://www.google.com/maps/place/Termas+de+Amarante/data=!4m7!3m6!1s0xd24bf3c4466990d:0xfa5899df2ba1aeb2!8m2!3d41.2714705!4d-8.0746018!16s%2Fg%2F11h7rq3jbj!19sChIJDZlmRDy_JA0Rsq6hK9-ZWPo?authuser=0&hl=fr&rclk=1
Hotel Caravelas," Rua Conselheiro Terra Pinheiro 3, Carmo, 9950-329 Madalena, Portugal",Madalena+Portugal,Portugal,Centre thermal,,"4,0", +351 292 628 550,http://www.oceanohoteis.com/,central.reservas@hotelsaojorge.pt,,https://www.google.com/maps/place/Hotel+Caravelas/data=!4m10!3m9!1s0xb478dabe8b0399f:0xfc8118105f973f48!5m2!4m1!1i2!8m2!3d38.5357871!4d-28.5284634!16s%2Fg%2F1tt1tycc!19sChIJnzmw6KuNRwsRSD-XXxAYgfw?authuser=0&hl=fr&rclk=1
Piscina Municipal da Madalena," Areia Funda, Madalena, Portugal",Madalena+Portugal,Portugal,Parc aquatique,Piscine extérieure,"4,6", +351 964 007 009,,,,https://www.google.com/maps/place/Piscina+Municipal+da+Madalena/data=!4m7!3m6!1s0xb478c54bc695707:0xed97de08609c3131!8m2!3d38.533775!4d-28.5342691!16s%2Fg%2F11c2qq0g7m!19sChIJB1dpvFSMRwsRMTGcYAjel-0?authuser=0&hl=fr&rclk=1
AL-NovaVista," Rua Nova 12, 9950-230 Criação Velha, Portugal",Madalena+Portugal,Portugal,Thalassothérapie,,"4,0", +351 966 232 972,,,,https://www.google.com/maps/place/AL-NovaVista/data=!4m10!3m9!1s0xb478dd140bd0d03:0x54bde38f57df969c!5m2!4m1!1i2!8m2!3d38.5072135!4d-28.5260944!16s%2Fg%2F12vrtc5h2!19sChIJAw29QNGNRwsRnJbfV4_jvVQ?authuser=0&hl=fr&rclk=1
Pico Terramar Restaurante Bistro," R. Dr. Manuel de Arriaga, Areia Larga, 9950-302 Madalena, Portugal",Madalena+Portugal,Portugal,Thalassothérapie,,"4,6", +351 292 242 591,https://www.picoterramar.com/,,,https://www.google.com/maps/place/Pico+Terramar+Restaurante+Bistro/data=!4m10!3m9!1s0xb478d20193a683d:0xed13f48ffe145671!5m2!4m1!1i2!8m2!3d38.5271458!4d-28.535279!16s%2Fg%2F11vq486g79!19sChIJPWg6GSCNRwsRcVYU_o_0E-0?authuser=0&hl=fr&rclk=1
Madalena by The Beautique Hotels," R. da Madalena 271, 1100-320 Lisboa, Portugal",Madalena+Portugal,Portugal,Thalassothérapie,,"4,5", +351 927 204 146,https://www.thebeautiquehotels.com/pt/madalena/,reservations@thebeautiquehotels.com,,https://www.google.com/maps/place/Madalena+by+The+Beautique+Hotels/data=!4m10!3m9!1s0xd19347870b829fb:0x2986e61ca8e251f2!5m2!4m1!1i2!8m2!3d38.7131948!4d-9.1365509!16s%2Fg%2F11fr6sjclj!19sChIJ-ym4cHg0GQ0R8lHiqBzmhik?authuser=0&hl=fr&rclk=1
Hotel do Cartaxo," Cartaxo, Portugal",Cartaxo+Portugal,Portugal,Hôtel avec spa,,,,,,,https://www.google.com/maps/place/Hotel+do+Cartaxo/data=!4m7!3m6!1s0xd18e90012e15d65:0xffef46c5642db98b!8m2!3d39.1703836!4d-8.7947194!16s%2Fg%2F11yn42xx5g!19sChIJZV3hEgDpGA0Ri7ktZMVG7_8?authuser=0&hl=fr&rclk=1
Benavente Vila Hotel," Praça da República 39-40, 2130-037 Benavente, Portugal",Cartaxo+Portugal,Portugal,Hôtel avec spa,,"4,1", +351 263 518 210,http://www.benaventevilahotel.pt/,reservas@benaventevilahotel.pt,https://www.linkedin.com/company/52082871,https://www.google.com/maps/place/Benavente+Vila+Hotel/data=!4m10!3m9!1s0xd191fdea414c345:0x42b2d41e72476f93!5m2!4m1!1i2!8m2!3d38.982922!4d-8.809676!16s%2Fg%2F1tmqsmvy!19sChIJRcMUpN4fGQ0Rk29Hch7UskI?authuser=0&hl=fr&rclk=1
Casa do Alfaro," Quinta do Alfaro Norte Estrada do Alfaro, 2050-361 Azambuja, Portugal",Cartaxo+Portugal,Portugal,Hôtel avec spa,,"4,6", +351 926 875 665,http://casadoalfaro.com/,geral@casadoalfaro.com,,https://www.google.com/maps/place/Casa+do+Alfaro/data=!4m10!3m9!1s0xd18dc6433efc87f:0x12c7b15fa80d6086!5m2!4m1!1i2!8m2!3d39.096757!4d-8.908965!16s%2Fg%2F11c1xg39ql!19sChIJf8jvM2TcGA0RhmANqF-xxxI?authuser=0&hl=fr&rclk=1
D'Vine Country House," R. Nova da Rosa 10, 2070-737 Vale da Pedra, Portugal",Cartaxo+Portugal,Portugal,Hôtel avec spa,,"4,8", +351 917 338 997,http://www.dvine.pt/,geral@dvine.pt,https://www.linkedin.com/company/d-vine-refiling-sensations,https://www.google.com/maps/place/D%27Vine+Country+House/data=!4m10!3m9!1s0xd18e792d128bf85:0x747b7d8346a3c50a!5m2!4m1!1i2!8m2!3d39.1168388!4d-8.806509!16s%2Fg%2F11gh_ktdc2!19sChIJhb8o0ZLnGA0RCsWjRoN9e3Q?authuser=0&hl=fr&rclk=1
Casa das Peles," Complexo Casa das Peles Alto do Gaio, N3, 2070-211 Cartaxo, Portugal",Cartaxo+Portugal,Portugal,Centre thermal,Magasin de vêtements,"4,5", +351 243 770 977,https://www.casadaspeles.pt/,ecommerce@casadaspeles.pt,,https://www.google.com/maps/place/Casa+das+Peles/data=!4m7!3m6!1s0xd18e7c590df3f91:0x41c041d468ffcac7!8m2!3d39.1399548!4d-8.803884!16s%2Fg%2F1td_jj33!19sChIJkT_fkMXnGA0Rx8r_aNRBwEE?authuser=0&hl=fr&rclk=1
Piscinas Municipais do Cartaxo Exteriores," Complexo Desportivo e Cultural Quinta das Pratas, 2070-158 Cartaxo, Portugal",Cartaxo+Portugal,Portugal,Parc aquatique,Piscine municipale,"3,9", +351 243 701 258,https://www.cm-cartaxo.pt/servicos-municipais/desporto/equipamentos-desportivos/piscinas-municipais,correio@cm-cartaxo.pt,,https://www.google.com/maps/place/Piscinas+Municipais+do+Cartaxo+Exteriores/data=!4m7!3m6!1s0xd18e90044ccf9dd:0x11dd0633c108e53d!8m2!3d39.1697024!4d-8.7970759!16s%2Fg%2F11y6j4wlts!19sChIJ3fnMRADpGA0RPeUIwTMG3RE?authuser=0&hl=fr&rclk=1
Hosteo-Saúde," R. Manuel Correia Ramalho 8 Lj rc drt, 2070-095 Cartaxo, Portugal",Cartaxo+Portugal,Portugal,Thalassothérapie,Praticien de médecine alternative,"5,0", +351 963 008 520,,,,https://www.google.com/maps/place/Hosteo-Sa%C3%BAde/data=!4m7!3m6!1s0xd18e9b6774d353b:0x4c6de869e39a7e9c!8m2!3d39.1594625!4d-8.7919599!16s%2Fg%2F11kjl_mtz3!19sChIJOzVNd7bpGA0RnH6a42nobUw?authuser=0&hl=fr&rclk=1
GreatCare," Rua Batalhoz 13, 2070-067 Cartaxo, Portugal",Cartaxo+Portugal,Portugal,Thalassothérapie,Cabinet dentaire,"3,9", +351 243 702 976,https://www.clinicagreatcare.pt/,,,https://www.google.com/maps/place/GreatCare/data=!4m7!3m6!1s0xd2399200431cf25:0xc9d64cda79c339dd!8m2!3d39.1615815!4d-8.7887551!16s%2Fg%2F11b5wqrfx5!19sChIJJc8xBCCZIw0R3TnDedpM1sk?authuser=0&hl=fr&rclk=1
Dom Gonçalo Hotel & Spa Fatima," R. Jacinta Marto 100, 2495-450 Fátima, Portugal",Constância+Portugal,Portugal,Hôtel avec spa,,"4,4", +351 249 539 330,http://www.hoteldg.com/,reserve@hoteldg.com,https://www.linkedin.com/company/hoteldomgoncalo,https://www.google.com/maps/place/Dom+Gon%C3%A7alo+Hotel+%26+Spa+Fatima/data=!4m10!3m9!1s0xd189d1566d3f88b:0x405636df026b5a88!5m2!4m1!1i2!8m2!3d39.634473!4d-8.682427!16s%2Fg%2F1vg6v_c6!19sChIJi_jTZhWdGA0RiFprAt82VkA?authuser=0&hl=fr&rclk=1
Hotel dos Templários," Largo Cândido dos Reis 1, 2300-326 Tomar, Portugal",Constância+Portugal,Portugal,Hôtel avec spa,,"4,5", +351 249 310 100,http://www.hoteldostemplarios.com/,denuncia.int@hoteldostemplarios.pt,,https://www.google.com/maps/place/Hotel+dos+Templ%C3%A1rios/data=!4m10!3m9!1s0xd187eac20657be1:0x2bcaf278f52433b8!5m2!4m1!1i2!8m2!3d39.607036!4d-8.4136342!16s%2Fg%2F1tr7knfm!19sChIJ4XtlIKx-GA0RuDMk9Xjyyis?authuser=0&hl=fr&rclk=1
Estalagem Santa Iria," Park ""Mouchão"", 2300-586 Tomar, Portugal",Constância+Portugal,Portugal,Hôtel avec spa,,"4,5", +351 910 352 620,https://estalagemsantairia.pt/,info@estalagemsantairia.pt,,https://www.google.com/maps/place/Estalagem+Santa+Iria/data=!4m10!3m9!1s0xd187ea6b1b3815d:0xc6d222911e9f0051!5m2!4m1!1i2!8m2!3d39.6060992!4d-8.4132247!16s%2Fg%2F1tcz9l61!19sChIJXYGzsaZ-GA0RUQCfHpEi0sY?authuser=0&hl=fr&rclk=1
Vila Galé Collection Tomar," R. Santa Iria 8, 2300-473 Tomar, Portugal",Constância+Portugal,Portugal,Hôtel avec spa,,"4,7", +351 249 249 820,https://www.vilagale.com/pt-pt/hoteis-portugal/hoteis-centro/vila-gale-collection-tomar/,tomar@vilagale.com,https://www.linkedin.com/company/vila-gale-s-a-,https://www.google.com/maps/place/Vila+Gal%C3%A9+Collection+Tomar/data=!4m10!3m9!1s0xd187ea50d641f23:0x985435fda093176f!5m2!4m1!1i2!8m2!3d39.6044736!4d-8.410066!16s%2Fg%2F11v15hwx2q!19sChIJIx9kDaV-GA0RbxeToP01VJg?authuser=0&hl=fr&rclk=1
Praia de Constância," FMF5+RFW, Constância, Portugal",Constância+Portugal,Portugal,Centre thermal,,"4,5",,http://cm-constancia.pt/index.php/pt/visitar/praia,,,https://www.google.com/maps/place/Praia+de+Const%C3%A2ncia/data=!4m7!3m6!1s0xd1865a7f8a0f773:0xea902c20fc918859!8m2!3d39.4746125!4d-8.3412969!16s%2Fg%2F11cs37gk2c!19sChIJc_eg-KdlGA0RWYiR_CAskOo?authuser=0&hl=fr&rclk=1
Centro Ciência Viva de Constância," Alto de Santa Bárbara, Via Galileu Galilei 817, 2250-100 Constância, Portugal",Constância+Portugal,Portugal,Centre thermal,Musée scientifique,"4,6", +351 249 739 066,https://constancia.cienciaviva.pt/,info@constancia.cienciaviva.pt,,https://www.google.com/maps/place/Centro+Ci%C3%AAncia+Viva+de+Const%C3%A2ncia/data=!4m7!3m6!1s0xd186569725731d3:0x703e897f3ec079b7!8m2!3d39.4952289!4d-8.3242624!16s%2Fg%2F121_jqzb!19sChIJ0zFXcmllGA0Rt3nAPn-JPnA?authuser=0&hl=fr&rclk=1
Parque de Merendas," FMWG+66, Constância, Portugal",Constância+Portugal,Portugal,Parc aquatique,Parc,"5,0",,,,,https://www.google.com/maps/place/Parque+de+Merendas/data=!4m7!3m6!1s0xd18650019c6a13d:0x1112ac182951171f!8m2!3d39.495606!4d-8.324449!16s%2Fg%2F11vq2wh2c6!19sChIJPaHGGQBlGA0RHxdRKRisEhE?authuser=0&hl=fr&rclk=1
Parque de Campismo de Constância," Av. das Forças Armadas, 2250-020 Constância, Portugal",Constância+Portugal,Portugal,Parc aquatique,,"4,1", +351 961 010 394,http://www.almadozezere.com/,Almadozezere@gmail.com,https://www.linkedin.com/company/linkedin,https://www.google.com/maps/place/Parque+de+Campismo+de+Const%C3%A2ncia/data=!4m7!3m6!1s0xd1865a7f795d685:0x96373800cc58d282!8m2!3d39.4762061!4d-8.3411745!16s%2Fg%2F11cnc1t715!19sChIJhdaV96dlGA0RgtJYzAA4N5Y?authuser=0&hl=fr&rclk=1
Piscina Municipal de Constância," Rua do Moinho de Vento 3, 2250-021 Constância, Portugal",Constância+Portugal,Portugal,Parc aquatique,Piscine municipale,"4,3", +351 249 739 627,,,,https://www.google.com/maps/place/Piscina+Municipal+de+Const%C3%A2ncia/data=!4m7!3m6!1s0xd18650eb22c529d:0xeb5990fc1ea70bc8!8m2!3d39.4819604!4d-8.3370472!16s%2Fg%2F11c5_28v8d!19sChIJnVIssg5lGA0RyAunHvyQWes?authuser=0&hl=fr&rclk=1
"Casa João Chagas, AL"," Praça Alexandre Herculano, 2250-064 Constância, Portugal",Constância+Portugal,Portugal,Thalassothérapie,,"4,3", +351 960 430 102,http://www.vivaavida.pt/,geral@vivaavida.pt,,"https://www.google.com/maps/place/Casa+Jo%C3%A3o+Chagas,+AL/data=!4m10!3m9!1s0xd1865a7a3b6456d:0xe25dd97232eef6f0!5m2!4m1!1i2!8m2!3d39.474886!4d-8.3392235!16s%2Fg%2F1tx8vgq0!19sChIJbUW2o6dlGA0R8PbuMnLZXeI?authuser=0&hl=fr&rclk=1"
Villa Tejo Nature & SPA Hotel," N3 21, Constância, Portugal",Constância+Portugal,Portugal,Thalassothérapie,Hôtel,"3,6",,,,,https://www.google.com/maps/place/Villa+Tejo+Nature+%26+SPA+Hotel/data=!4m7!3m6!1s0xd18657462fccc29:0xa4eaaf84e78cecb0!8m2!3d39.482332!4d-8.327629!16s%2Fg%2F11d_8sn8f3!19sChIJKcz8YnRlGA0RsOyM54Sv6qQ?authuser=0&hl=fr&rclk=1
Hotel da Montanha," Rua Nossa Srª da Confiança Nº 1200, 6100-532, Portugal",Castanheira de Pêra+Portugal,Portugal,Hôtel avec spa,,"4,2", +351 236 480 000,https://www.hoteldamontanha.com/,geral@hoteldamontanha.com,,https://www.google.com/maps/place/Hotel+da+Montanha/data=!4m10!3m9!1s0xd22bd88a1fc2259:0xb76c34cdd05695fb!5m2!4m1!1i2!8m2!3d39.911687!4d-8.129744!16s%2Fg%2F1vhlzgbk!19sChIJWSL8oYi9Ig0R-5VW0M00bLc?authuser=0&hl=fr&rclk=1
Guesthouse Travessa da Arieira," Travessa da Arieira 9, 3260-028, Portugal",Castanheira de Pêra+Portugal,Portugal,Hôtel avec spa,,"4,9", +351 962 704 515,http://www.arieiraguesthouse.pt/,arieiraguesthouse@gmail.com,,https://www.google.com/maps/place/Guesthouse+Travessa+da+Arieira/data=!4m10!3m9!1s0xd228f0a79035a23:0x5655e835f98e877f!5m2!4m1!1i2!8m2!3d39.9093194!4d-8.349408!16s%2Fg%2F11t7hnbzwf!19sChIJI1oDeQqPIg0Rf4eO-TXoVVY?authuser=0&hl=fr&rclk=1
Bonjardim Boutique Hotel," Portela do Mondego, 6100-459 Nesperal, Portugal",Castanheira de Pêra+Portugal,Portugal,Hôtel avec spa,,"4,8", +351 969 080 788,http://www.bonjardim.eu/,info@bonjardim.eu,,https://www.google.com/maps/place/Bonjardim+Boutique+Hotel/data=!4m10!3m9!1s0xd2298f6e801b121:0x965c7a6eea8e7331!5m2!4m1!1i2!8m2!3d39.813422!4d-8.1629057!16s%2Fg%2F11b73ksrnv!19sChIJIbEB6PaYIg0RMXOO6m56XJY?authuser=0&hl=fr&rclk=1
Hotel da Montanha," Rua Nossa Srª da Confiança Nº 1200, 6100-532, Portugal",Castanheira de Pêra+Portugal,Portugal,Hôtel avec spa,,"4,2", +351 236 480 000,https://www.hoteldamontanha.com/,geral@hoteldamontanha.com,,https://www.google.com/maps/place/Hotel+da+Montanha/data=!4m10!3m9!1s0xd22bd8884c1dfb1:0xb76c34cdd05695fb!5m2!4m1!1i2!8m2!3d39.9116866!4d-8.1297437!16s%2Fg%2F1vhlzgbk!19sChIJsd_BhIi9Ig0R-5VW0M00bLc?authuser=0&hl=fr&rclk=1
HD - Duecitânia Design Hotel," Duecitânia Design Hotel, Pte. do Espinhal, 3230-292 Penela, Portugal",Castanheira de Pêra+Portugal,Portugal,Hôtel avec spa,,"4,5", +351 239 700 740,http://www.duecitania.pt/,reservas@duecitania.pt,,https://www.google.com/maps/place/HD+-+Duecit%C3%A2nia+Design+Hotel/data=!4m10!3m9!1s0xd22f338877e3d5b:0x32da87ad56614f7!5m2!4m1!1i2!8m2!3d40.0230528!4d-8.3747372!16s%2Fg%2F1hf19bp6q!19sChIJWz1-hzjzIg0R9xRm1XqoLQM?authuser=0&hl=fr&rclk=1
Ribeira das Quelhas," Coentral Grande, 3280-201 Castanheira de Pêra, Portugal",Castanheira de Pêra+Portugal,Portugal,Centre thermal,Attraction touristique,"4,6",,,,,https://www.google.com/maps/place/Ribeira+das+Quelhas/data=!4m7!3m6!1s0xd22eb83379f6dd5:0x243a550eb32ad98c!8m2!3d40.0633133!4d-8.1728412!16s%2Fg%2F11hfqy717r!19sChIJ1W2fN4PrIg0RjNkqsw5VOiQ?authuser=0&hl=fr&rclk=1
Praia Fluvial do Poço Corga," Bolo, 3280, 3280-113 Castanheira de Pêra, Portugal",Castanheira de Pêra+Portugal,Portugal,Centre thermal,Pavillon de plage,"4,6", +351 916 461 472,,,,https://www.google.com/maps/place/Praia+Fluvial+do+Po%C3%A7o+Corga/data=!4m7!3m6!1s0xd22eb79d28874fd:0x7464d89ebf17e805!8m2!3d40.0246925!4d-8.1894691!16s%2Fg%2F11j2v9qbp5!19sChIJ_XSI0nnrIg0RBegXv57YZHQ?authuser=0&hl=fr&rclk=1
Ribeira de Pêra," EM512, Castanheira de Pêra, Portugal",Castanheira de Pêra+Portugal,Portugal,Centre thermal,Circuit de randonnée,"4,0",,,,,https://www.google.com/maps/place/Ribeira+de+P%C3%AAra/data=!4m7!3m6!1s0xd22957c0c55d4a3:0xe1099386a7b1118e!8m2!3d39.9725185!4d-8.207171!16s%2Fg%2F11t_zzp8qm!19sChIJo9RVDHyVIg0RjhGxp4aTCeE?authuser=0&hl=fr&rclk=1
Casa do Tempo," R. Dr. José Fernandes de Carvalho, Castanheira de Pêra, Portugal",Castanheira de Pêra+Portugal,Portugal,Centre thermal,Musée,"4,5", +351 236 432 799,http://www.praiadasrocas.com/index.php/form_casa-do-tempo/,praiadasrocas@praiadasrocas.com,,https://www.google.com/maps/place/Casa+do+Tempo/data=!4m7!3m6!1s0xd2294bb293d906d:0xb5dcd2208007689a!8m2!3d40.0049004!4d-8.2096822!16s%2Fg%2F11f2wm76j3!19sChIJbZA9KbuUIg0RmmgHgCDS3LU?authuser=0&hl=fr&rclk=1
Resort Natureza Villa Rio," Praia Fluvial do Poço Corga, Bolo, 3280-113 Castanheira de Pêra, Portugal",Castanheira de Pêra+Portugal,Portugal,Centre thermal,,"4,8", +351 963 803 847,http://www.villario.pt/,geral@villario.pt,,https://www.google.com/maps/place/Resort+Natureza+Villa+Rio/data=!4m10!3m9!1s0xd22eb46ed97efd9:0x31e726d42baf7be4!5m2!4m1!1i2!8m2!3d40.0241563!4d-8.1899801!16s%2Fg%2F11fs0p7ngw!19sChIJ2e-X7UbrIg0R5HuvK9Qm5zE?authuser=0&hl=fr&rclk=1
Quinta do Castanheiro," Vale Feitoso, 3280-116 Castanheira de Pêra, Portugal",Castanheira de Pêra+Portugal,Portugal,Centre thermal,,"4,7", +351 932 627 854,http://quintadocastanheiro.pt/,info@quintadocastanheiro.pt,,https://www.google.com/maps/place/Quinta+do+Castanheiro/data=!4m10!3m9!1s0xd2294bf7dd6689d:0x523111e093fbe5b6!5m2!4m1!1i2!8m2!3d40.000075!4d-8.19981!16s%2Fg%2F11c61ljysf!19sChIJnWjWfb-UIg0RtuX7k-ARMVI?authuser=0&hl=fr&rclk=1
Cris'Arte Instituto de Beleza e Bem-estar," Av. São Domingos, 3280-013 Castanheira de Pêra, Portugal",Castanheira de Pêra+Portugal,Portugal,Spa / bien-être,Esthéticien,"5,0", +351 916 825 364,https://www.facebook.com/esteticacrisarte/,,,https://www.google.com/maps/place/Cris%27Arte+Instituto+de+Beleza+e+Bem-estar/data=!4m7!3m6!1s0xd2295c29078d2b9:0xc2ba610763764b29!8m2!3d40.0038329!4d-8.2105333!16s%2Fg%2F11j4n7c11t!19sChIJudJ4kMKVIg0RKUt2YwdhusI?authuser=0&hl=fr&rclk=1
Castanheira de Pera Health Center," Av. Avenidas Verdes, 3280-007 Castanheira de Pêra, Portugal",Castanheira de Pêra+Portugal,Portugal,Thalassothérapie,Centre médical public,"2,9", +351 236 432 333,,,,https://www.google.com/maps/place/Castanheira+de+Pera+Health+Center/data=!4m7!3m6!1s0xd2294bca6ebd487:0x727657863ce2708a!8m2!3d40.0017995!4d-8.2121959!16s%2Fg%2F1tdby0p8!19sChIJh9TrpryUIg0RinDiPIZXdnI?authuser=0&hl=fr&rclk=1
Royal Basilica Nossa Senhora da Conceição," Praça do Município, 7780-217 Castro Verde, Portugal",Castro Verde+Portugal,Portugal,Centre thermal,Église catholique,"4,5", +351 286 328 148,https://www.facebook.com/profile.php?id=100064491860612&locale=pt_PT,,,https://www.google.com/maps/place/Royal+Basilica+Nossa+Senhora+da+Concei%C3%A7%C3%A3o/data=!4m7!3m6!1s0xd1a8a7909fce97d:0x29da520e2e047358!8m2!3d37.6977909!4d-8.0820012!16s%2Fg%2F11cncbv3dp!19sChIJfen8CXmKGg0RWHMELg5S2ik?authuser=0&hl=fr&rclk=1
Ermida de São Pedro das Cabeças," Rua de Castro Verde, Castro Verde, Portugal",Castro Verde+Portugal,Portugal,Centre thermal,Site historique,"4,3",,,,,https://www.google.com/maps/place/Ermida+de+S%C3%A3o+Pedro+das+Cabe%C3%A7as/data=!4m7!3m6!1s0xd1a898e016858b5:0xf1a057c99e0464ec!8m2!3d37.6777465!4d-8.0362523!16s%2Fg%2F11c3101tq4!19sChIJtVhoAY6JGg0R7GQEnslXoPE?authuser=0&hl=fr&rclk=1
Thermal baths on the Deva river," N-621, 39580 La Hermida, Cantabria, Espagne",Castro Verde+Portugal,Espagne,Centre thermal,Thermes,"3,5",,,,,https://www.google.com/maps/place/Thermal+baths+on+the+Deva+river/data=!4m7!3m6!1s0xd49bb57c36155f9:0xd01e7578b242181b!8m2!3d43.2518773!4d-4.6071744!16s%2Fg%2F11fmxnvvfr!19sChIJ-VVhw1e7SQ0RGxhCsnh1HtA?authuser=0&hl=fr&rclk=1
Castro Verde Camping," R. Timor Lorosae, 7780-207 Castro Verde, Portugal",Castro Verde+Portugal,Portugal,Centre thermal,,"4,4",,https://www.cm-castroverde.pt/pt/553/parque-de-campismo-municipal.aspx,,,https://www.google.com/maps/place/Castro+Verde+Camping/data=!4m10!3m9!1s0xd1a61d5caa08dcd:0xc2e438073c427e48!5m2!4m1!1i2!8m2!3d37.7049208!4d-8.0876931!16s%2Fg%2F11_y0lvcx!19sChIJzY2gytVhGg0RSH5CPAc45MI?authuser=0&hl=fr&rclk=1
CCA - Centro Clínico Do Alentejo," R. da Seara Nova nº3A 1º, 7780-163 Castro Verde, Portugal",Castro Verde+Portugal,Portugal,Centre thermal,Clinique,"3,5", +351 286 320 010,,,,https://www.google.com/maps/place/CCA+-+Centro+Cl%C3%ADnico+Do+Alentejo/data=!4m7!3m6!1s0xd1a61d606d9c435:0x72ef42d9d9358f68!8m2!3d37.701589!4d-8.084531!16s%2Fg%2F1tdkt1wg!19sChIJNcTZBtZhGg0RaI812dlC73I?authuser=0&hl=fr&rclk=1
O Celeiro," R. da Ermida, 7780-326, Portugal",Castro Verde+Portugal,Portugal,Centre thermal,Restaurant,"4,4", +351 286 915 200,https://filmesp.wixsite.com/portal,,,https://www.google.com/maps/place/O+Celeiro/data=!4m7!3m6!1s0xd1a63969d1ee591:0xbf29900174f83df5!8m2!3d37.7722412!4d-8.0193626!16s%2Fg%2F1q62py1h4!19sChIJkeUenZZjGg0R9T34dAGQKb8?authuser=0&hl=fr&rclk=1
Piscinas Municipais de Castro Verde," R. de José Gomes Ferreira, 7780-102 Castro Verde, Portugal",Castro Verde+Portugal,Portugal,Centre thermal,Piscine municipale,"4,5", +351 286 328 084,http://www.cm-castroverde.pt/,geral@cm-castroverde.pt,,https://www.google.com/maps/place/Piscinas+Municipais+de+Castro+Verde/data=!4m7!3m6!1s0xd1a61d4f8927309:0xe660258d3b561830!8m2!3d37.70423!4d-8.0877126!16s%2Fg%2F11cn9ppvb3!19sChIJCXOS-NRhGg0RMBhWO40lYOY?authuser=0&hl=fr&rclk=1
Ceragem Portugal," Edf.Barbimar, R. do Forte Novo Loja 1, 8125-577 Quarteira, Portugal",Castro Verde+Portugal,Portugal,Centre thermal,Centre de bien-être,"5,0", +351 919 990 962,http://ceragem.pt/,contact@ceragem.pt,,https://www.google.com/maps/place/Ceragem+Portugal/data=!4m7!3m6!1s0xd1ab55aea753f69:0xd82b56b7d4de4e98!8m2!3d37.0640991!4d-8.089856!16s%2Fg%2F11w8fp4kv9!19sChIJaT916lq1Gg0RmE7e1LdWK9g?authuser=0&hl=fr&rclk=1
Centro de Educação Ambiental Vale Gonçalinho," Herdade de Vale Gonçalinho, Castro Verde, 7780-909 Castro Verde, Portugal",Castro Verde+Portugal,Portugal,Centre thermal,Parc,"4,4", +351 286 328 309,http://www.lpn.pt/,geral@lpn.pt,https://www.linkedin.com/company/lpnatureza,https://www.google.com/maps/place/Centro+de+Educa%C3%A7%C3%A3o+Ambiental+Vale+Gon%C3%A7alinho/data=!4m7!3m6!1s0xd1a623a74cb87c5:0xd91eb4fa2d021207!8m2!3d37.7362944!4d-8.0315028!16s%2Fg%2F1thnq0_d!19sChIJxYfLdDpiGg0RBxICLfq0Htk?authuser=0&hl=fr&rclk=1
"Serenity - The Art of Well Being, Pine Cliffs Algarve"," Urbanização Pinhal do Concelho, 8200-912 Albufeira, Portugal",Castro Verde+Portugal,Portugal,Centre thermal,Spa,"4,7", +351 289 501 200,https://www.serenity-spa.com/?utm_source=GMB&utm_medium=GMB&utm_campaign=GMB+Algarve&utm_id=GMB+Algarve,info.serenity@pinecliffs.com,https://www.linkedin.com/company/serenity-the-art-of-well-being,"https://www.google.com/maps/place/Serenity+-+The+Art+of+Well+Being,+Pine+Cliffs+Algarve/data=!4m7!3m6!1s0xd1aca2cd585608b:0xdd2b4a818ad31388!8m2!3d37.092673!4d-8.177351!16s%2Fg%2F11fxc1b_fj!19sChIJi2CF1SzKGg0RiBPTioFKK90?authuser=0&hl=fr&rclk=1"
Casanova Farmhouse," R. da Sra. da Guia, 4700-793 Parada de Tibães, Portugal",Amares+Portugal,Portugal,Hôtel avec spa,,"5,0", +351 961 335 453,https://www.casanovafarmhouse.com/,reservas@casanovafarmhouse.com,,https://www.google.com/maps/place/Casanova+Farmhouse/data=!4m10!3m9!1s0xd24ff327455c595:0x34d98d2195f1a913!5m2!4m1!1i2!8m2!3d41.5654926!4d-8.4710146!16s%2Fg%2F11ydhj90mv!19sChIJlcVVdDL_JA0RE6nxlSGN2TQ?authuser=0&hl=fr&rclk=1
"Casa Mimosa & Jacuzzi, Tudo Incluído"," R. de Abril 48, 4715-154 Braga, Portugal",Amares+Portugal,Portugal,Hôtel avec spa,,"4,5", +351 912 109 791,,,,"https://www.google.com/maps/place/Casa+Mimosa+%26+Jacuzzi,+Tudo+Inclu%C3%ADdo/data=!4m10!3m9!1s0xd24ffa264c1911b:0x41847c3dcb8cad0f!5m2!4m1!1i2!8m2!3d41.5346671!4d-8.4073714!16s%2Fg%2F11fk0lv208!19sChIJG5HBZKL_JA0RD62Myz18hEE?authuser=0&hl=fr&rclk=1"
Templo Hotel & Spa," Bom Jesus do Monte, 4715-056 Braga, Portugal",Amares+Portugal,Portugal,Hôtel avec spa,,"4,1", +351 253 603 610,https://www.hoteisbomjesus.pt/hotel-templo-hotel-spa-em-braga/,geral@ciab.pt,,https://www.google.com/maps/place/Templo+Hotel+%26+Spa/data=!4m10!3m9!1s0xd24fc1577f2f91d:0x5679c7ac5ff5a176!5m2!4m1!1i2!8m2!3d41.5541485!4d-8.3772325!16s%2Fg%2F1hc2v813_!19sChIJHfnydxX8JA0RdqH1X6zHeVY?authuser=0&hl=fr&rclk=1
INNSiDE by Meliá Braga Centro," Av. Central 107, 4710-310 Braga, Portugal",Amares+Portugal,Portugal,Hôtel avec spa,,"4,6", +351 253 200 200,https://www.innsidebraga.com/,,,https://www.google.com/maps/place/INNSiDE+by+Meli%C3%A1+Braga+Centro/data=!4m10!3m9!1s0xd24ff1de0504ae1:0x1817fb8fea3c0593!5m2!4m1!1i2!8m2!3d41.551986!4d-8.420377!16s%2Fg%2F11y4tdq8rx!19sChIJ4UpQ4B3_JA0RkwU86o_7Fxg?authuser=0&hl=fr&rclk=1
Hotel Vila Galé Collection Braga," Largo Carlos Amarante 150, 4700-308 Braga, Portugal",Amares+Portugal,Portugal,Hôtel avec spa,,"4,6", +351 253 146 000,https://www.vilagale.com/pt-pt/hoteis-portugal/hoteis-porto-e-norte/vila-gale-collection-braga/,braga@vilagale.com,https://www.linkedin.com/company/vila-gale-s-a-,https://www.google.com/maps/place/Hotel+Vila+Gal%C3%A9+Collection+Braga/data=!4m10!3m9!1s0xd24fec182295907:0x87be7a585c35982e!5m2!4m1!1i2!8m2!3d41.5489896!4d-8.4235518!16s%2Fg%2F11gghczqn8!19sChIJB1kpgsH-JA0RLpg1XFh6voc?authuser=0&hl=fr&rclk=1
Templo Hotel & Spa," Bom Jesus do Monte, 4715-056 Braga, Portugal",Amares+Portugal,Portugal,Hôtel avec spa,,"4,1", +351 253 603 610,https://www.hoteisbomjesus.pt/hotel-templo-hotel-spa-em-braga/,geral@ciab.pt,,https://www.google.com/maps/place/Templo+Hotel+%26+Spa/data=!4m10!3m9!1s0xd24fc1577f2e7ad:0x5679c7ac5ff5a176!5m2!4m1!1i2!8m2!3d41.554148!4d-8.377232!16s%2Fg%2F1hc2v813_!19sChIJrefydxX8JA0RdqH1X6zHeVY?authuser=0&hl=fr&rclk=1
Gabinete e Terapias de Spa Dona Terapia," Rua Dr. Adolfo Vilela n°3, 4720-019 Amares, Portugal",Amares+Portugal,Portugal,Thalassothérapie,Centre de rééducation,"5,0", +351 915 492 944,,,,https://www.google.com/maps/place/Gabinete+e+Terapias+de+Spa+Dona+Terapia/data=!4m7!3m6!1s0xd25031a260d8d27:0xa139b4499712e556!8m2!3d41.6309583!4d-8.3503167!16s%2Fg%2F11f69xj0jv!19sChIJJ40NJhoDJQ0RVuUSl0m0OaE?authuser=0&hl=fr&rclk=1
Pousada Mosteiro Amares," R. de Terreiro, 4720-633, Portugal",Amares+Portugal,Portugal,Thalassothérapie,,"4,8", +351 253 371 970,https://www.pousadas.pt/en/hotel/pousada-amares?utm_campaign=pousada-amares-partoo&utm_medium=organicsearch,recepcao.bouro@pestana.com,,https://www.google.com/maps/place/Pousada+Mosteiro+Amares/data=!4m10!3m9!1s0xd251d017ff1b975:0xa119c26c0a8ee36a!5m2!4m1!1i2!8m2!3d41.6594697!4d-8.2703602!16s%2Fg%2F11b6dxt2n7!19sChIJdbnxfwEdJQ0RauOOCmzCGaE?authuser=0&hl=fr&rclk=1
CR Spa & Wellness," R. Marques Rego 12d, 4720-349 Ferreiros, Portugal",Amares+Portugal,Portugal,Thalassothérapie,Institut de massages,"5,0", +351 934 373 633,,,,https://www.google.com/maps/place/CR+Spa+%26+Wellness/data=!4m7!3m6!1s0xd2503001fd5cd8d:0xc006c474a120e815!8m2!3d41.6280581!4d-8.363437!16s%2Fg%2F11n99qpkhz!19sChIJjc3VHwADJQ0RFeggoXTEBsA?authuser=0&hl=fr&rclk=1
Clínica Med Amares," R. 25 de Abril 8 1º andar, 4720-393 Ferreiros, Portugal",Amares+Portugal,Portugal,Thalassothérapie,Clinique de médecine chinoise,"5,0", +351 932 314 716,https://medamares.com/,,,https://www.google.com/maps/place/Cl%C3%ADnica+Med+Amares/data=!4m7!3m6!1s0xd2503490b132eed:0xa9cb47d40021dd73!8m2!3d41.6284882!4d-8.361454!16s%2Fg%2F11tn9rmgc_!19sChIJ7S4TC0kDJQ0Rc90hANRHy6k?authuser=0&hl=fr&rclk=1
Casa das Penhas Douradas," Manteigas, Portugal",Belmonte+Portugal,Portugal,Hôtel avec spa,,"4,7", +351 275 981 045,http://www.casadaspenhasdouradas.pt/,,,https://www.google.com/maps/place/Casa+das+Penhas+Douradas/data=!4m10!3m9!1s0xd3cd8bb6ad629f1:0xf1b449bc0e21f190!5m2!4m1!1i2!8m2!3d40.4082237!4d-7.5672865!16s%2Fg%2F1tgdk8zs!19sChIJ8SnWarvYPA0RkPEhDrxJtPE?authuser=0&hl=fr&rclk=1
Casa de São Lourenço / Burel Panorama Hotel," N232, Km 49.3, 6260-200 Manteigas, Portugal",Belmonte+Portugal,Portugal,Hôtel avec spa,,"4,7", +351 275 249 730,https://casadesaolourenco.pt/,booking@casadesaolourenco.pt,,https://www.google.com/maps/place/Casa+de+S%C3%A3o+Louren%C3%A7o+%2F+Burel+Panorama+Hotel/data=!4m10!3m9!1s0xd3cd9d399011f3f:0x9bfa509707bc1d1f!5m2!4m1!1i2!8m2!3d40.4187376!4d-7.5398494!16s%2Fg%2F11grtys7xt!19sChIJPx8BmdPZPA0RHx28B5dQ-ps?authuser=0&hl=fr&rclk=1
Hotel da Fábrica," EN 232, 6260-162 Manteigas, Portugal",Belmonte+Portugal,Portugal,Hôtel avec spa,,"4,5", +351 275 982 420,http://www.hoteldafabrica.com/,hoteldafabrica@hotmail.com,,https://www.google.com/maps/place/Hotel+da+F%C3%A1brica/data=!4m10!3m9!1s0xd3cdf028f81bcf7:0x4a621aef513908c8!5m2!4m1!1i2!8m2!3d40.4048623!4d-7.5239958!16s%2Fg%2F11gxww191q!19sChIJ97yBjwLfPA0RyAg5Ue8aYko?authuser=0&hl=fr&rclk=1
Palace Hotel & Spa - Termas de São Tiago," Quinta do Cafalado, 6090-543 Penamacor, Portugal",Belmonte+Portugal,Portugal,Hôtel avec spa,,"3,9", +351 277 390 070,http://www.termasdesaotiago.com/,,,https://www.google.com/maps/place/Palace+Hotel+%26+Spa+-+Termas+de+S%C3%A3o+Tiago/data=!4m10!3m9!1s0xd3d0bfbdaf8c081:0xa04f6cd7ea3b316c!5m2!4m1!1i2!8m2!3d40.1617447!4d-7.1732769!16s%2Fg%2F12hmv4cpg!19sChIJgcD42vsLPQ0RbDE76tdsT6A?authuser=0&hl=fr&rclk=1
Hotel Vila Galé Serra da Estrela," Fonte Santa, 6260-013 Manteigas, Portugal",Belmonte+Portugal,Portugal,Hôtel avec spa,,"4,6", +351 272 240 020,https://www.vilagale.com/pt-pt/hoteis-portugal/hoteis-centro/vila-gale-collection-serra-da-estrela/,estrela@vilagale.com,https://www.linkedin.com/company/vila-gale-s-a-,https://www.google.com/maps/place/Hotel+Vila+Gal%C3%A9+Serra+da+Estrela/data=!4m10!3m9!1s0xd3d270541631781:0xce2e1370aa27b067!5m2!4m1!1i2!8m2!3d40.3816108!4d-7.5460586!16s%2Fg%2F11j20gg2_7!19sChIJgRdjQQUnPQ0RZ7AnqnATLs4?authuser=0&hl=fr&rclk=1
O Cantinho dos Cabrais," R. da Praça 32, 6250-162, Portugal",Belmonte+Portugal,Portugal,Hôtel avec spa,,"4,8", +351 928 111 034,https://www.ocantinhodoscabrais.pt/,geral@ocantinhodoscabrais.pt,,https://www.google.com/maps/place/O+Cantinho+dos+Cabrais/data=!4m10!3m9!1s0xd3d1d01e59254b3:0x90250ece1d767540!5m2!4m1!1i2!8m2!3d40.3261563!4d-7.2973936!16s%2Fg%2F11fvc4xhs4!19sChIJs1SS5QEdPQ0RQHV2Hc4OJZA?authuser=0&hl=fr&rclk=1
Casa do Castelo," Largo São Tiago 17, 6250-067 Belmonte, Portugal",Belmonte+Portugal,Portugal,Centre thermal,,"4,1", +351 275 181 675,http://www.casadocastelo.net/,,,https://www.google.com/maps/place/Casa+do+Castelo/data=!4m10!3m9!1s0xd3d1c2ade4e6817:0x366ad3da77729fe2!5m2!4m1!1i2!8m2!3d40.3595466!4d-7.3491607!16s%2Fg%2F119tjs1d1!19sChIJF2hO3iocPQ0R4p9yd9rTajY?authuser=0&hl=fr&rclk=1
Centro de Saúde de Belmonte (UCSP)," Bairro Pinhal do Carrola, 6250-072 Belmonte, Portugal",Belmonte+Portugal,Portugal,Centre thermal,Centre de santé communautaire,"3,3", +351 275 910 030,https://www.centrosaude.pt/castelo-branco/centro-de-saude-de-belmonte,,https://www.linkedin.com/company/sns24lx,https://www.google.com/maps/place/Centro+de+Sa%C3%BAde+de+Belmonte+%28UCSP%29/data=!4m7!3m6!1s0xd3d1d8b2dc8bb9f:0x987ddaba6d4ca3ec!8m2!3d40.3636095!4d-7.3460021!16s%2Fg%2F11h05p7g5b!19sChIJn7vILYsdPQ0R7KNMbbrafZg?authuser=0&hl=fr&rclk=1
Castelo de Belmonte," 6250-067 Belmonte, Portugal",Belmonte+Portugal,Portugal,Centre thermal,Château,"4,4",,https://cm-belmonte.pt/diretorio/castelo-de-belmonte/,geral@cm-belmonte.pt,,https://www.google.com/maps/place/Castelo+de+Belmonte/data=!4m7!3m6!1s0xd3d1a82b7b737bb:0xeb1b11fe40798cb5!8m2!3d40.3592096!4d-7.3482112!16s%2Fm%2F0h67r0c!19sChIJuze3t4IaPQ0RtYx5QP4RG-s?authuser=0&hl=fr&rclk=1
Belmonte Sinai Hotel," Largo de São Sebastião, 6250-086 Belmonte, Portugal",Belmonte+Portugal,Portugal,Centre thermal,,"4,2", +351 275 910 800,https://belmontesinaihotel.com/,,,https://www.google.com/maps/place/Belmonte+Sinai+Hotel/data=!4m10!3m9!1s0xd3d1e81c106842d:0xd63d02caf662ece8!5m2!4m1!1i2!8m2!3d40.3566462!4d-7.3531691!16s%2Fg%2F11cnx_4gs4!19sChIJLYQGwYEePQ0R6Oxi9soCPdY?authuser=0&hl=fr&rclk=1
Olive Oil Museum," Belmonte, Portugal",Belmonte+Portugal,Portugal,Centre thermal,Musée,"4,0", +351 275 088 698,http://cm-belmonte.com/?q=node/87,,,https://www.google.com/maps/place/Olive+Oil+Museum/data=!4m7!3m6!1s0xd3d1e80303c9151:0x785eaaa55de6109f!8m2!3d40.3585035!4d-7.3523284!16s%2Fg%2F12hls2916!19sChIJUZE8MIAePQ0RnxDmXaWqXng?authuser=0&hl=fr&rclk=1
Hotel Belsol," 6250-076 Belmonte, Portugal",Belmonte+Portugal,Portugal,Centre thermal,,"4,3", +351 275 912 206,,,,https://www.google.com/maps/place/Hotel+Belsol/data=!4m10!3m9!1s0xd3d19411c24f503:0x455975fe5c76f402!5m2!4m1!1i2!8m2!3d40.366352!4d-7.352465!16s%2Fg%2F1hc2jmtwz!19sChIJA_UkHEEZPQ0RAvR2XP51WUU?authuser=0&hl=fr&rclk=1
Lusiberia," Avenida Comendador Rui Nabeiro, s/n, 06006 Badajoz, Espagne",Belmonte+Portugal,Espagne,Parc aquatique,Parc aquatique,"3,5", +34 621 50 59 21,http://www.lusiberiaparque.com/,,,https://www.google.com/maps/place/Lusiberia/data=!4m7!3m6!1s0xd16e3b330167d19:0x841185d0ebb0083f!8m2!3d38.8794723!4d-7.0286151!16s%2Fg%2F11s_x1q511!19sChIJGX0WMLPjFg0RPwiw69CFEYQ?authuser=0&hl=fr&rclk=1
Piscina de Terreiro das Bruxas," N233 10, 6320-202 Moita, Portugal",Belmonte+Portugal,Portugal,Parc aquatique,Attraction touristique,"4,1",,,,,https://www.google.com/maps/place/Piscina+de+Terreiro+das+Bruxas/data=!4m7!3m6!1s0xd3d057a6749c065:0x706afaa918e55821!8m2!3d40.2917006!4d-7.1894841!16s%2Fg%2F11p00dtd_w!19sChIJZcBJZ3oFPQ0RIVjlGKn6anA?authuser=0&hl=fr&rclk=1
Tour romaine de Centum Cellas," Rua dos Bombeiros Voluntários 26, 6250-056 Belmonte, Portugal",Belmonte+Portugal,Portugal,Thalassothérapie,Site historique,"4,4",,,,,https://www.google.com/maps/place/Tour+romaine+de+Centum+Cellas/data=!4m7!3m6!1s0xd3d1ddced0e59f1:0xf2bb4dc3c0a51f39!8m2!3d40.3776153!4d-7.3427872!16s%2Fg%2F1212gr6m!19sChIJ8VkO7dwdPQ0ROR-lwMNNu_I?authuser=0&hl=fr&rclk=1
Pousada Convento de Belmonte," Serra da Esperança, 6250-909 Belmonte, Portugal",Belmonte+Portugal,Portugal,Thalassothérapie,,"4,7", +351 275 910 300,https://www.pousadas.pt/pt/hotel/pousada-belmonte,reservas@conventodebelmonte.pt,,https://www.google.com/maps/place/Pousada+Convento+de+Belmonte/data=!4m10!3m9!1s0xd3d1c2a83990701:0x1e994a561534edd5!5m2!4m1!1i2!8m2!3d40.3439675!4d-7.3606765!16s%2Fg%2F121pdbhh!19sChIJAQeZgyocPQ0R1e00FVZKmR4?authuser=0&hl=fr&rclk=1
Thevagar Countryhouse," Estrada Nacional 345 n 52 54, Serra da Esperança, 6250-092 Belmonte, Portugal",Belmonte+Portugal,Portugal,Thalassothérapie,,"5,0", +351 966 492 006,https://www.thevagar.pt/?utm_source=google&utm_medium=wix_google_business_profile&utm_campaign=12553787594085208306,stay@thevagar.pt,https://www.linkedin.com/company/thevagar-countryhouse-belmonte,https://www.google.com/maps/place/Thevagar+Countryhouse/data=!4m10!3m9!1s0xd3d1fdee457eab7:0x68bf1aeb03bafccd!5m2!4m1!1i2!8m2!3d40.3283127!4d-7.3613862!16s%2Fg%2F11nnw6125h!19sChIJt-pX5N4fPQ0Rzfy6A-sav2g?authuser=0&hl=fr&rclk=1
ALTITUDE - Alojamento e restauração," R. Pedro Álvares Cabral 39, 6250-086 Belmonte, Portugal",Belmonte+Portugal,Portugal,Thalassothérapie,,"4,5", +351 275 912 285,https://sites.google.com/view/altitude-alojamento/,,,https://www.google.com/maps/place/ALTITUDE+-+Alojamento+e+restaura%C3%A7%C3%A3o/data=!4m10!3m9!1s0xd3d1e8192cbf399:0xc14c4036de5453f6!5m2!4m1!1i2!8m2!3d40.3561161!4d-7.3530722!16s%2Fg%2F11byx8bc0c!19sChIJmfPLkoEePQ0R9lNU3jZATME?authuser=0&hl=fr&rclk=1
Troia Design Hotel," Marina de Tróia, Tróia, 7570-789, Portugal",Setúbal+Portugal,Portugal,Hôtel avec spa,,"4,6", +351 265 498 000,https://www.troiadesignhotel.com/,,,https://www.google.com/maps/place/Troia+Design+Hotel/data=!4m10!3m9!1s0xd193379f70018d3:0x1178cdc60daa0bce!5m2!4m1!1i2!8m2!3d38.492994!4d-8.9028767!16s%2Fg%2F11b77gmzjj!19sChIJ0xgA93kzGQ0RzguqDcbNeBE?authuser=0&hl=fr&rclk=1
The Anchor Troia Sea," Alameda do Zambujeiro, 7570-789, Portugal",Setúbal+Portugal,Portugal,Hôtel avec spa,,"4,2", +351 265 499 000,https://www.theanchortroia.com/?partner=11576&utm_sonessurce=google&utm_medium=organic&utm_campaign=MyBusiness,booking@theanchortroia.com,,https://www.google.com/maps/place/The+Anchor+Troia+Sea/data=!4m10!3m9!1s0xd1943487d37b82d:0x246d537dbc1c4e87!5m2!4m1!1i2!8m2!3d38.490313!4d-8.9042975!16s%2Fg%2F1hm6f_ww6!19sChIJLbg3fUhDGQ0Rh04cvH1TbSQ?authuser=0&hl=fr&rclk=1
The Anchor Troia Sea," Alameda do Zambujeiro, 7570-789, Portugal",Setúbal+Portugal,Portugal,Hôtel avec spa,,"4,2", +351 265 499 000,https://www.theanchortroia.com/?partner=11576&utm_sonessurce=google&utm_medium=organic&utm_campaign=MyBusiness,booking@theanchortroia.com,,https://www.google.com/maps/place/The+Anchor+Troia+Sea/data=!4m10!3m9!1s0xd19434845b396ff:0x246d537dbc1c4e87!5m2!4m1!1i2!8m2!3d38.490313!4d-8.904297!16s%2Fg%2F1hm6f_ww6!19sChIJ_5azRUhDGQ0Rh04cvH1TbSQ?authuser=0&hl=fr&rclk=1
Meliá Setúbal," Av. Alexandre Herculano 58, 2900-206 Setúbal, Portugal",Setúbal+Portugal,Portugal,Hôtel avec spa,,"4,2", +351 265 240 400,https://www.meliasetubal.com/?utm_campaign=google&utm_content=5637&utm_medium=organic&utm_source=directories,,,https://www.google.com/maps/place/Meli%C3%A1+Set%C3%BAbal/data=!4m10!3m9!1s0xd1943a8c6ecabfb:0x9de81a5b506c9bf0!5m2!4m1!1i2!8m2!3d38.528845!4d-8.889789!16s%2Fg%2F1pp2tlb5m!19sChIJ-6vsxqhDGQ0R8JtsUFsa6J0?authuser=0&hl=fr&rclk=1
Montado Hotel & Golf Resort," Urbanização do Campo de Golfe do Montado, Lote 1, 2950-051 Palmela, Portugal",Setúbal+Portugal,Portugal,Hôtel avec spa,,"4,2", +351 265 708 150,http://www.montadoresort.com/,info@montadoresort.com,,https://www.google.com/maps/place/Montado+Hotel+%26+Golf+Resort/data=!4m10!3m9!1s0xd19698ed155c8d9:0x2f6a71138f6dda07!5m2!4m1!1i2!8m2!3d38.5697162!4d-8.8029851!16s%2Fg%2F1tnl2nyc!19sChIJ2chV0Y5pGQ0RB9ptjxNxai8?authuser=0&hl=fr&rclk=1
Meliá Setúbal," Av. Alexandre Herculano 58, 2900-206 Setúbal, Portugal",Setúbal+Portugal,Portugal,Hôtel avec spa,,"4,2", +351 265 240 400,https://www.meliasetubal.com/?utm_campaign=google&utm_content=5637&utm_medium=organic&utm_source=directories,,,https://www.google.com/maps/place/Meli%C3%A1+Set%C3%BAbal/data=!4m10!3m9!1s0xd1943a8c0b4c373:0x9de81a5b506c9bf0!5m2!4m1!1i2!8m2!3d38.528845!4d-8.889789!16s%2Fg%2F1pp2tlb5m!19sChIJc8O0wKhDGQ0R8JtsUFsa6J0?authuser=0&hl=fr&rclk=1
Tiagos Clínica," R. Cláudio Lagrange nº1, 2900-324 Setúbal, Portugal",Setúbal+Portugal,Portugal,Thalassothérapie,Centre de rééducation,"4,4", +351 265 520 000,http://www.tiagosclinica.com/,geral.tiagosclinica@gmail.com,,https://www.google.com/maps/place/Tiagos+Cl%C3%ADnica/data=!4m7!3m6!1s0xd19430889292a67:0xeb9adba8837c497!8m2!3d38.5213756!4d-8.892333!16s%2Fg%2F11csrtc2l8!19sChIJZyopiQhDGQ0Rl8Q3iLqtuQ4?authuser=0&hl=fr&rclk=1
Bangkok Spa Thai Massage," Av. Alexandre Herculano 12B, 2900-205 Setúbal, Portugal",Setúbal+Portugal,Portugal,Thalassothérapie,Massothérapeute,"4,7", +351 939 875 889,http://www.bangkokspa.pt/,,,https://www.google.com/maps/place/Bangkok+Spa+Thai+Massage/data=!4m7!3m6!1s0xd194312144561a5:0xcc6296ebc9f6c592!8m2!3d38.5260686!4d-8.8906983!16s%2Fg%2F11j1fhcx0m!19sChIJpWFFFBJDGQ0RksX2yeuWYsw?authuser=0&hl=fr&rclk=1
Hotel Casa Palmela," Quinta do Esteval, N10 km 33.5, 2900-725 Setúbal, Portugal",Setúbal+Portugal,Portugal,Thalassothérapie,,"4,6", +351 265 249 650,https://hotelcasapalmela.pt/,info-casapalmela@ouh.pt,,https://www.google.com/maps/place/Hotel+Casa+Palmela/data=!4m10!3m9!1s0xd194460675affef:0xc2933ab3137f9d24!5m2!4m1!1i2!8m2!3d38.5226174!4d-8.9448785!16s%2Fg%2F11cnbtwwhb!19sChIJ7_9aZ2BEGQ0RJJ1_E7M6k8I?authuser=0&hl=fr&rclk=1
Boutique Spa," Av. Bento de Jesus Caraça 178 A, 2910-427 Setúbal, Portugal",Setúbal+Portugal,Portugal,Thalassothérapie,Station thermale,"4,5", +351 969 612 026,,,,https://www.google.com/maps/place/Boutique+Spa/data=!4m7!3m6!1s0xd19435bbfd5826d:0xcc7976a4de246334!8m2!3d38.525561!4d-8.8734873!16s%2Fg%2F11rnhzzqm_!19sChIJbYLVv1tDGQ0RNGMk3qR2ecw?authuser=0&hl=fr&rclk=1
EL SPA by Meliá Setúbal," Av. Alexandre Herculano 58, -1, 2900-206 Setúbal, Portugal",Setúbal+Portugal,Portugal,Thalassothérapie,Spa,"5,0", +351 265 240 400,https://www.meliasetubal.com/spa-health-club/,,,https://www.google.com/maps/place/EL+SPA+by+Meli%C3%A1+Set%C3%BAbal/data=!4m7!3m6!1s0xd19434779fe4baf:0x935196d76093902!8m2!3d38.528755!4d-8.8898078!16s%2Fg%2F11njqdsc1f!19sChIJr0v-eUdDGQ0RAjkJdm0ZNQk?authuser=0&hl=fr&rclk=1
Praia do Sal Resort & SPA," Passeio das Caravelas 88, 2890-166 Alcochete, Portugal",Montijo+Portugal,Portugal,Hôtel avec spa,,"4,6", +351 21 234 3165,https://www.stayupon.com/praia-do-sal/?partner=9371&utm_source=google&utm_medium=organic&utm_campaign=MyBusiness,,https://pt.linkedin.com/company/stay-upon-hospitality-group,https://www.google.com/maps/place/Praia+do+Sal+Resort+%26+SPA/data=!4m10!3m9!1s0xd193b4a2959d4cd:0x5b1c3e0d71bd8b85!5m2!4m1!1i2!8m2!3d38.7467237!4d-8.9727034!16s%2Fg%2F11f5q9191y!19sChIJzdRZKUo7GQ0RhYu9cQ0-HFs?authuser=0&hl=fr&rclk=1
Rosa Cunha Day Spa," R. Conde Paço Vieira 10, 2870-265 Montijo, Portugal",Montijo+Portugal,Portugal,Hôtel avec spa,Esthéticien,"4,9", +351 913 895 112,http://www.rosacunhadayspa.com/,,,https://www.google.com/maps/place/Rosa+Cunha+Day+Spa/data=!4m7!3m6!1s0xd19399f3ed5917f:0x66133d149caf7d96!8m2!3d38.7041869!4d-8.9750811!16s%2Fg%2F1pp2tjw61!19sChIJf5HVPp85GQ0Rln2vnBQ9E2Y?authuser=0&hl=fr&rclk=1
B&B HOTEL Lisboa Montijo," Av. Dom Afonso Henriques 34, 2870-154 Montijo, Portugal",Montijo+Portugal,Portugal,Hôtel avec spa,,"4,4", +351 21 133 8222,https://www.hotel-bb.com/es/hotel/lisboa-montijo?utm_source=googlemaps&utm_medium=fichehotel&utm_campaign=lisboamontijo,,,https://www.google.com/maps/place/B%26B+HOTEL+Lisboa+Montijo/data=!4m10!3m9!1s0xd1939b5f777fc2f:0x1923a47bf30fc8a0!5m2!4m1!1i2!8m2!3d38.7088165!4d-8.9753237!16s%2Fg%2F11ngpg5m6y!19sChIJL_x397U5GQ0RoMgP83ukIxk?authuser=0&hl=fr&rclk=1
B&B HOTEL Lisboa Montijo," Av. Dom Afonso Henriques 34, 2870-154 Montijo, Portugal",Montijo+Portugal,Portugal,Hôtel avec spa,,"4,4", +351 21 133 8222,https://www.hotel-bb.com/es/hotel/lisboa-montijo?utm_source=googlemaps&utm_medium=fichehotel&utm_campaign=lisboamontijo,,,https://www.google.com/maps/place/B%26B+HOTEL+Lisboa+Montijo/data=!4m10!3m9!1s0xd1939993c6b5603:0x1923a47bf30fc8a0!5m2!4m1!1i2!8m2!3d38.708816!4d-8.975324!16s%2Fg%2F11ngpg5m6y!19sChIJA1ZrPJk5GQ0RoMgP83ukIxk?authuser=0&hl=fr&rclk=1
Projecto Buddha Spa Montijo," Av. Cap. Salgueiro Maia 79 1º esquerdo, 2870-059 Montijo, Portugal",Montijo+Portugal,Portugal,Hôtel avec spa,,"3,9", +351 911 831 644,,,,https://www.google.com/maps/place/Projecto+Buddha+Spa+Montijo/data=!4m7!3m6!1s0xd19397797ec6255:0xccadf98338c240be!8m2!3d38.7152442!4d-8.9667735!16s%2Fg%2F11gcf69qsr!19sChIJVWLsl3c5GQ0RvkDCOIP5rcw?authuser=0&hl=fr&rclk=1
TRYP by Wyndham Montijo Parque Hotel," Av. João Xxiii 193, 2870-159 Montijo, Portugal",Montijo+Portugal,Portugal,Hôtel avec spa,,"3,6", +351 21 232 6600,https://www.wyndhamhotels.com/tryp/montijo-portugal/tryp-montijo-parque-hotel/overview?CID=LC:v6v3hkulmqj2jri:43992&iata=00093796,accessibility@wyndham.com,,https://www.google.com/maps/place/TRYP+by+Wyndham+Montijo+Parque+Hotel/data=!4m10!3m9!1s0xd19399bdf10daa9:0x2d85fd52e95aa362!5m2!4m1!1i2!8m2!3d38.710597!4d-8.975839!16s%2Fg%2F1tp_7nrk!19sChIJqdoQ35s5GQ0RYqNa6VL9hS0?authuser=0&hl=fr&rclk=1
TRYP by Wyndham Montijo Parque Hotel," Av. João Xxiii 193, 2870-159 Montijo, Portugal",Montijo+Portugal,Portugal,Hôtel avec spa,,"3,6", +351 21 232 6600,https://www.wyndhamhotels.com/tryp/montijo-portugal/tryp-montijo-parque-hotel/overview?CID=LC:v6v3hkulmqj2jri:43992&iata=00093796,accessibility@wyndham.com,,https://www.google.com/maps/place/TRYP+by+Wyndham+Montijo+Parque+Hotel/data=!4m10!3m9!1s0xd19399be00941ef:0x2d85fd52e95aa362!5m2!4m1!1i2!8m2!3d38.7105974!4d-8.9758395!16s%2Fg%2F1tp_7nrk!19sChIJ70EJ4Js5GQ0RYqNa6VL9hS0?authuser=0&hl=fr&rclk=1
Decathlon Montijo," Av. das Portas da Cidade, 2870-448 Montijo, Portugal",Montijo+Portugal,Portugal,Centre thermal,Magasin d'articles de sports,"4,3", +351 21 230 6910,https://www.decathlon.pt/store-view/loja-de-desporto-montijo-0070034300343,,https://www.linkedin.com/company/decathlon-group,https://www.google.com/maps/place/Decathlon+Montijo/data=!4m7!3m6!1s0xd193916075cd2f9:0x5de9a3e5fced452e!8m2!3d38.7024311!4d-8.947229!16s%2Fg%2F11b6xcvyz3!19sChIJ-dJcBxY5GQ0RLkXt_OWj6V0?authuser=0&hl=fr&rclk=1
MontiCorpo," R. Rui de Pina 148 B, 2870-431 Montijo, Portugal",Montijo+Portugal,Portugal,Centre thermal,Esthéticien,"5,0", +351 931 306 112,,,,https://www.google.com/maps/place/MontiCorpo/data=!4m7!3m6!1s0xd19390ddd66e1a1:0xb8b9cdada3eadfb5!8m2!3d38.7019548!4d-8.9590596!16s%2Fg%2F11jwskd8nz!19sChIJoeFm3Q05GQ0Rtd_qo63Nubg?authuser=0&hl=fr&rclk=1
Sirius Park," Sirius Park, Cruzamento rua sirius park, 2985-101, 2985-107 Santo Isidro de Pegões, Portugal",Montijo+Portugal,Portugal,Parc aquatique,Espace événementiel,"4,3", +351 925 826 636,https://siriuspark.pt/,geral@siriuspark.pt,,https://www.google.com/maps/place/Sirius+Park/data=!4m7!3m6!1s0xd19149e5095afaf:0x3f1054b64c3dca3f!8m2!3d38.6839996!4d-8.7510401!16s%2Fg%2F11c1s0qb06!19sChIJr6-VUJ4UGQ0RP8o9TLZUED8?authuser=0&hl=fr&rclk=1
Feijão Verde Fun Park - Montijo," Estrada Nacional 4, R. Pocinho das Nascentes n.º 65 Armazém A, 2870-184 Afonsoeiro, Portugal",Montijo+Portugal,Portugal,Parc aquatique,Parc de loisirs,"4,3", +351 911 860 007,https://feijao-verde.com/pt/montijo/,,,https://www.google.com/maps/place/Feij%C3%A3o+Verde+Fun+Park+-+Montijo/data=!4m7!3m6!1s0xd193912dc0cbf61:0xe737aa0db0b5c5aa!8m2!3d38.7058795!4d-8.9554285!16s%2Fg%2F11hd56ckxg!19sChIJYb8M3BI5GQ0RqsW1sA2qN-c?authuser=0&hl=fr&rclk=1
HEAD SPA Relaxa-te," Av. dos Pescadores 131, 2870-181 Montijo, Portugal",Montijo+Portugal,Portugal,Thalassothérapie,Centre de bien-être,"4,9", +351 936 722 678,https://www.instagram.com/relaxa_te?igsh=MWUzZG1tMDFrZ2dwMQ==,,,https://www.google.com/maps/place/HEAD+SPA+Relaxa-te/data=!4m7!3m6!1s0xd1939000bdae89b:0x71fd1b78c682d20f!8m2!3d38.7068576!4d-8.9793734!16s%2Fg%2F11wjchyc3s!19sChIJm-jaCwA5GQ0RD9KCxngb_XE?authuser=0&hl=fr&rclk=1
Sublime Comporta," EN 261-1 | 7570-337 Muda, CCI, 3954 Grândola, Portugal",Grândola+Portugal,Portugal,Hôtel avec spa,,"4,5", +351 269 449 376,http://www.sublimecomporta.pt/,,,https://www.google.com/maps/place/Sublime+Comporta/data=!4m10!3m9!1s0xd1bd9a8a800ea17:0x33a73626f33430da!5m2!4m1!1i2!8m2!3d38.2776679!4d-8.6991649!16s%2Fg%2F11b6hxwv9q!19sChIJF-oAqKjZGw0R2jA08yY2pzM?authuser=0&hl=fr&rclk=1
Independente Comporta," N 261, Estrada das Bicas 1, 7570-337 Grândola, Portugal",Grândola+Portugal,Portugal,Hôtel avec spa,,"4,6", +351 269 247 026,https://independente.eu/comporta/,frontoffice_ico@independente.eu,https://www.linkedin.com/company/theindependentecollective,https://www.google.com/maps/place/Independente+Comporta/data=!4m10!3m9!1s0xd1bd7ececda3727:0x1ed7396131a38cdb!5m2!4m1!1i2!8m2!3d38.2719379!4d-8.6422086!16s%2Fg%2F11tt6j6ql8!19sChIJJzfa7OzXGw0R24yjMWE51x4?authuser=0&hl=fr&rclk=1
The ONE - Country House," EN120 KM 27, 7570-777 Grândola, Portugal",Grândola+Portugal,Portugal,Centre thermal,,"4,9", +351 962 136 535,https://www.hoteisdirect.com/the-one-country-house/,,,https://www.google.com/maps/place/The+ONE+-+Country+House/data=!4m10!3m9!1s0xd1bce6a2c1fc1e1:0x7113ca5d966bc364!5m2!4m1!1i2!8m2!3d38.1450155!4d-8.5918806!16s%2Fg%2F11gpnfhhjg!19sChIJ4cEfLGrOGw0RZMNrll3KE3E?authuser=0&hl=fr&rclk=1
Mama Adama - Alpaca Farm and B&B," Font Fria Mosqueiroes, 7570-336 Grândola, Portugal",Grândola+Portugal,Portugal,Centre thermal,,"4,7", +351 960 136 253,http://www.mama-adama.pt/,info@mama-adama.pt,,https://www.google.com/maps/place/Mama+Adama+-+Alpaca+Farm+and+B%26B/data=!4m10!3m9!1s0xd1bcc6009987ec3:0x30f15a821e4464c0!5m2!4m1!1i2!8m2!3d38.1128515!4d-8.528624!16s%2Fg%2F11g9nqwpjv!19sChIJw36YCWDMGw0RwGREHoJa8TA?authuser=0&hl=fr&rclk=1
Monte das Faias Cork Farm Hotel," M543 Km 4.5, 7570-909 Grândola, Portugal",Grândola+Portugal,Portugal,Centre thermal,,"4,5", +351 269 440 003,,,,https://www.google.com/maps/place/Monte+das+Faias+Cork+Farm+Hotel/data=!4m10!3m9!1s0xd194373800ad3ff:0xcc8483b516b54dc7!5m2!4m1!1i2!8m2!3d38.1969817!4d-8.5030761!16s%2Fg%2F1tgpp8__!19sChIJ_9MKgHNDGQ0Rx021FrWDhMw?authuser=0&hl=fr&rclk=1
Monte do Brejinho de Água," Caminho Municipal N.º 1145, RIC N.º 3806, Brejinho de Água, 7570-516 Grândola, Portugal",Grândola+Portugal,Portugal,Centre thermal,,"4,7", +351 965 292 790,http://www.facebook.com/montedobrejinhoagua,,,https://www.google.com/maps/place/Monte+do+Brejinho+de+%C3%81gua/data=!4m10!3m9!1s0xd1bd982f3991a9d:0xec824a08abb0a95f!5m2!4m1!1i2!8m2!3d38.254246!4d-8.7024968!16s%2Fg%2F11bytzpn96!19sChIJnRqZ84LZGw0RX6mwqwhKguw?authuser=0&hl=fr&rclk=1
"Quinta Da Comporta - Wellness Boutique Resort, an SLH Hotel"," R. de Alto de Pina 2, 7570-779, Portugal",Grândola+Portugal,Portugal,Centre thermal,,"4,4", +351 265 112 390,https://www.quintadacomporta.com/,info@quintadacomporta.com,,"https://www.google.com/maps/place/Quinta+Da+Comporta+-+Wellness+Boutique+Resort,+an+SLH+Hotel/data=!4m10!3m9!1s0xd1bdf5d0fddefc5:0xf63e8bbbc9e56985!5m2!4m1!1i2!8m2!3d38.30922!4d-8.751587!16s%2Fg%2F11fky_rmns!19sChIJxe_dD13fGw0RhWnlybuLPvY?authuser=0&hl=fr&rclk=1"
Spatia Comporta," N261-1, Estrada das Bicas, Marco da Saibreira, Bicas, 7570-337 Grândola, Portugal",Grândola+Portugal,Portugal,Centre thermal,,"4,6", +351 269 249 486,http://www.spatiacomporta.com/,res@spatiacomporta.com,,https://www.google.com/maps/place/Spatia+Comporta/data=!4m10!3m9!1s0xd1bd7ae7502bc57:0x428912bff6b0df84!5m2!4m1!1i2!8m2!3d38.2647295!4d-8.6338056!16s%2Fg%2F11h_tvn1vt!19sChIJV7wCda7XGw0RhN-w9r8SiUI?authuser=0&hl=fr&rclk=1
Sensation Spa," R. Alexandre O'Neill 50, Bairro de São João, 7570-175 Grândola, Portugal",Grândola+Portugal,Portugal,Spa / bien-être,Spa,"5,0", +351 961 553 797,,,,https://www.google.com/maps/place/Sensation+Spa/data=!4m7!3m6!1s0xd1bd3deb3f5f54d:0x7bda640e3d4e7ae!8m2!3d38.1824358!4d-8.5680481!16s%2Fg%2F11rxp76gqq!19sChIJTfX1s97TGw0RrufU40CmvQc?authuser=0&hl=fr&rclk=1
Aura Spa," Estrada das Bicas N 261-1 Hotel Independente Comporta, 7570-337 Grândola, Portugal",Grândola+Portugal,Portugal,Spa / bien-être,Spa de jour,"5,0",,http://www.independente.eu/,reservations@independente.eu,https://www.linkedin.com/company/theindependentecollective,https://www.google.com/maps/place/Aura+Spa/data=!4m7!3m6!1s0xd1bd9a2be00e001:0x622717b2937fafa6!8m2!3d38.2723617!4d-8.6425509!16s%2Fg%2F11ks20zhvw!19sChIJAeAAvqLZGw0Rpq9_k7IXJ2I?authuser=0&hl=fr&rclk=1
Corpo & Alma Ayurvédica Massagem Spa," Av. Jorge de Vasconcelos Nunes 51C, 7570-113 Grândola, Portugal",Grândola+Portugal,Portugal,Spa / bien-être,Spa,"5,0", +351 920 563 061,https://corpoalmaayurvedicspa.setmore.com/sojan,sojanpv04@gmail.com,,https://www.google.com/maps/place/Corpo+%26+Alma+Ayurv%C3%A9dica+Massagem+Spa/data=!4m7!3m6!1s0xd1bd3a429c01473:0xd207dbf4f167eda0!8m2!3d38.1787428!4d-8.5608249!16s%2Fg%2F11yyxl3lct!19sChIJcxTAKaTTGw0RoO1n8fTbB9I?authuser=0&hl=fr&rclk=1
Hotel Rural Quinta da Conchada," Quinta da Conchada, 3360-316 Travanca do Mondego, Portugal",Penacova+Portugal,Portugal,Hôtel avec spa,,"4,6", +351 239 458 791,http://quintadaconchada.com/,geral@quintadaconchada.com,,https://www.google.com/maps/place/Hotel+Rural+Quinta+da+Conchada/data=!4m10!3m9!1s0xd22e1f9514a767d:0xdb0b61760eb2fa44!5m2!4m1!1i2!8m2!3d40.337315!4d-8.216186!16s%2Fg%2F1tgz1w3c!19sChIJfXZKUfnhIg0RRPqyDnZhC9s?authuser=0&hl=fr&rclk=1
Praia do Reconquinho," N2, Penacova, Portugal",Penacova+Portugal,Portugal,Centre thermal,,"4,4",,http://aquapolis.com.pt/parque-de-campismo-de-penacova-reconquinho/,camping.penacova@gmail.com,,https://www.google.com/maps/place/Praia+do+Reconquinho/data=!4m7!3m6!1s0xd231d56c17a5bbb:0xe25a30e692263e33!8m2!3d40.2667598!4d-8.2790819!16s%2Fg%2F1tf4g974!19sChIJu1t6wVYdIw0RMz4mkuYwWuI?authuser=0&hl=fr&rclk=1
Moinhos da Serra da Atalhada," Serra da Atalhada, 3360-078 Penacova, Portugal",Penacova+Portugal,Portugal,Centre thermal,Logement indépendant avec services,"4,4", +351 917 656 416,https://www.instagram.com/moinhosserradaatalhada?igsh=NnppNDQ3MjUycDZu,,,https://www.google.com/maps/place/Moinhos+da+Serra+da+Atalhada/data=!4m7!3m6!1s0xd22e406b2549bfd:0x8ba1568caedee29c!8m2!3d40.2572764!4d-8.2274049!16s%2Fg%2F1q62l825r!19sChIJ_ZtUsgbkIg0RnOLeroxWoYs?authuser=0&hl=fr&rclk=1
Praia Fluvial do Vimieiro," Unnamed Rd, Penacova, Portugal",Penacova+Portugal,Portugal,Centre thermal,Attraction touristique,"4,6",,http://aquapolis.com.pt/praia-fluvial-do-vimieiro-penacova/,uf-spa.spm@sapo.pt,,https://www.google.com/maps/place/Praia+Fluvial+do+Vimieiro/data=!4m7!3m6!1s0xd22e138bf6e60b1:0xa6a831cede486e06!8m2!3d40.2770745!4d-8.1981199!16s%2Fg%2F11bx1hbd1t!19sChIJsWBuvzjhIg0RBm5I3s4xqKY?authuser=0&hl=fr&rclk=1
Feijão Verde," R. Manuel Madeira 37, 3025-047 Coimbra, Portugal",Penacova+Portugal,Portugal,Parc aquatique,Parc de loisirs,"4,0", +351 911 860 007,https://feijao-verde.com/pt/coimbra/,,,https://www.google.com/maps/place/Feij%C3%A3o+Verde/data=!4m7!3m6!1s0xd22f8d82311a721:0x81a404240d84dbe!8m2!3d40.2344498!4d-8.4419165!16s%2Fg%2F11bxc5l00s!19sChIJIacRI9j4Ig0Rvk3YQEJAGgg?authuser=0&hl=fr&rclk=1
Termas Urbanas," R. Infante Dom Henrique 193, 3045-081 Coimbra, Portugal",Penacova+Portugal,Portugal,Spa / bien-être,Institut de beauté,"4,7", +351 239 810 119,https://www.facebook.com/termasurbanas,,,https://www.google.com/maps/place/Termas+Urbanas/data=!4m7!3m6!1s0xd22f861a58318ed:0x463620417ef533f8!8m2!3d40.200875!4d-8.465558!16s%2Fg%2F11c2nrcbq6!19sChIJ7RiDpWH4Ig0R-DP1fkEgNkY?authuser=0&hl=fr&rclk=1
VOGA Momentos SPA," R. Padre António Nogueira 3 1ºC, Q.ta da Lomba, 3030-416 Coimbra, Portugal",Penacova+Portugal,Portugal,Spa / bien-être,Centre de bien-être,"4,7", +351 239 724 562,http://www.vogamomentos.com/,,,https://www.google.com/maps/place/VOGA+Momentos+SPA/data=!4m7!3m6!1s0xd7a9de5d31a9195:0xa3a040d4289536a3!8m2!3d40.2038724!4d-8.3995028!16s%2Fg%2F11b6dvq3h9!19sChIJlZEa0-Wdeg0RozaVKNRAoKM?authuser=0&hl=fr&rclk=1
RESTAURANTE MONDEGO - Natália Henriques UNIP. LDA," Porto da Raiva, R. da Boa Viagem 18, 3360-137 Penacova, Portugal",Penacova+Portugal,Portugal,Spa / bien-être,Restaurant,"4,3", +351 239 476 126,,,,https://www.google.com/maps/place/RESTAURANTE+MONDEGO+-+Nat%C3%A1lia+Henriques+UNIP.+LDA/data=!4m7!3m6!1s0xd22e22da90d089d:0x457c116cda31c2fa!8m2!3d40.3036997!4d-8.2299571!16s%2Fg%2F1tnpm8dk!19sChIJnQgNqS3iIg0R-sIx2mwRfEU?authuser=0&hl=fr&rclk=1
"Índigo, Centro De Estética E Spa Urbano, Unipessoal Lda."," R. Pedro Álvares Cabral 30, 3030-069 Coimbra, Portugal",Penacova+Portugal,Portugal,Spa / bien-être,Spa,"4,7", +351 916 488 982,,,,"https://www.google.com/maps/place/%C3%8Dndigo,+Centro+De+Est%C3%A9tica+E+Spa+Urbano,+Unipessoal+Lda./data=!4m7!3m6!1s0xd22f99aa912be1f:0xd89c53b3085c05aa!8m2!3d40.1972418!4d-8.4078872!16s%2Fg%2F1q62gd4f2!19sChIJH74SqZr5Ig0RqgVcCLNTnNg?authuser=0&hl=fr&rclk=1"
Purity Life - massagista Gonçalo Nuno," Urbanização Quinta do Grijó, R. Nova do Casal dos Vagares Lote 1 R/CH-A, 3030-141 Coimbra, Portugal",Penacova+Portugal,Portugal,Spa / bien-être,Station thermale,"4,9", +351 961 411 006,https://purityurbanspa.pt/,info@stitchcarmechanics.com,,https://www.google.com/maps/place/Purity+Life+-+massagista+Gon%C3%A7alo+Nuno/data=!4m7!3m6!1s0xd22f9892f6b1fa5:0x78d19d978ed1a343!8m2!3d40.1946221!4d-8.4013293!16s%2Fg%2F1hc1dt890!19sChIJpR9rL4n5Ig0RQ6PRjped0Xg?authuser=0&hl=fr&rclk=1
LifeStyle SPA," R. Abel Dias Urbano, 3000-019 Coimbra, Portugal",Penacova+Portugal,Portugal,Spa / bien-être,Spa,"4,7", +351 929 254 636,,,,https://www.google.com/maps/place/LifeStyle+SPA/data=!4m7!3m6!1s0xd22f90335adcaeb:0xf593ed8bd1f5c1d2!8m2!3d40.2140819!4d-8.4366228!16s%2Fg%2F11c5rp6dpj!19sChIJ68qtNQP5Ig0R0sH10Yvtk_U?authuser=0&hl=fr&rclk=1
Lux Yang Therapy - Wellness Clinic & Medical SPA," R. Irmã Lúcia 20G, 3030-491 Coimbra, Portugal",Penacova+Portugal,Portugal,Spa / bien-être,Centre de bien-être,"5,0", +351 239 406 004,http://www.luxyangtherapy.com/,luciasilva@luxyangtherapy.com,,https://www.google.com/maps/place/Lux+Yang+Therapy+-+Wellness+Clinic+%26+Medical+SPA/data=!4m7!3m6!1s0xd22f988dd5e5e35:0xb3a925d0a5152be0!8m2!3d40.1955792!4d-8.400584!16s%2Fg%2F11f00j0zyn!19sChIJNV5e3Yj5Ig0R4CsVpdAlqbM?authuser=0&hl=fr&rclk=1
Zenestetika," Gira Solum Galerias, R. Joao de Deus Ramos 146 2° andar, loja 230, Fonte da Cheira, 3030-328 Coimbra, Portugal",Penacova+Portugal,Portugal,Spa / bien-être,Spa de jour,"4,8", +351 968 620 521,,,,https://www.google.com/maps/place/Zenestetika/data=!4m7!3m6!1s0xd22f90883955935:0x7ef39ac10f793d44!8m2!3d40.203682!4d-8.4049732!16s%2Fg%2F1thw7_pz!19sChIJNVmVgwj5Ig0RRD15D8Ga834?authuser=0&hl=fr&rclk=1
Lam Hotel Estarreja," R. Marques Rodrigues N36, 3860-404 Estarreja, Portugal",Sever do Vouga+Portugal,Portugal,Hôtel avec spa,,"3,8", +351 234 840 430,https://www.flagworldhotels.com/estarreja?utm_medium=organic&utm_source=google&utm_campaign=google-my-business&utm_term=google-local&utm_id=flagworld-estareja,booking@maarlab.com,,https://www.google.com/maps/place/Lam+Hotel+Estarreja/data=!4m10!3m9!1s0xd239c7cae0238b5:0x966c11fae6d99598!5m2!4m1!1i2!8m2!3d40.757536!4d-8.561484!16s%2Fg%2F11bbrl09qv!19sChIJtTgCrnycIw0RmJXZ5voRbJY?authuser=0&hl=fr&rclk=1
Piscina Municipal de Sever do Vouga," Av. Comendador Augusto Martins Pereira 3740, Sever do Vouga, Portugal",Sever do Vouga+Portugal,Portugal,Centre thermal,Piscine municipale,"3,0", +351 234 556 206,,,,https://www.google.com/maps/place/Piscina+Municipal+de+Sever+do+Vouga/data=!4m7!3m6!1s0xd23730008d3943b:0x36449126869d57d6!8m2!3d40.7260661!4d-8.3650628!16s%2Fg%2F11ykytvr6f!19sChIJO5TTCABzIw0R1ledhiaRRDY?authuser=0&hl=fr&rclk=1
Moleiro da Costa Má - Agroturismo," R. da Costa Má 931, 3740-323 Silva Escura, Portugal",Sever do Vouga+Portugal,Portugal,Centre thermal,,"4,7", +351 234 004 665,http://moleirodacostama.com/,info@moleirodacostama.com,,https://www.google.com/maps/place/Moleiro+da+Costa+M%C3%A1+-+Agroturismo/data=!4m10!3m9!1s0xd2376b492db6879:0xc23b52d2b1abd9d9!5m2!4m1!1i2!8m2!3d40.7504231!4d-8.3999846!16s%2Fg%2F11c3tl518s!19sChIJeWjbkrR2Iw0R2dmrsdJSO8I?authuser=0&hl=fr&rclk=1
Museu Municipal Sever do Vouga," R. do Parque, 3740-260 Sever do Vouga, Portugal",Sever do Vouga+Portugal,Portugal,Centre thermal,Musée,"4,6", +351 234 597 079,http://www.mm-sever.pt/,,,https://www.google.com/maps/place/Museu+Municipal+Sever+do+Vouga/data=!4m7!3m6!1s0xd2373d935daf09d:0x18ac9c15ab7d6498!8m2!3d40.7319491!4d-8.3680433!16s%2Fg%2F11c53b7yhr!19sChIJnfDaNdlzIw0RmGR9qxWcrBg?authuser=0&hl=fr&rclk=1
Vougapark - Innovation Center," Lugar Estação Edf. Vougapark, Estação, Aveiro, Portugal",Sever do Vouga+Portugal,Portugal,Centre thermal,,"4,0", +351 234 550 070,http://www.vougapark.pt/,,,https://www.google.com/maps/place/Vougapark+-+Innovation+Center/data=!4m7!3m6!1s0xd2478ba940ae39f:0xff1bcfa144e993be!8m2!3d40.7052175!4d-8.3598991!16s%2Fg%2F1q62czqlh!19sChIJn-MKlLp4JA0RvpPpRKHPG_8?authuser=0&hl=fr&rclk=1
ENERGYDAYSPA," Rua Padre José Poças Ribeiro 35, 2005-334 Santarém, Portugal",Santarém+Portugal,Portugal,Centre thermal,Spa,"5,0", +351 929 445 871,http://www.energydayspa.pt/,,,https://www.google.com/maps/place/ENERGYDAYSPA/data=!4m7!3m6!1s0xd18ed27ddc7d5f5:0xe85296fd58b22610!8m2!3d39.2546484!4d-8.7003266!16s%2Fg%2F11hzhvs31c!19sChIJ9dXH3SftGA0RECayWP2WUug?authuser=0&hl=fr&rclk=1
Scape Health & Sensations," Av. António dos Santos 34b, 2000-074 Santarém, Portugal",Santarém+Portugal,Portugal,Centre thermal,Salle de gym,"4,4", +351 243 377 805,http://www.scapebyenfis.com/,,,https://www.google.com/maps/place/Scape+Health+%26+Sensations/data=!4m7!3m6!1s0xd18ee6d26d6adb9:0x613151bcbd624af1!8m2!3d39.2328928!4d-8.6838509!16s%2Fg%2F11f3r1_rdt!19sChIJua3WJm3uGA0R8UpivbxRMWE?authuser=0&hl=fr&rclk=1
Leroy Merlin Santarém," Santarém Retail Park, Avenida General Ramalho Eanes, Quinta das Cegonhas, 2000-471 Santarém, Portugal",Santarém+Portugal,Portugal,Centre thermal,Magasin de bricolage,"4,2", +351 21 194 4944,https://www.leroymerlin.pt/lojas/santarem.html,,,https://www.google.com/maps/place/Leroy+Merlin+Santar%C3%A9m/data=!4m7!3m6!1s0xd18efaa4069cbc3:0xbf106305c7853acf!8m2!3d39.2137793!4d-8.6932507!16s%2Fg%2F11hzjhm14x!19sChIJw8tpQKrvGA0RzzqFxwVjEL8?authuser=0&hl=fr&rclk=1
Santarém Hotel," Av. Me. Andaluz S/N, 2000-210 Santarém, Portugal",Santarém+Portugal,Portugal,Centre thermal,,"4,2", +351 243 330 800,https://verdihotels.com/santarem/pt/,Verdi-Hotels-Logo-RGB@2x.png,,https://www.google.com/maps/place/Santar%C3%A9m+Hotel/data=!4m10!3m9!1s0xd18ee429dcfa0c1:0x714ca877c29a3c7f!5m2!4m1!1i2!8m2!3d39.2228159!4d-8.6921192!16s%2Fg%2F1thx59wz!19sChIJwaDPnULuGA0RfzyawneoTHE?authuser=0&hl=fr&rclk=1
Santarém pools," R. Prof. Américo Marinho 2, 2005-444 Santarém, Portugal",Santarém+Portugal,Portugal,Centre thermal,Piscine municipale,"4,2", +351 243 300 900,https://viversantarem.pt/parqueaquatico/,geral@viversantarem.pt,,https://www.google.com/maps/place/Santar%C3%A9m+pools/data=!4m7!3m6!1s0xd18ede98ae9bde7:0x960944259e95594c!8m2!3d39.2600128!4d-8.6808051!16s%2Fg%2F11bw2fhg71!19sChIJ573piuntGA0RTFmVniVECZY?authuser=0&hl=fr&rclk=1
Praia do Canal Nature Retreat," Herdade Vale dos Polvos, 8670-156 Aljezur, Portugal",Aljezur+Portugal,Portugal,Hôtel avec spa,,"4,6", +351 282 242 400,http://www.praiadocanal.pt/,reservas@praiadocanal.pt,,https://www.google.com/maps/place/Praia+do+Canal+Nature+Retreat/data=!4m10!3m9!1s0xd1b3f6e10deed53:0xd3cd6c1195da2154!5m2!4m1!1i2!8m2!3d37.260968!4d-8.8291567!16s%2Fg%2F11nxg6nmxx!19sChIJU-3eEG4_Gw0RVCHalRFszdM?authuser=0&hl=fr&rclk=1
Vale Palheiro Earth Resort," Rua Vale Palheiro, 8670-016 Aljezur, Portugal",Aljezur+Portugal,Portugal,Hôtel avec spa,,"4,8", +351 933 979 043,https://www.valepalheiro.com/,info@valepalheiro.com,,https://www.google.com/maps/place/Vale+Palheiro+Earth+Resort/data=!4m10!3m9!1s0xd1b15b0b2772a4f:0x2225e8bd1897e58e!5m2!4m1!1i2!8m2!3d37.3184073!4d-8.8109393!16s%2Fg%2F11ycb0gsgs!19sChIJTyp3srAVGw0RjuWXGL3oJSI?authuser=0&hl=fr&rclk=1
Amaria," Monte Novo, 8670-312 Odeceixe, Portugal",Aljezur+Portugal,Portugal,Hôtel avec spa,,"4,9", +351 910 333 555,http://www.amaria.pt/,contact@amaria.pt,,https://www.google.com/maps/place/Amaria/data=!4m10!3m9!1s0xd1b13b7b4ebe5c5:0xe27e293de165b1c1!5m2!4m1!1i2!8m2!3d37.4168107!4d-8.8006627!16s%2Fg%2F11kr0p5z0j!19sChIJxeXrtLcTGw0RwbFl4T0pfuI?authuser=0&hl=fr&rclk=1
Camping Serrão," Aljezur, Portugal",Aljezur+Portugal,Portugal,Parc aquatique,,"4,2", +351 282 990 220,http://www.campingserrao.com/,info@campingserrao.com,,https://www.google.com/maps/place/Camping+Serr%C3%A3o/data=!4m10!3m9!1s0xd1b150e4df482e3:0x60223686e025e30b!5m2!4m1!1i2!8m2!3d37.3395599!4d-8.813028!16s%2Fg%2F11c1ndl_x9!19sChIJ44L0TQ4VGw0RC-Ml4IY2ImA?authuser=0&hl=fr&rclk=1
Day Spa Carolina Agapito/ Massagens/Pedicure/ Manicure," EM1003 1, 8670-156 Aljezur, Portugal",Aljezur+Portugal,Portugal,Thalassothérapie,Spa de jour,"5,0", +351 965 168 335,,,,https://www.google.com/maps/place/Day+Spa+Carolina+Agapito%2F+Massagens%2FPedicure%2F+Manicure/data=!4m7!3m6!1s0xd1b41e702721aab:0x4a12361243f7dc25!8m2!3d37.296947!4d-8.8696632!16s%2Fg%2F11nnnpjwc9!19sChIJqxpyAudBGw0RJdz3QxI2Eko?authuser=0&hl=fr&rclk=1
Dawn Collective Shala," Bloco M. Loja A+B Sector B, Urbanização Vale da Telha, 8670-156 Aljezur, Portugal",Aljezur+Portugal,Portugal,Thalassothérapie,Centre de yoga,"5,0",,http://www.dawncollectiveshala.eu/,,,https://www.google.com/maps/place/Dawn+Collective+Shala/data=!4m7!3m6!1s0xd1b4192a89798ab:0x658216d8a4b393c9!8m2!3d37.2974738!4d-8.8560695!16s%2Fg%2F11g_zrqtx9!19sChIJq5iXqJJBGw0RyZOzpNgWgmU?authuser=0&hl=fr&rclk=1
Bodywisdom Holistic Therapies," Urbanização Vale da Telha L4 CP. 2079, 8670-156 Aljezur, Portugal",Aljezur+Portugal,Portugal,Thalassothérapie,Massothérapeute,"5,0", +351 931 786 218,https://www.bodywisdom.pt/,booking@bodywisdom.pt,,https://www.google.com/maps/place/Bodywisdom+Holistic+Therapies/data=!4m7!3m6!1s0xd1b6ba4603deb35:0x3e6192cbce0b0237!8m2!3d37.314204!4d-8.8618417!16s%2Fg%2F11thsp41gg!19sChIJNes9YKRrGw0RNwILzsuSYT4?authuser=0&hl=fr&rclk=1
La Vénus de Lisbonne Guesthouse," RUA DO MATO FORTE - QUINTA DO MONTE DAS ABELHAS - CASAL DO, Túnel de Mato Forte, 2615-631 Calhandriz, Portugal",Loures+Portugal,Portugal,Centre thermal,,"4,9", +351 910 135 376,https://www.venus-de-lisbonne.com/,,,https://www.google.com/maps/place/La+V%C3%A9nus+de+Lisbonne+Guesthouse/data=!4m10!3m9!1s0xd1929b0c737f4ef:0x3d0cd865d55032a4!5m2!4m1!1i2!8m2!3d38.9383965!4d-9.0632694!16s%2Fg%2F11gycq9_ny!19sChIJ7_Q3x7ApGQ0RpDJQ1WXYDD0?authuser=0&hl=fr&rclk=1
Decathlon Loures," Quinta Casal de Pipa EN 250, 2670-339 Loures, Portugal",Loures+Portugal,Portugal,Centre thermal,Magasin d'articles de sports,"4,2", +351 21 012 6060,https://www.decathlon.pt/store-view/loja-de-desporto-loures-0070033300333,,https://www.linkedin.com/company/decathlon-group,https://www.google.com/maps/place/Decathlon+Loures/data=!4m7!3m6!1s0xd192d399807c83d:0x4dda091da55a2cdb!8m2!3d38.8175944!4d-9.1753049!16s%2Fg%2F1xgzd0_h!19sChIJPcgHmDktGQ0R2yxapR0J2k0?authuser=0&hl=fr&rclk=1
Leroy Merlin Loures Compact," Quinta Casal de Pipa C.C. Continente Loja MS, 1 Est. Nacional 250, 2670-339 Loures, Portugal",Loures+Portugal,Portugal,Centre thermal,Magasin de bricolage,"4,2", +351 21 194 4944,https://www.leroymerlin.pt/lojas/loures-compact.html,,,https://www.google.com/maps/place/Leroy+Merlin+Loures+Compact/data=!4m7!3m6!1s0xd192d81ddbee8f1:0x8e12e6a7d2b2ec79!8m2!3d38.8194295!4d-9.1767499!16s%2Fg%2F11lm1fm6jd!19sChIJ8ei-3YEtGQ0Reeyy0qfmEo4?authuser=0&hl=fr&rclk=1
Feijão Verde Fun Park Loures," Av. Descobertas 90 Lj 1005, 2670-457 Loures, Portugal",Loures+Portugal,Portugal,Parc aquatique,,"3,8", +351 911 860 007,http://www.feijao-verde.com/,,,https://www.google.com/maps/place/Feij%C3%A3o+Verde+Fun+Park+Loures/data=!4m7!3m6!1s0xd192d1d28cf736b:0xfdb6f79c91312afe!8m2!3d38.8334568!4d-9.1565854!16s%2Fg%2F11c6cbm8fc!19sChIJa3PPKB0tGQ0R_ioxkZz3tv0?authuser=0&hl=fr&rclk=1
GesLoures: Piscinas Municipais de Loures," R. António Caetano Bernardo, 2670-424 Loures, Portugal",Loures+Portugal,Portugal,Parc aquatique,Piscine municipale,"4,2", +351 21 982 6700,http://www.gesloures.pt/,geral@gesloures.pt,,https://www.google.com/maps/place/GesLoures:+Piscinas+Municipais+de+Loures/data=!4m7!3m6!1s0xd192d18d180dbe7:0x4c4949b427e75544!8m2!3d38.8303232!4d-9.1640038!16s%2Fg%2F11gzbr4v9!19sChIJ59uA0RgtGQ0RRFXnJ7RJSUw?authuser=0&hl=fr&rclk=1
Thai massage & wellness loures," Av. Diogo Cão 13, 2670-327 Loures, Portugal",Loures+Portugal,Portugal,Thalassothérapie,Salon de massage thaïlandais,"5,0", +351 936 297 216,,,,https://www.google.com/maps/place/Thai+massage+%26+wellness+loures/data=!4m7!3m6!1s0xd192d7bb39138f5:0x76135dc2ee8f195e!8m2!3d38.8381468!4d-9.1570434!16s%2Fg%2F11mdq9vthm!19sChIJ9TiRs3stGQ0RXhmP7sJdE3Y?authuser=0&hl=fr&rclk=1
ADN CORPO E MENTE," Rua da República n° 106 1D gabinete 4, 2670-471 Loures, Portugal",Loures+Portugal,Portugal,Thalassothérapie,Esthéticien,"5,0", +351 937 239 306,,,,https://www.google.com/maps/place/ADN+CORPO+E+MENTE/data=!4m7!3m6!1s0xd192d5777a865d3:0xe9ea46def4d82eff!8m2!3d38.8317394!4d-9.169621!16s%2Fg%2F11xdx4tg_b!19sChIJ02Wod1ctGQ0R_y7Y9N5G6uk?authuser=0&hl=fr&rclk=1
Sheraton Cascais Resort," R. Palmeiras 5, Q.ta da M.nha, 2750-005 Cascais, Portugal",Cascais+Portugal,Portugal,Hôtel avec spa,,"4,5", +351 21 482 9100,https://www.marriott.com/en-us/hotels/lissc-sheraton-cascais-resort/overview/?scid=f2ae0541-1279-4f24-b197-a979c79310b0,,,https://www.google.com/maps/place/Sheraton+Cascais+Resort/data=!4m10!3m9!1s0xd1ec38b65c21b2b:0x727cb883656fe921!5m2!4m1!1i2!8m2!3d38.710105!4d-9.4608537!16s%2Fg%2F1v_z5lbw!19sChIJKxvCZYvDHg0RIelvZYO4fHI?authuser=0&hl=fr&rclk=1
Hotel Cascais Miragem Health & Spa," Av. Marginal 8554, 2754-536 Cascais, Portugal",Cascais+Portugal,Portugal,Hôtel avec spa,,"4,7", +351 21 006 0600,https://www.cascaismirage.com/,geral@cascaismirage.com,https://www.linkedin.com/company/hotelcascaismiragem,https://www.google.com/maps/place/Hotel+Cascais+Miragem+Health+%26+Spa/data=!4m10!3m9!1s0xd1ec5c45333f9b3:0x87336c79677e4bc0!5m2!4m1!1i2!8m2!3d38.7023866!4d-9.4108192!16s%2Fg%2F1vr1xxc_!19sChIJs_kzU8TFHg0RwEt-Z3lsM4c?authuser=0&hl=fr&rclk=1
Onyria Quinta da Marinha Hotel," R. Palmeiras 247, 2750-005 Cascais, Portugal",Cascais+Portugal,Portugal,Hôtel avec spa,,"4,5", +351 21 486 0100,http://www.quintadamarinha.com/,sales@kimptoncascais.com,https://www.linkedin.com/company/onyria-golf-resorts,https://www.google.com/maps/place/Onyria+Quinta+da+Marinha+Hotel/data=!4m10!3m9!1s0xd1ec3f55d7085ff:0xb81269f385053f58!5m2!4m1!1i2!8m2!3d38.7073738!4d-9.4567951!16s%2Fg%2F1tv25dr7!19sChIJ_4VwXfXDHg0RWD8FhfNpErg?authuser=0&hl=fr&rclk=1
Hotel Vila Galé Estoril," Av. Marginal 49, 2766-901 Estoril, Portugal",Cascais+Portugal,Portugal,Hôtel avec spa,,"4,3", +351 21 464 8400,https://www.vilagale.com/pt-pt/hoteis-portugal/hoteis-costa-de-lisboa/vila-gale-estoril/,estoril@vilagale.com,https://www.linkedin.com/company/vila-gale-s-a-,https://www.google.com/maps/place/Hotel+Vila+Gal%C3%A9+Estoril/data=!4m10!3m9!1s0xd1ec5c4dbab3477:0x84c671096197b286!5m2!4m1!1i2!8m2!3d38.7039543!4d-9.3966308!16s%2Fg%2F1tfwr75g!19sChIJdzSr28TFHg0RhrKXYQlxxoQ?authuser=0&hl=fr&rclk=1
Carcavelos Beach Hotel," R. Gurué 16, 2775-581 Carcavelos, Portugal",Cascais+Portugal,Portugal,Hôtel avec spa,,"3,2", +351 21 458 5100,https://www.almeidahotels.pt/en/hotel-carcavelos-in-lisbon/?partner=8087utm_source=google&utm_medium=organic&utm_campaign=MyBusiness&utm,carcavelosbeach@almeidahotels.pt,,https://www.google.com/maps/place/Carcavelos+Beach+Hotel/data=!4m10!3m9!1s0xd1ec8c6e14fc9ed:0x42d97acd308bc0a9!5m2!4m1!1i2!8m2!3d38.683253!4d-9.342025!16s%2Fg%2F1tfbdfbm!19sChIJ7clP4cbIHg0RqcCLMM162UI?authuser=0&hl=fr&rclk=1
Longevity Senses - Cascais Boutique Hotel & Clinic," Avenida Nossa Senhora do Cabo 1316, 2750-374 Cascais, Portugal",Cascais+Portugal,Portugal,Hôtel avec spa,,"4,6", +351 21 486 9239,http://longevitycascais.com/,reservations@longevitycascais.com,,https://www.google.com/maps/place/Longevity+Senses+-+Cascais+Boutique+Hotel+%26+Clinic/data=!4m10!3m9!1s0xd1ec3f886eb135d:0xc898b523008dcdd4!5m2!4m1!1i2!8m2!3d38.6959282!4d-9.4562403!16s%2Fg%2F11x1b301pk!19sChIJXRPrhvjDHg0R1M2NACO1mMg?authuser=0&hl=fr&rclk=1
Estoril Vintage Hotel," R. Alfredo da Silva 61, 2765-393 Estoril, Portugal",Cascais+Portugal,Portugal,Hôtel avec spa,,"4,8", +351 21 466 6050,https://www.estorilvintage.com/,estorilvintage@estorilvintage.com,,https://www.google.com/maps/place/Estoril+Vintage+Hotel/data=!4m10!3m9!1s0xd1ec5bd2b4e26d1:0x2e68782942f7fd4!5m2!4m1!1i2!8m2!3d38.702659!4d-9.4098549!16s%2Fg%2F11rq24_3pv!19sChIJ0SZOK73FHg0R1H8vlIKH5gI?authuser=0&hl=fr&rclk=1
Elite Motel," R. da Colina 23, 2710-730 Sintra, Portugal",Cascais+Portugal,Portugal,Hôtel avec spa,,"4,1", +351 21 915 4580,http://www.elitemotel.pt/,info@elitemotel.pt,,https://www.google.com/maps/place/Elite+Motel/data=!4m10!3m9!1s0xd1eda956a798411:0xd6b2f1dfd93d908b!5m2!4m1!1i2!8m2!3d38.7603976!4d-9.3612012!16s%2Fg%2F1tftglh2!19sChIJEYR5apXaHg0Ri5A92d_xstY?authuser=0&hl=fr&rclk=1
Riviera Hotel," R. Bartolomeu Dias 148, 2775-551 Carcavelos, Portugal",Cascais+Portugal,Portugal,Hôtel avec spa,,"4,2", +351 21 458 6600,https://www.rivierahotel.pt/,,,https://www.google.com/maps/place/Riviera+Hotel/data=!4m10!3m9!1s0xd1ec8c7a2c3b349:0x8a52d85f7ffe0190!5m2!4m1!1i2!8m2!3d38.685012!4d-9.3431278!16s%2Fg%2F1thw7_km!19sChIJSbPDosfIHg0RkAH-f1_YUoo?authuser=0&hl=fr&rclk=1
Kimpton Quinta Da Marinha by IHG," R. Palmeiras 247, 2750-005 Cascais, Portugal",Cascais+Portugal,Portugal,Hôtel avec spa,,"4,6", +351 21 486 0100,https://www.ihg.com/kimptonhotels/hotels/us/en/cascais/catoq/hoteldetail,,,https://www.google.com/maps/place/Kimpton+Quinta+Da+Marinha+by+IHG/data=!4m10!3m9!1s0xd1ec3f4d74a5f13:0x26fda05b904e2ad9!5m2!4m1!1i2!8m2!3d38.7073812!4d-9.4568144!16s%2Fg%2F11zcxyw8c3!19sChIJE19K1_TDHg0R2SpOkFug_SY?authuser=0&hl=fr&rclk=1
Evolution Cascais-Estoril Hotel," Av. Marginal 7034, 2765-587 Estoril, Portugal",Cascais+Portugal,Portugal,Hôtel avec spa,,"4,5", +351 21 902 3600,https://www.sanahotels.com/hotel/evolution-cascais-estoril/,hello.cascais-estoril@evolution-hotels.com,https://www.linkedin.com/company/sana-hotels,https://www.google.com/maps/place/Evolution+Cascais-Estoril+Hotel/data=!4m10!3m9!1s0xd1ec5c80663f03f:0x2004ca90e7a7c54d!5m2!4m1!1i2!8m2!3d38.7036988!4d-9.3949799!16s%2Fg%2F11q9mh55n4!19sChIJP_BjBsjFHg0RTcWn55DKBCA?authuser=0&hl=fr&rclk=1
The Oitavos," R. de Oitavos, 2750-374 Cascais, Portugal",Cascais+Portugal,Portugal,Hôtel avec spa,,"4,5", +351 21 486 0020,https://www.theoitavos.com/,reservations@oitavosdunes.pt,,https://www.google.com/maps/place/The+Oitavos/data=!4m10!3m9!1s0xd1ec5006d99bd5b:0xf35932337908a863!5m2!4m1!1i2!8m2!3d38.7032339!4d-9.4668334!16s%2Fg%2F1yf_9mrb7!19sChIJW72ZbQDFHg0RY6gIeTMyWfM?authuser=0&hl=fr&rclk=1
Paradise Suites," R. Afonso de Albuquerque 23, 2775-374 Carcavelos, Portugal",Cascais+Portugal,Portugal,Hôtel avec spa,,"4,7", +351 938 811 369,https://www.paradisesuites.pt/,info@paradisesuites.pt,,https://www.google.com/maps/place/Paradise+Suites/data=!4m10!3m9!1s0xd1ecf3399153c07:0x3daf80bbcb56f767!5m2!4m1!1i2!8m2!3d38.700495!4d-9.3384995!16s%2Fg%2F11h18zthw8!19sChIJBzwVmTPPHg0RZ_dWy7uArz0?authuser=0&hl=fr&rclk=1
Pestana Cidadela Cascais," Av. Dom Carlos I, 2750-310 Cascais, Portugal",Cascais+Portugal,Portugal,Hôtel avec spa,,"4,7", +351 21 481 4300,https://www.pestana.com/en/hotel/fortress-cascais?utm_campaign=fortress-cascais-partoo&utm_medium=organicsearch,recepcao.pousadacascais@pestana.com,,https://www.google.com/maps/place/Pestana+Cidadela+Cascais/data=!4m10!3m9!1s0xd1ec42901738bf3:0xf56383048cdc6277!5m2!4m1!1i2!8m2!3d38.693908!4d-9.419824!16s%2Fg%2F11bw4bs5f5!19sChIJ84tzASnEHg0Rd2LcjASDY_U?authuser=0&hl=fr&rclk=1
"Onyria Marinha Cascais, Vignette Collection by IHG"," R. Clube 1, Q.ta da M.nha, 2750-002 Cascais, Portugal",Cascais+Portugal,Portugal,Hôtel avec spa,,"4,6", +351 21 486 0150,https://www.ihg.com/vignettecollection/hotels/gb/en/cascais/catbm/hoteldetail?cm_mmc=GoogleMaps-_-LX-_-PT-_-CATBM,,,"https://www.google.com/maps/place/Onyria+Marinha+Cascais,+Vignette+Collection+by+IHG/data=!4m10!3m9!1s0xd1ec3f647f5207f:0xf64e3cc60737d485!5m2!4m1!1i2!8m2!3d38.7019335!4d-9.4574467!16s%2Fg%2F1tkvc063!19sChIJfyD1R_bDHg0RhdQ3B8Y8TvY?authuser=0&hl=fr&rclk=1"
Pestana Cascais," Av. Manuel Júlio Carvalho e Costa 115, 2754-518 Cascais, Portugal",Cascais+Portugal,Portugal,Hôtel avec spa,,"4,4", +351 21 482 5900,https://www.pestana.com/en/hotel/pestana-cascais?utm_campaign=pestana-cascais-partoo&utm_medium=organicsearch,reception.cascais@pestana.com,,https://www.google.com/maps/place/Pestana+Cascais/data=!4m10!3m9!1s0xd1ec4196dc6a0b7:0xb7a23e490b3a54b5!5m2!4m1!1i2!8m2!3d38.697029!4d-9.438028!16s%2Fg%2F1thbxyhg!19sChIJt6DGbRnEHg0RtVQ6C0k-orc?authuser=0&hl=fr&rclk=1
Hotel Lagoas Park," R. Encosta das Lagoas 2, 2740-245 Porto Salvo, Portugal",Cascais+Portugal,Portugal,Hôtel avec spa,,"4,5", +351 21 110 9700,https://www.tdhotels.com/portugal/hoteis-oeiras/lagoas-park-hotel,,,https://www.google.com/maps/place/Hotel+Lagoas+Park/data=!4m10!3m9!1s0xd1ecec4628053ef:0x95fc23aabafac6b5!5m2!4m1!1i2!8m2!3d38.7152186!4d-9.3094434!16s%2Fg%2F11cfbg3tg!19sChIJ71OAYsTOHg0Rtcb6uqoj_JU?authuser=0&hl=fr&rclk=1
Hotel Cascais Miragem Health & Spa," Av. Marginal 8554, 2754-536 Cascais, Portugal",Cascais+Portugal,Portugal,Hôtel avec spa,,"4,7", +351 21 006 0600,https://www.cascaismirage.com/,geral@cascaismirage.com,https://www.linkedin.com/company/hotelcascaismiragem,https://www.google.com/maps/place/Hotel+Cascais+Miragem+Health+%26+Spa/data=!4m10!3m9!1s0xd1ec5cd59707da9:0x87336c79677e4bc0!5m2!4m1!1i2!8m2!3d38.702387!4d-9.410819!16s%2Fg%2F1vr1xxc_!19sChIJqX1wWc3FHg0RwEt-Z3lsM4c?authuser=0&hl=fr&rclk=1
"Palácio Estoril Hotel, Golf & Wellness"," R. Particular, 2769-504 Estoril, Portugal",Cascais+Portugal,Portugal,Hôtel avec spa,,"4,6", +351 21 464 8000,https://www.palacioestorilhotel.com/?utm_source=google&utm_medium=organic&utm_campaign=GoogleMyBusiness&partner=11543,,,"https://www.google.com/maps/place/Pal%C3%A1cio+Estoril+Hotel,+Golf+%26+Wellness/data=!4m10!3m9!1s0xd1ec5c49581e0c1:0xf37fc835205fb44a!5m2!4m1!1i2!8m2!3d38.7047728!4d-9.3962742!16s%2Fg%2F1td_zwdd!19sChIJweCBlcTFHg0RSrRfIDXIf_M?authuser=0&hl=fr&rclk=1"
Lux Apartment Ocean," R. Vasco da Gama 60D Bl a, 2775-297 Parede, Portugal",Cascais+Portugal,Portugal,Hôtel avec spa,,"4,8", +351 969 769 173,https://luxapartmentocean.bookingturbo.com/en/,,,https://www.google.com/maps/place/Lux+Apartment+Ocean/data=!4m10!3m9!1s0xd1ec9c942031981:0x1812dc5bd753a3cd!5m2!4m1!1i2!8m2!3d38.6850402!4d-9.350399!16s%2Fg%2F11vwqv5057!19sChIJgRkDQsnJHg0RzaNT11vcEhg?authuser=0&hl=fr&rclk=1
Hotel Vila Galé Cascais," Rua Frei Nicolau de Oliveira, 80, Parque da Gandarinha, 2750-641 Cascais, Portugal",Cascais+Portugal,Portugal,Hôtel avec spa,,"4,3", +351 21 482 6000,https://www.vilagale.com/pt-pt/hoteis-portugal/hoteis-costa-de-lisboa/vila-gale-cascais/,cascais@vilagale.com,https://www.linkedin.com/company/vila-gale-s-a-,https://www.google.com/maps/place/Hotel+Vila+Gal%C3%A9+Cascais/data=!4m10!3m9!1s0xd1a0d2d5df252f3:0x12e70ebdff9a5e3b!5m2!4m1!1i2!8m2!3d38.6913414!4d-9.4228125!16s%2Fg%2F1tdcybyh!19sChIJ81LyXS0NGg0RO16a_70O5xI?authuser=0&hl=fr&rclk=1
"Legacy Hotel Cascais, Curio Collection by Hilton"," Av. 25 de Abril 528, 2750-511 Cascais, Portugal",Cascais+Portugal,Portugal,Hôtel avec spa,,"4,8", +351 21 054 0559,https://www.hilton.com/en/hotels/lctlhqq-legacy-hotel-cascais/?SEO_id=GMB-EMEA-QQ-LCTLHQQ,,,"https://www.google.com/maps/place/Legacy+Hotel+Cascais,+Curio+Collection+by+Hilton/data=!4m10!3m9!1s0xd1ec424d6f46aa7:0x7fa332a6adea7083!5m2!4m1!1i2!8m2!3d38.7007543!4d-9.4256602!16s%2Fg%2F11kbwfp_wm!19sChIJp2r01iTEHg0Rg3DqraYyo38?authuser=0&hl=fr&rclk=1"
InterContinental Cascais-Estoril by IHG," Av. Marginal 8023, 2765-249 Estoril, Portugal",Cascais+Portugal,Portugal,Hôtel avec spa,,"4,8", +351 21 829 1100,https://www.ihg.com/intercontinental/hotels/gb/en/cascais-estoril/liset/hoteldetail?cm_mmc=GoogleMaps-_-IC-_-PT-_-LISET,,,https://www.google.com/maps/place/InterContinental+Cascais-Estoril+by+IHG/data=!4m10!3m9!1s0xd1ec5ce6e75d5f5:0x67a11fb46af5c4ff!5m2!4m1!1i2!8m2!3d38.7041392!4d-9.4058204!16s%2Fg%2F11bttgw4rt!19sChIJ9dV1bs7FHg0R_8T1arQfoWc?authuser=0&hl=fr&rclk=1
Hotel Inglaterra Estoril," R. do Porto 1, 2765-271 Estoril, Portugal",Cascais+Portugal,Portugal,Hôtel avec spa,,"4,2", +351 21 468 4461,https://www.hotelinglaterraestoril.com.pt/,reservas@hotelinglaterra.com.pt,,https://www.google.com/maps/place/Hotel+Inglaterra+Estoril/data=!4m10!3m9!1s0xd1ec5c482841093:0x321b5052cd355aac!5m2!4m1!1i2!8m2!3d38.7056215!4d-9.3951747!16s%2Fg%2F1tdljkgc!19sChIJkxCEgsTFHg0RrFo1zVJQGzI?authuser=0&hl=fr&rclk=1
Amazing Thai Spa & Massage in Cascais," R. Visc. Luz 13B, 2750-338 Cascais, Portugal",Cascais+Portugal,Portugal,Centre thermal,Institut de massages,"4,8", +351 913 766 670,http://www.amazingthai.pt/,,,https://www.google.com/maps/place/Amazing+Thai+Spa+%26+Massage+in+Cascais/data=!4m7!3m6!1s0xd1ec5d1575aec49:0x2ae89f60b5070682!8m2!3d38.6986364!4d-9.420948!16s%2Fg%2F11k41xq5l2!19sChIJSexaV9HFHg0RggYHtWCf6Co?authuser=0&hl=fr&rclk=1
Longevity Clinic Cascais," Avenida Nossa Senhora do Cabo 1316, 2750-374 Cascais, Portugal",Cascais+Portugal,Portugal,Centre thermal,Spa médical,, +351 21 486 9239,https://longevitywellnessclinics.com/longevity-cascais/,clinic@longevitycascais.com,,https://www.google.com/maps/place/Longevity+Clinic+Cascais/data=!4m7!3m6!1s0xd1ec56a3a0fc997:0x5a1be2dd86df6f7a!8m2!3d38.6961933!4d-9.4559533!16s%2Fg%2F11n9dwhqqr!19sChIJl8kPOmrFHg0Rem_fht3iG1o?authuser=0&hl=fr&rclk=1
Estoril Wellness Center," Hotel Palácio, R. Particular, 2769-504 Estoril, Portugal",Cascais+Portugal,Portugal,Centre thermal,Centre de bien-être,"4,5", +351 21 465 8600,https://estorilwellnesscenter.pt/?utm_source=GMB&utm_medium=GMB&utm_campaign=GMB&utm_id=GMB,geral@estorilwellnesscenter.pt,https://pt.linkedin.com/company/estoril-wellness-center,https://www.google.com/maps/place/Estoril+Wellness+Center/data=!4m7!3m6!1s0xd1ec5c48f41e9fb:0xa6cd87fd26bed226!8m2!3d38.7054364!4d-9.3956867!16s%2Fg%2F11cs4yjq9b!19sChIJ--lBj8TFHg0RJtK-Jv2HzaY?authuser=0&hl=fr&rclk=1
Holmes Place Cascais," Av. Marginal 8554, 2754-536 Cascais, Portugal",Cascais+Portugal,Portugal,Centre thermal,Salle de gym,"4,0", +351 21 482 5700,https://www.holmesplace.com/pt/pt/clubes/cascais,,,https://www.google.com/maps/place/Holmes+Place+Cascais/data=!4m7!3m6!1s0xd1ec5cd5030ceef:0xae09950afab46ee6!8m2!3d38.7024111!4d-9.4112687!16s%2Fg%2F1hhhchfxv!19sChIJ784wUM3FHg0R5m60-gqVCa4?authuser=0&hl=fr&rclk=1
EcoMassage - Massage Cascais," Av. Valbom 8, 2750-508 Cascais, Portugal",Cascais+Portugal,Portugal,Centre thermal,Spa,"4,9", +351 21 022 9508,https://www.ecomassage.com/book-an-appointment,,,https://www.google.com/maps/place/EcoMassage+-+Massage+Cascais/data=!4m7!3m6!1s0xd19351098d09b0d:0xa4a798d7c6d069d6!8m2!3d38.6989739!4d-9.4201455!16s%2Fg%2F11t0m6hhq6!19sChIJDZvQmBA1GQ0R1mnQxteYp6Q?authuser=0&hl=fr&rclk=1
Wellness by SAYANNA - EVOLUTION Cascais-Estoril," Av. Marginal 7034, 2765-587 Estoril, Portugal",Cascais+Portugal,Portugal,Centre thermal,Spa,"4,7", +351 21 902 3638,https://www.sanahotels.com/hotel/evolution-cascais-estoril/wellness-by-sayanna-spa/,estoril@sayannawellness.com,https://www.linkedin.com/company/sana-hotels,https://www.google.com/maps/place/Wellness+by+SAYANNA+-+EVOLUTION+Cascais-Estoril/data=!4m7!3m6!1s0xd1ec58edee63ec7:0x759f981c4128fb07!8m2!3d38.7036988!4d-9.3949799!16s%2Fg%2F11tgf1g47y!19sChIJxz7m3o7FHg0RB_soQRyYn3U?authuser=0&hl=fr&rclk=1
"Aquajump, Parque Aquático - Boat Tours - SUP / Paddle & Kayak - Rental"," CWR3+R2, Avenida 25 de Abril opposite No7, 2970-742 Sesimbra, Portugal",Cascais+Portugal,Portugal,Parc aquatique,Magasin d'articles de plage,"4,9", +351 965 738 870,https://www.aquajump-watersports-sesimbratours.com/,aquajumpp@gmail.com,,"https://www.google.com/maps/place/Aquajump,+Parque+Aqu%C3%A1tico+-+Boat+Tours+-+SUP+%2F+Paddle+%26+Kayak+-+Rental/data=!4m7!3m6!1s0xd195189dc8734a5:0x1c3fa9b6332a5a70!8m2!3d38.4420683!4d-9.0973473!16s%2Fg%2F11lxp5cvnk!19sChIJpTSH3IlRGQ0RcFoqM7apPxw?authuser=0&hl=fr&rclk=1"
Piscina Oceânica de Oeiras," Piscina Oceânica |, Av. Marginal, Praia da Torre, 2780-267 Oeiras, Portugal",Cascais+Portugal,Portugal,Parc aquatique,Piscine extérieure,"4,1", +351 21 446 2552,https://oeirasviva.pt/piscina-oceanica-de-oeiras/,poceanica@oeirasviva.pt,https://www.linkedin.com/company/oeiras-viva-e-m,https://www.google.com/maps/place/Piscina+Oce%C3%A2nica+de+Oeiras/data=!4m7!3m6!1s0xd1ec91f14c75f69:0x19628a4339b33ff3!8m2!3d38.6766819!4d-9.3189278!16s%2Fg%2F11b6_gn95w!19sChIJaV_HFB_JHg0R8z-zOUOKYhk?authuser=0&hl=fr&rclk=1
Piscinas Oceânicas da Praia das Maçãs," Av. Eugene Levy 29, 2705-306 Colares, Portugal",Cascais+Portugal,Portugal,Parc aquatique,Piscine extérieure,"3,9", +351 21 929 2027,http://www.sintrasol.com/,,,https://www.google.com/maps/place/Piscinas+Oce%C3%A2nicas+da+Praia+das+Ma%C3%A7%C3%A3s/data=!4m7!3m6!1s0xd1edc7028de92e1:0xd80425219caa4dac!8m2!3d38.8237804!4d-9.4671639!16s%2Fg%2F11bwyx81jp!19sChIJ4ZLeKHDcHg0RrE2qnCElBNg?authuser=0&hl=fr&rclk=1
Piscine océanique Alberto Romano," Av. Marginal 1, 2750-335 Lisboa, Portugal",Cascais+Portugal,Portugal,Parc aquatique,Attraction touristique,"4,4",,http://www.playocean.net/portugal/cascais/praias/piscina-oceanica-alberto-romano,,,https://www.google.com/maps/place/Piscine+oc%C3%A9anique+Alberto+Romano/data=!4m7!3m6!1s0xd1ec42d5d279495:0x96ff42815943e6cd!8m2!3d38.7013302!4d-9.4129388!16s%2Fg%2F11b70gc87d!19sChIJlZQnXS3EHg0RzeZDWYFC_5Y?authuser=0&hl=fr&rclk=1
Praia da Arriba," Cascais, Portugal",Cascais+Portugal,Portugal,Parc aquatique,Attraction touristique,"4,6",,http://www.playocean.net/portugal/cascais/praias/praia-da-arriba,,,https://www.google.com/maps/place/Praia+da+Arriba/data=!4m7!3m6!1s0xd1ec3a27a9f4625:0x107945fc7b6e440!8m2!3d38.720194!4d-9.4791671!16s%2Fg%2F11b70fjf86!19sChIJJUafeqLDHg0RQOS2x1-UBwE?authuser=0&hl=fr&rclk=1
Satsanga Wellness Cascais," R. Frei Nicolau de Oliveira 80, 2750-641 Cascais, Portugal",Cascais+Portugal,Portugal,Thalassothérapie,Institut de spa et bien-être,"4,1", +351 934 477 849,https://www.vilagale.com/pt/destaques/spa-wellness/satsanga-spa-wellness,,https://www.linkedin.com/company/vila-gale-s-a-,https://www.google.com/maps/place/Satsanga+Wellness+Cascais/data=!4m7!3m6!1s0xd1ec565f9884f15:0x4c49254fe6d44b8!8m2!3d38.6912261!4d-9.4234458!16s%2Fg%2F11sfrzgv1s!19sChIJFU-I-WXFHg0RuERt_lSSxAQ?authuser=0&hl=fr&rclk=1
Satsanga Wellness Estoril," Av. Marginal 49, 2766-901 Estoril, Portugal",Cascais+Portugal,Portugal,Thalassothérapie,Centre de bien-être,"4,8", +351 967 939 714,https://www.vilagale.com/pt-pt/hoteis-portugal/hoteis-costa-de-lisboa/vila-gale-estoril/#spa,estoril@vilagale.com,https://www.linkedin.com/company/vila-gale-s-a-,https://www.google.com/maps/place/Satsanga+Wellness+Estoril/data=!4m7!3m6!1s0xd1ec50b48729373:0xfc457628461efc46!8m2!3d38.7039332!4d-9.3966334!16s%2Fg%2F11z8j3rybf!19sChIJc5NySAvFHg0RRvweRih2Rfw?authuser=0&hl=fr&rclk=1
THE SPA EXPERIENCE," Av. Costa Pinto 91 rcD, 2750-329 Cascais, Portugal",Cascais+Portugal,Portugal,Thalassothérapie,Spa,"4,9", +351 934 244 450,http://thespaexperience.pt/,contacto@thespaexperience.pt,,https://www.google.com/maps/place/THE+SPA+EXPERIENCE/data=!4m7!3m6!1s0xd1ec59ee883a1b9:0xd2ef4db790c6da83!8m2!3d38.7016137!4d-9.4202192!16s%2Fg%2F11q2wlnpp3!19sChIJuaGD6J7FHg0Rg9rGkLdN79I?authuser=0&hl=fr&rclk=1
Thai Way Spa- Cascais," R. da Palmeira 5D, 2750-459 Cascais, Portugal",Cascais+Portugal,Portugal,Thalassothérapie,Spa,"4,9", +351 918 980 614,http://thaiwayspa.pt/,spathaiway@gmail.com,,https://www.google.com/maps/place/Thai+Way+Spa-+Cascais/data=!4m7!3m6!1s0xd1ec5c9672f6259:0xb5f6e956c0b9e97!8m2!3d38.6987518!4d-9.4203396!16s%2Fg%2F1jkwh7qp7!19sChIJWWIvZ8nFHg0Rl54LbJVuXws?authuser=0&hl=fr&rclk=1
Asian Temple Spa - Cascais," R. Dom Francisco de Avilez 60 loja AZ, 2750-349 Cascais, Portugal",Cascais+Portugal,Portugal,Thalassothérapie,Institut de massages,"5,0", +351 912 316 771,https://www.asiantemplespa.com/,,,https://www.google.com/maps/place/Asian+Temple+Spa+-+Cascais/data=!4m7!3m6!1s0xd1ec558450595d9:0x4443a8f75db89540!8m2!3d38.7000788!4d-9.4229878!16s%2Fg%2F11xp8nb4nv!19sChIJ2ZUFRVjFHg0RQJW4XfeoQ0Q?authuser=0&hl=fr&rclk=1
Spa InterContinental by L'Occitane," Av. Marginal 8023, 2765-249 Estoril, Portugal",Cascais+Portugal,Portugal,Thalassothérapie,Spa,"5,0", +351 21 829 1100,https://www.estorilintercontinental.com/spa/,,,https://www.google.com/maps/place/Spa+InterContinental+by+L%27Occitane/data=!4m7!3m6!1s0xd1ec54f26dcf945:0xeb86f7b98d546e5!8m2!3d38.704174!4d-9.4053592!16s%2Fg%2F11sxy7vyn5!19sChIJRfncJk_FHg0R5UbVmHtvuA4?authuser=0&hl=fr&rclk=1
Asian Temple - Thai Massage Estoril," Av. Sabóia 914 C, 2765-579 Estoril, Portugal",Cascais+Portugal,Portugal,Thalassothérapie,Salon de massage thaïlandais,"5,0", +351 913 649 277,https://www.asiantemplespa.com/index,,,https://www.google.com/maps/place/Asian+Temple+-+Thai+Massage+Estoril/data=!4m7!3m6!1s0xd1ec577e9a6b0d5:0x36c3a81ac26552e5!8m2!3d38.7082631!4d-9.4052629!16s%2Fg%2F11s5vy0r4q!19sChIJ1bCm6XfFHg0R5VJlwhqowzY?authuser=0&hl=fr&rclk=1
Sóis Montejunto Eco Lodge," Caminho do Fole, 2580-438 Alenquer, Portugal",Cadaval+Portugal,Portugal,Hôtel avec spa,,"4,7", +351 263 789 105,https://www.soisecolodge.com/,,https://www.linkedin.com/company/soisecolodge,https://www.google.com/maps/place/S%C3%B3is+Montejunto+Eco+Lodge/data=!4m10!3m9!1s0xd18cf4380fc67ab:0xb771627607ef17b5!5m2!4m1!1i2!8m2!3d39.1592102!4d-9.0821828!16s%2Fg%2F11sx04_cr3!19sChIJq2f8gEPPGA0RtRfvB3Zicbc?authuser=0&hl=fr&rclk=1
Quinta do Convento de Nossa Senhora da Visitação," Rua Convento, 2580-442 Vila Verde dos Francos, Portugal",Cadaval+Portugal,Portugal,Hôtel avec spa,,"4,3", +351 21 033 0780,http://www.quintadoconvento.pt/,geral@quintadoconvento.pt,http://www.linkedin.com/company/quinta-do-convento-da-visita-o-sag,https://www.google.com/maps/place/Quinta+do+Convento+de+Nossa+Senhora+da+Visita%C3%A7%C3%A3o/data=!4m10!3m9!1s0xd18cdc3469d8ed3:0x7739554605a367cc!5m2!4m1!1i2!8m2!3d39.165438!4d-9.111672!16s%2Fg%2F1wd3x9js!19sChIJ046dRsPNGA0RzGejBUZVOXc?authuser=0&hl=fr&rclk=1
AR Country House," R. do Seixo 4, 2550-132 Cadaval, Portugal",Cadaval+Portugal,Portugal,Hôtel avec spa,,"4,4", +351 967 404 227,https://www.arcountryhouse.com/,info@arcountryhouse.com,,https://www.google.com/maps/place/AR+Country+House/data=!4m10!3m9!1s0xd18c9db3d124851:0xb35eeb89581eb0b8!5m2!4m1!1i2!8m2!3d39.2336086!4d-9.1002411!16s%2Fg%2F11vrdnyj5k!19sChIJUUgSPdvJGA0RuLAeWInrXrM?authuser=0&hl=fr&rclk=1
Quinta Sao Martinho," Quinta de Sao Martinho, R. dos Arneiros 14, 2530-573 Reguengo Grande, Portugal",Cadaval+Portugal,Portugal,Hôtel avec spa,,"4,8", +351 964 082 398,https://quintasaomartinho.pt/,geral@quintasaomartinho.pt,,https://www.google.com/maps/place/Quinta+Sao+Martinho/data=!4m10!3m9!1s0xd1f4a63e84e0b55:0x828c9cb920c7f8d5!5m2!4m1!1i2!8m2!3d39.2993961!4d-9.2384998!16s%2Fg%2F11gjt1jn7f!19sChIJVQtO6GNKHw0R1fjHILmcjII?authuser=0&hl=fr&rclk=1
Alojamento Eucalíbrios - Casa de Pedra & Glamping," Caminho do Eucaliptal nº 2, 2530-565 Reguengo Grande, Portugal",Cadaval+Portugal,Portugal,Hôtel avec spa,,"5,0", +351 919 648 508,https://www.instagram.com/eucalibrios?igsh=eG5qbGM2dTM0cnVu,,,https://www.google.com/maps/place/Alojamento+Eucal%C3%ADbrios+-+Casa+de+Pedra+%26+Glamping/data=!4m10!3m9!1s0xd1f4bb3040041f1:0x5d9e5708a57b39e3!5m2!4m1!1i2!8m2!3d39.3044661!4d-9.2238498!16s%2Fg%2F11y5myw0fl!19sChIJ8UEABLNLHw0R4zl7pQhXnl0?authuser=0&hl=fr&rclk=1
Noiva do Mar," LNH PT, Estr. do Vale Bravo, 2530-038 Atalaia, Portugal",Cadaval+Portugal,Portugal,Hôtel avec spa,,"4,1", +351 261 430 090,http://www.noivadomar.pt/,,,https://www.google.com/maps/place/Noiva+do+Mar/data=!4m10!3m9!1s0xd1f37a7111724e5:0x23afca5067222de2!5m2!4m1!1i2!8m2!3d39.23731!4d-9.337725!16s%2Fg%2F1tdz62dp!19sChIJ5SQXEac3Hw0R4i0iZ1DKryM?authuser=0&hl=fr&rclk=1
Alto Paraíso Boutique Stay," Travessa da Esperança nº 2A, 2530-595 Reguengo Grande, Portugal",Cadaval+Portugal,Portugal,Hôtel avec spa,,"5,0", +351 963 475 405,https://www.thealtoparaiso.com/,info@thealtoparaiso.com,,https://www.google.com/maps/place/Alto+Para%C3%ADso+Boutique+Stay/data=!4m10!3m9!1s0xd1f4b5d8e9b1f0f:0xb438d0e7bb7d2561!5m2!4m1!1i2!8m2!3d39.2938527!4d-9.2135695!16s%2Fg%2F11ydwt_j77!19sChIJDx-bjl1LHw0RYSV9u-fQOLQ?authuser=0&hl=fr&rclk=1
Cadaval,,Cadaval+Portugal,,Centre thermal,,,,,,,https://www.google.com/maps/place/Cadaval/data=!4m7!3m6!1s0xd18cbd84def22a9:0xd06058ab66c1983!8m2!3d39.2411158!4d-9.1043375!16s%2Fg%2F11bc5hk4mm!19sChIJqSLvTdjLGA0RgxlstooFBg0?authuser=0&hl=fr&rclk=1
Alcazar Hotel & Spa," R. de Ceuta 9, 8900-435 Monte Gordo, Portugal",Vila Real de Santo António+Portugal,Portugal,Hôtel avec spa,,"4,3", +351 281 510 140,https://www.hotelalcazaralgarve.com//?partner=5732&utm_source=google&utm_medium=gmb&utm_campaign=web_link,reservas@hotelalcazaralgarve.com,,https://www.google.com/maps/place/Alcazar+Hotel+%26+Spa/data=!4m10!3m9!1s0xd101884d20634b5:0x22f48939dfa56d0!5m2!4m1!1i2!8m2!3d37.181205!4d-7.445583!16s%2Fg%2F1ttyx_1_!19sChIJtTQG0oQYEA0R0Fb6nZNILwI?authuser=0&hl=fr&rclk=1
SPA Salino - Água-mãe Lda," Salina da Barquinha, EN 122, 8950-999 Castro Marim, Portugal",Vila Real de Santo António+Portugal,Portugal,Centre thermal,Spa,"4,7", +351 965 404 888,http://www.facebook.com/aguamae.cm,,,https://www.google.com/maps/place/SPA+Salino+-+%C3%81gua-m%C3%A3e+Lda/data=!4m7!3m6!1s0xd10237882cf9321:0x4b3414286d48a32c!8m2!3d37.2137572!4d-7.4348618!16s%2Fg%2F11f8hwr38_!19sChIJIZPPgngjEA0RLKNIbSgUNEs?authuser=0&hl=fr&rclk=1
Hotel Apolo," Avenida Dos Bombeiros Portugueses, S/N, 8900-209 Vila Real de Santo António, Portugal",Vila Real de Santo António+Portugal,Portugal,Centre thermal,,"4,4", +351 281 510 700,http://www.apolo-hotel.com/,reservas@apolo-hotel.com,,https://www.google.com/maps/place/Hotel+Apolo/data=!4m10!3m9!1s0xd10228a738d302d:0xdf17cbdcf9658b9b!5m2!4m1!1i2!8m2!3d37.1936453!4d-7.4201113!16s%2Fg%2F1tddz0f6!19sChIJLTCNc4oiEA0Rm4tl-dzLF98?authuser=0&hl=fr&rclk=1
Farol de Vila Real de Santo António," Bairro da Caixa de Providência 3, 8900-211 Vila Real de Santo António, Portugal",Vila Real de Santo António+Portugal,Portugal,Centre thermal,Attraction touristique,"5,0",,,,,https://www.google.com/maps/place/Farol+de+Vila+Real+de+Santo+Ant%C3%B3nio/data=!4m7!3m6!1s0xd1023004aa9c3bd:0x9c473fc3b5540482!8m2!3d37.1869947!4d-7.4163384!16s%2Fg%2F11zcncdtf9!19sChIJvcOpSgAjEA0RggRUtcM_R5w?authuser=0&hl=fr&rclk=1
Grand Beach Club," Ponta da Areia, 8900-227 Vila Real de Santo António, Portugal",Vila Real de Santo António+Portugal,Portugal,Centre thermal,Restaurant,"4,4", +351 934 286 764,https://restaurante.covermanager.com/grand-beach-club/,,,https://www.google.com/maps/place/Grand+Beach+Club/data=!4m7!3m6!1s0xd1023b91eab2e93:0x463f8d273e555c69!8m2!3d37.1801347!4d-7.4095035!16s%2Fg%2F11gjmgcd_v!19sChIJky6rHrkjEA0RaVxVPieNP0Y?authuser=0&hl=fr&rclk=1
Pousada Vila Real de Santo António," Praça do Marquês de Pombal 30, 8900-231 Vila Real de Santo António, Portugal",Vila Real de Santo António+Portugal,Portugal,Centre thermal,,"4,7", +351 281 249 120,https://www.pousadas.pt/en/hotel/pousada-vila-real-santo-antonio?utm_campaign=pousada-vila-real-partoo&utm_medium=organicsearch,fo.vrsantonio@pestana.com,,https://www.google.com/maps/place/Pousada+Vila+Real+de+Santo+Ant%C3%B3nio/data=!4m10!3m9!1s0xd1022f539292ab1:0xd1d6173ff51db5e6!5m2!4m1!1i2!8m2!3d37.1942794!4d-7.4155754!16s%2Fg%2F11j4dbn31_!19sChIJsSopOfUiEA0R5rUd9T8X1tE?authuser=0&hl=fr&rclk=1
Mata Nacional das Dunas Litorais de Vila Real de Santo António," Unnamed Road, Vila Real de Santo António, Portugal",Vila Real de Santo António+Portugal,Portugal,Centre thermal,Réserve naturelle,"4,4",,http://www.cm-vrsa.pt/pt/menu/137/mata.aspx,geral@cm-vrsa.pt,,https://www.google.com/maps/place/Mata+Nacional+das+Dunas+Litorais+de+Vila+Real+de+Santo+Ant%C3%B3nio/data=!4m7!3m6!1s0xd102278bfd7025d:0x3789599958642cb1!8m2!3d37.1854619!4d-7.4369203!16s%2Fg%2F11c6t7v40s!19sChIJXQLXv3giEA0RsSxkWJlZiTc?authuser=0&hl=fr&rclk=1
Praça Marquês de Pombal," Praça do Marquês de Pombal, 8900-267 Vila Real de Santo António, Portugal",Vila Real de Santo António+Portugal,Portugal,Centre thermal,Site historique,"4,5",,https://www.cm-vrsa.pt/pt/menu/179/praca-marques-de-pombal.aspx,geral@cm-vrsa.pt,,https://www.google.com/maps/place/Pra%C3%A7a+Marqu%C3%AAs+de+Pombal/data=!4m7!3m6!1s0xd1022f546cc3311:0x921c47131839942d!8m2!3d37.1945648!4d-7.4155092!16s%2Fg%2F121hg6dg!19sChIJETPMRvUiEA0RLZQ5GBNHHJI?authuser=0&hl=fr&rclk=1
Piscinas Municipais de Vila Real de Santo António," R. Francisco Sá Carneiro 29B, 8900-307 Vila Real de Santo António, Portugal",Vila Real de Santo António+Portugal,Portugal,Parc aquatique,Piscine municipale,"4,2", +351 281 530 130,,,,https://www.google.com/maps/place/Piscinas+Municipais+de+Vila+Real+de+Santo+Ant%C3%B3nio/data=!4m7!3m6!1s0xd1022610b42fc33:0x3cc74df0a0df7ccb!8m2!3d37.1903046!4d-7.4201502!16s%2Fg%2F11fxb5f_0r!19sChIJM_xCC2EiEA0Ry3zfoPBNxzw?authuser=0&hl=fr&rclk=1
Adventure Park Vila Real de Santo António," Complexo Desportivo, 8900-226, Portugal",Vila Real de Santo António+Portugal,Portugal,Parc aquatique,Parcours acrobatique en hauteur,"4,6", +351 911 022 187,,,,https://www.google.com/maps/place/Adventure+Park+Vila+Real+de+Santo+Ant%C3%B3nio/data=!4m7!3m6!1s0xd102266c3a33945:0xf0554dda4d70b46c!8m2!3d37.1866976!4d-7.4201533!16s%2Fg%2F11c80jfqr4!19sChIJRTmjw2YiEA0RbLRwTdpNVfA?authuser=0&hl=fr&rclk=1
Casa Thai massage - Vila real de Santo Antonio," R. Jacinto José de Andrade n.º 106, 8900-313 Vila Real de Santo António, Portugal",Vila Real de Santo António+Portugal,Portugal,Thalassothérapie,Massothérapeute,"5,0", +351 926 793 882,https://thaimassagewell.com/,,,https://www.google.com/maps/place/Casa+Thai+massage+-+Vila+real+de+Santo+Antonio/data=!4m7!3m6!1s0xd1023c048a903c5:0x3a8924f77beec1b2!8m2!3d37.1941705!4d-7.4175925!16s%2Fg%2F11xn69vh8y!19sChIJxQOpSMAjEA0RssHue_ckiTo?authuser=0&hl=fr&rclk=1
Energize Spa," R. de Ceuta 4, 8900-435 Monte Gordo, Portugal",Vila Real de Santo António+Portugal,Portugal,Thalassothérapie,Spa,"4,9", +351 918 267 091,https://www.theprimehotels.com/energize/montegordo/pt/energize-spa/,,,https://www.google.com/maps/place/Energize+Spa/data=!4m7!3m6!1s0xd1019b32c16ca59:0x76f2bbe6ae06bc9!8m2!3d37.1810315!4d-7.4467799!16s%2Fg%2F11lp80mvr0!19sChIJWcoWLLMZEA0RyWvgar4rbwc?authuser=0&hl=fr&rclk=1
Clínica Pombalina," R. Domiciano Cavem 13 8900, 8900-282 Vila Real de Santo António, Portugal",Vila Real de Santo António+Portugal,Portugal,Thalassothérapie,Ostéopathe,"4,6", +351 910 035 799,http://www.clinicapombalina.pt/,clinicapombalina@gmail.com,,https://www.google.com/maps/place/Cl%C3%ADnica+Pombalina/data=!4m7!3m6!1s0xd1023380096f70b:0x9d7d4836e91b9f77!8m2!3d37.1936129!4d-7.4272238!16s%2Fg%2F11jgx77vh6!19sChIJC_eWADgjEA0Rd58b6TZIfZ0?authuser=0&hl=fr&rclk=1
Magic ThaiMassage & Wellness," Av. Min. Duarte Pacheco 62, 8900-314 Vila Real de Santo António, Portugal",Vila Real de Santo António+Portugal,Portugal,Thalassothérapie,Centre de bien-être,"4,9", +351 910 316 397,https://m.facebook.com/people/Magic-ThaiMassage-Wellness-in-VRSA/100083283792248/,,,https://www.google.com/maps/place/Magic+ThaiMassage+%26+Wellness/data=!4m7!3m6!1s0xd10230dc4b623f5:0x7cfef6d55b73aa8b!8m2!3d37.1910501!4d-7.4175774!16s%2Fg%2F11q4hp366w!19sChIJ9SO2xA0jEA0Ri6pzW9X2_nw?authuser=0&hl=fr&rclk=1
CLINICA OsteoLifeSport," R. Catarina Eufémia 50B, 8900-255 Vila Real de Santo António, Portugal",Vila Real de Santo António+Portugal,Portugal,Thalassothérapie,Ostéopathe,"5,0", +351 967 531 577,https://clinicaosteolifesport.buk.pt/,,,https://www.google.com/maps/place/CLINICA+OsteoLifeSport/data=!4m7!3m6!1s0xd1023cfcfcb0f55:0x5019962cde24d66!8m2!3d37.196537!4d-7.4207726!16s%2Fg%2F11sc1x5nd9!19sChIJVQ_Lz88jEA0RZk3izWKZAQU?authuser=0&hl=fr&rclk=1
Dream Away Thai Massage," R. Gen. Humberto Delgado 25, 8900-309 Vila Real de Santo António, Portugal",Vila Real de Santo António+Portugal,Portugal,Thalassothérapie,Salon de massage thaïlandais,"4,8", +351 962 517 936,http://www.dreamawaythaimassage.com/,dreamawaythaimassage@gmail.com,,https://www.google.com/maps/place/Dream+Away+Thai+Massage/data=!4m7!3m6!1s0xd10237bc2b61913:0xc860277235dbee5c!8m2!3d37.1935427!4d-7.4157604!16s%2Fg%2F11v3c684hc!19sChIJExm2wnsjEA0RXO7bNXInYMg?authuser=0&hl=fr&rclk=1
Picodreams," Rua do Laranjal nº 9 A, 9940-308 São Roque do Pico, Portugal",São Roque do Pico+Portugal,Portugal,Hôtel avec spa,,"4,8", +351 914 201 564,https://www.picodreams.com/en/,info@picodreams.com,,https://www.google.com/maps/place/Picodreams/data=!4m10!3m9!1s0xb47976a3540ed1f:0x3ccc648badadc64b!5m2!4m1!1i2!8m2!3d38.519663!4d-28.312309!16s%2Fg%2F11g190wvy5!19sChIJH-1ANWqXRwsRS8atrYtkzDw?authuser=0&hl=fr&rclk=1
Baía Da Barca," Lugar da Barca, Carmo, 9950-303 Madalena, Portugal",São Roque do Pico+Portugal,Portugal,Hôtel avec spa,,"4,5", +351 292 242 840,http://www.baiadabarca.com/,reservas@baiadabarca.com,,https://www.google.com/maps/place/Ba%C3%ADa+Da+Barca/data=!4m10!3m9!1s0xb478da866eba2c3:0x8b9071d976f6d90e!5m2!4m1!1i2!8m2!3d38.538856!4d-28.522628!16s%2Fg%2F1xn_pmxl!19sChIJw6LrZqiNRwsRDtn2dtlxkIs?authuser=0&hl=fr&rclk=1
"Andio Spa, centro de estética e cosmética"," Rua do Capitão Mor n12, 9940-357 Cais do Pico, Portugal",São Roque do Pico+Portugal,Portugal,Hôtel avec spa,,"4,5", +351 918 591 588,http://www.facebook.com/ANDIOSPA/,,,"https://www.google.com/maps/place/Andio+Spa,+centro+de+est%C3%A9tica+e+cosm%C3%A9tica/data=!4m7!3m6!1s0xb479648046fe5a7:0x7080bc02ab305285!8m2!3d38.5250696!4d-28.3234584!16s%2Fg%2F11hck8kx4s!19sChIJp-VvBEiWRwsRhVIwqwK8gHA?authuser=0&hl=fr&rclk=1"
Hotel Pico Terramar & SPA," R. Dr. Manuel de Arriaga, Areia Larga, 9950-302 Madalena, Portugal",São Roque do Pico+Portugal,Portugal,Hôtel avec spa,,"4,5", +351 292 242 590,https://www.picoterramar.com/,,,https://www.google.com/maps/place/Hotel+Pico+Terramar+%26+SPA/data=!4m10!3m9!1s0xb478c4d65e64bdd:0x53fb818ffaf71070!5m2!4m1!1i2!8m2!3d38.527405!4d-28.534967!16s%2Fg%2F11xsnpbgg5!19sChIJ3UvmZU2MRwsRcBD3-o-B-1M?authuser=0&hl=fr&rclk=1
Adega do Fogo," Rua Marginal, 1, Cabrito, Santa Luzia, 9940-102 São Roque do Pico, Portugal",São Roque do Pico+Portugal,Portugal,Hôtel avec spa,,"4,5", +351 960 469 255,http://www.adegadofogo.com/,adegadofogo@gmail.com,,https://www.google.com/maps/place/Adega+do+Fogo/data=!4m10!3m9!1s0xb47952c4445e333:0x218f1babf4ce9cd7!5m2!4m1!1i2!8m2!3d38.5569336!4d-28.3889626!16s%2Fg%2F11q_4y9n5x!19sChIJM-NFRCyVRwsR15zO9KsbjyE?authuser=0&hl=fr&rclk=1
Aldeia Das Adegas," Rua das Adegas, 9940-345 São Roque do Pico, Portugal",São Roque do Pico+Portugal,Portugal,Hôtel avec spa,,"4,7", +351 292 642 000,http://www.aldeiadasadegas.com/,info@aldeiadasadegas.com,,https://www.google.com/maps/place/Aldeia+Das+Adegas/data=!4m10!3m9!1s0xb479634a8ee57fd:0x2166f92e2bb230da!5m2!4m1!1i2!8m2!3d38.5176609!4d-28.317005!16s%2Fg%2F11ddxqt9wf!19sChIJ_VfuqDSWRwsR2jCyKy75ZiE?authuser=0&hl=fr&rclk=1
Centro de Interpretação da Paisagem da Cultura da Vinha da Ilha do Pico," Rua do Lajido Santa Luzia, 9940-108 São Roque do Pico, Portugal",São Roque do Pico+Portugal,Portugal,Centre thermal,Centre d'information,"4,3", +351 965 896 313,https://parquesnaturais.azores.gov.pt/pt/parques/5/centro/9,,,https://www.google.com/maps/place/Centro+de+Interpretac%CC%A7a%CC%83o+da+Paisagem+da+Cultura+da+Vinha+da+Ilha+do+Pico/data=!4m7!3m6!1s0xb4793a559ffc0e7:0x704918074c9e6fd5!8m2!3d38.556932!4d-28.427635!16s%2Fg%2F11c438pbpm!19sChIJ58D_WaWTRwsR1W-eTAcYSXA?authuser=0&hl=fr&rclk=1
Casa dos Vulcões," Rua do Lajido, Santa Luzia, 9940-108 São Roque do Pico, Portugal",São Roque do Pico+Portugal,Portugal,Centre thermal,Centre d'information,"4,5", +351 292 644 328,https://parquesnaturais.azores.gov.pt/pt/parques/5/centro/10,,,https://www.google.com/maps/place/Casa+dos+Vulc%C3%B5es/data=!4m7!3m6!1s0xb4793e70920a94d:0xe39865c7bfa80ba7!8m2!3d38.5569881!4d-28.4272327!16s%2Fg%2F11h4kxhbb8!19sChIJTakgCeeTRwsRpwuov8dlmOM?authuser=0&hl=fr&rclk=1
Centro de Saúde de São Roque do Pico," Avenida Antonio Sao Costa Santo Antonio, Santo António, Ilha Do Pico, Portugal",São Roque do Pico+Portugal,Portugal,Centre thermal,Centre médical public,"3,1", +351 292 648 070,,,,https://www.google.com/maps/place/Centro+de+Sa%C3%BAde+de+S%C3%A3o+Roque+do+Pico/data=!4m7!3m6!1s0xb479661513c3c9d:0x16345599134fd84b!8m2!3d38.5304735!4d-28.3334073!16s%2Fg%2F1w_vpjf4!19sChIJnTw8UWGWRwsRS9hPE5lVNBY?authuser=0&hl=fr&rclk=1
Piscina Naturais (Natural Pool) São Roque," Unnamed Road, São Roque do Pico, Portugal",São Roque do Pico+Portugal,Portugal,Parc aquatique,Piscine extérieure,"4,8",,http://www.up2pico.pt/,,,https://www.google.com/maps/place/Piscina+Naturais+%28Natural+Pool%29+S%C3%A3o+Roque/data=!4m7!3m6!1s0xb4797d48481d1e1:0x573805a65355039b!8m2!3d38.5189171!4d-28.3049125!16s%2Fg%2F11dflfg_8c!19sChIJ4dGBhNSXRwsRmwNVU6YFOFc?authuser=0&hl=fr&rclk=1
"Adega ""A Buraca"""," Estrada Regional 1, 35 Santo António, 9940-232, Portugal",São Roque do Pico+Portugal,Portugal,Thalassothérapie,Établissement vinicole,"4,3", +351 292 642 119,http://adegaaburaca.com/,adegaaburaca@gmail.com,,https://www.google.com/maps/place/Adega+%22A+Buraca%22/data=!4m7!3m6!1s0xb479663cefa3eb5:0xf2c2e5620449bd55!8m2!3d38.5353067!4d-28.3416239!16s%2Fg%2F11c5stk8g5!19sChIJtT76zmOWRwsRVb1JBGLlwvI?authuser=0&hl=fr&rclk=1
Paysage viticole de l'île du Pico, Portugal,São Roque do Pico+Portugal, Portugal,Thalassothérapie,Point de vue,"4,5",,,,,https://www.google.com/maps/place/Paysage+viticole+de+l%27%C3%AEle+du+Pico/data=!4m7!3m6!1s0xb478c36e596cdf7:0xb324de631a4ef2ec!8m2!3d38.5515484!4d-28.4681188!16s%2Fm%2F03cq5_s!19sChIJ982W5TaMRwsR7PJOGmPeJLM?authuser=0&hl=fr&rclk=1
Lava Homes," Travessa do Outeiro das Eiras 2A, 9940-185 Terra Alta, Portugal",São Roque do Pico+Portugal,Portugal,Thalassothérapie,,"4,9", +351 292 241 200,http://www.lavahomes.com/,contact@lavahomes.com,,https://www.google.com/maps/place/Lava+Homes/data=!4m10!3m9!1s0xb47a5cc2ed7e609:0x3f2b6c4852359774!5m2!4m1!1i2!8m2!3d38.4529059!4d-28.1464605!16s%2Fg%2F11gjhcbpzs!19sChIJCebXLsylRwsRdJc1UkhsKz8?authuser=0&hl=fr&rclk=1
Baía Da Barca," Lugar da Barca, Carmo, 9950-303 Madalena, Portugal",São Roque do Pico+Portugal,Portugal,Thalassothérapie,,"4,5", +351 292 242 840,http://www.baiadabarca.com/,reservas@baiadabarca.com,,https://www.google.com/maps/place/Ba%C3%ADa+Da+Barca/data=!4m10!3m9!1s0xb478da8671813ad:0x8b9071d976f6d90e!5m2!4m1!1i2!8m2!3d38.5388562!4d-28.5226278!16s%2Fg%2F1xn_pmxl!19sChIJrRMYZ6iNRwsRDtn2dtlxkIs?authuser=0&hl=fr&rclk=1
Terceira Mar Hotel | Angra do Heroísmo - Terceira," Portões de São Pedro, nº 1, 9700-097 Angra do Heroísmo, Portugal",São Roque do Pico+Portugal,Portugal,Thalassothérapie,,"4,5", +351 295 402 280,https://www.bensaudehotels.com/terceiramarhotel/?utm_source=google-my-business&utm_medium=organic&utm_campaign=tmh_gmb,tmh@bensaudehotels.pt,https://www.linkedin.com/company/bensaudehotels,https://www.google.com/maps/place/Terceira+Mar+Hotel+%7C+Angra+do+Hero%C3%ADsmo+-+Terceira/data=!4m10!3m9!1s0xb467ee61ead4115:0xa5312dfff304daf6!5m2!4m1!1i2!8m2!3d38.6565059!4d-27.2318776!16s%2Fg%2F1tn02gr3!19sChIJFUGtHuZ-RgsR9toE8_8tMaU?authuser=0&hl=fr&rclk=1
White Exclusive Suites & Villas," R. da Rocha Quebrada 10, 9560-420 Ponta Delgada, Portugal",São Roque do Pico+Portugal,Portugal,Thalassothérapie,,"4,6", +351 296 249 153,http://www.whiteazores.com/,white@whiteazores.com,,https://www.google.com/maps/place/White+Exclusive+Suites+%26+Villas/data=!4m10!3m9!1s0xb5cd58ddd60d731:0xed16eac68daeeb66!5m2!4m1!1i2!8m2!3d37.7459242!4d-25.5971823!16s%2Fg%2F11fy5f3l7w!19sChIJMddg3Y3VXAsRZuuujcbqFu0?authuser=0&hl=fr&rclk=1
Vila Barca," Caminho da Barca, Carmo, 9950-303 Madalena, Portugal",São Roque do Pico+Portugal,Portugal,Thalassothérapie,,"4,7", +351 915 457 152,,,,https://www.google.com/maps/place/Vila+Barca/data=!4m10!3m9!1s0xb478da8ff1145ef:0x8b851eef549f58ed!5m2!4m1!1i2!8m2!3d38.5416173!4d-28.5196112!16s%2Fg%2F11fxzx124y!19sChIJ70UR_6iNRwsR7VifVO8ehYs?authuser=0&hl=fr&rclk=1
Sky PDL," R. do Mercado 27, 9500-326 Ponta Delgada, Portugal",São Roque do Pico+Portugal,Portugal,Thalassothérapie,,"4,9", +351 963 765 503,https://www.skypdlhostel.com/,info@skypdlhostel.com,,https://www.google.com/maps/place/Sky+PDL/data=!4m10!3m9!1s0xb432b58788ac5b3:0x719342af12c67f39!5m2!4m1!1i2!8m2!3d37.7422721!4d-25.6644785!16s%2Fg%2F11vlnggpt3!19sChIJs8WKeFgrQwsROX_GEq9Ck3E?authuser=0&hl=fr&rclk=1
HANDMADE - Nídia Furtado," 9940-235 SANTO ANTÓNIO-SRP Rua da Igreja 9, 9940-235 São Roque do Pico, Portugal",São Roque do Pico+Portugal,Portugal,Thalassothérapie,Artisanat,"4,7", +351 924 349 526,,,,https://www.google.com/maps/place/HANDMADE+-+N%C3%ADdia+Furtado/data=!4m7!3m6!1s0xb479663ed4c5b7b:0xb5baefd698541079!8m2!3d38.5366576!4d-28.3414059!16s%2Fg%2F11c7vzrp1t!19sChIJe1tM7WOWRwsReRBUmNbvurU?authuser=0&hl=fr&rclk=1
Calma do Mar," Rua de Santa Bárbara n° 3, Areia Larga, 9950-302 Madalena, Portugal",São Roque do Pico+Portugal,Portugal,Thalassothérapie,,"4,7", +351 914 443 408,http://www.calmadomar.com/,,,https://www.google.com/maps/place/Calma+do+Mar/data=!4m10!3m9!1s0xb478c5336bb30df:0x3f62b99c8ec52e6c!5m2!4m1!1i2!8m2!3d38.5316126!4d-28.5335336!16s%2Fg%2F11b6dr3cf_!19sChIJ3zC7NlOMRwsRbC7Fjpy5Yj8?authuser=0&hl=fr&rclk=1
Complexo Desportivo de Rio Maior," Av. Dr. Mário Soares, Rio Maior, Portugal",Rio Maior+Portugal,Portugal,Centre thermal,Stade,"4,2", +351 243 999 700,http://www.desmor.pt/,geral@desmor.pt,https://www.linkedin.com/company/desmor-em-sa-,https://www.google.com/maps/place/Complexo+Desportivo+de+Rio+Maior/data=!4m7!3m6!1s0xd18b8d0acae0ee1:0x794fb5cd6971c3b6!8m2!3d39.344524!4d-8.935189!16s%2Fm%2F02650g1!19sChIJ4Q6urNC4GA0RtsNxac21T3k?authuser=0&hl=fr&rclk=1
Modelo Continente Rio Maior," Av. Dr. Mário Soares, 2040-413 Rio Maior, Portugal",Rio Maior+Portugal,Portugal,Centre thermal,Supermarché,"4,0", +351 243 999 602,https://feed.continente.pt/lojas/continente-modelo-rio-maior,,,https://www.google.com/maps/place/Modelo+Continente+Rio+Maior/data=!4m7!3m6!1s0xd18b8ce1a522ea7:0xd2eb47186d665c84!8m2!3d39.3391311!4d-8.9304778!16s%2Fg%2F11b7q6024j!19sChIJpy5SGs64GA0RhFxmbRhH69I?authuser=0&hl=fr&rclk=1
Complexo de Piscinas de Rio Maior," Rio Maior, Portugal",Rio Maior+Portugal,Portugal,Parc aquatique,Piscine,"4,3", +351 243 992 358,http://www.desmor.pt/conte.php?a=27,geral@desmor.pt,https://www.linkedin.com/company/desmor-em-sa-,https://www.google.com/maps/place/Complexo+de+Piscinas+de+Rio+Maior/data=!4m7!3m6!1s0xd18b8d9892f20a3:0xc90fd521bec37f4a!8m2!3d39.3444284!4d-8.9374101!16s%2Fg%2F11bx1g_677!19sChIJoyAvidm4GA0RSn_DviHVD8k?authuser=0&hl=fr&rclk=1
Saúde Vip," Av. Mal. Humberto Delgado 6 rés chão, 2040-329 Rio Maior, Portugal",Rio Maior+Portugal,Portugal,Thalassothérapie,Clinique spécialisée,"5,0", +351 913 523 548,https://saudevipclinicadeesteticaavancada.pt/,,,https://www.google.com/maps/place/Sa%C3%BAde+Vip/data=!4m7!3m6!1s0xd18b99649f2e76b:0xc71ab3e232a01b56!8m2!3d39.3394943!4d-8.9321458!16s%2Fg%2F11nwccc3wt!19sChIJa-fySZa5GA0RVhugMuKzGsc?authuser=0&hl=fr&rclk=1
Real SPA Therapy," Largo da Feira 134, 8700-339 Olhão, Portugal",Olhão+Portugal,Portugal,Centre thermal,Spa,,,,,,https://www.google.com/maps/place/Real+SPA+Therapy/data=!4m7!3m6!1s0xd0555006de6286b:0x90d5df1b08d26bb0!8m2!3d37.0239342!4d-7.8466585!16s%2Fg%2F11zg9fp44q!19sChIJayjmbQBVBQ0RsGvSCBvf1ZA?authuser=0&hl=fr&rclk=1
Real Marina Residence," R. João Viana Cabrita, 8700-307 Olhão, Portugal",Olhão+Portugal,Portugal,Centre thermal,,"4,5", +351 289 091 300,http://realmarinaresidence.realhotelsgroup.com/?partner=9862utm_source=google&utm_medium=organic&utm_campaign=MyBusiness&utm,rmo@realhotelsgroup.com,https://www.linkedin.com/company/hoteis-real-portugal,https://www.google.com/maps/place/Real+Marina+Residence/data=!4m10!3m9!1s0xd0554c6e50fcc19:0x2252ffaced66214e!5m2!4m1!1i2!8m2!3d37.0247048!4d-7.8494273!16s%2Fg%2F1v2gf_tt!19sChIJGcwP5cZUBQ0RTiFm7az_UiI?authuser=0&hl=fr&rclk=1
Pure Formosa Concept Hotel," Av. da República 34, 8700-310 Olhão, Portugal",Olhão+Portugal,Portugal,Centre thermal,,"4,6", +351 289 144 005,https://www.pureformosa.com/?utm_medium=organic&utm_source=google&utm_campaign=google-my-business&utm_term=google-local,Pure-Formosa-logo-1@2x-1.png,,https://www.google.com/maps/place/Pure+Formosa+Concept+Hotel/data=!4m10!3m9!1s0xd0554cfffb17ba9:0x3aff8d555bc2fc23!5m2!4m1!1i2!8m2!3d37.0272529!4d-7.8397502!16s%2Fg%2F11rg4b8v7s!19sChIJqXux_89UBQ0RI_zCW1WN_zo?authuser=0&hl=fr&rclk=1
Hotel Cidade de Olhão," R. Gen. Humberto Delgado 33, 8700-473 Olhão, Portugal",Olhão+Portugal,Portugal,Centre thermal,,"4,4", +351 289 144 000,https://hotelcidadedeolhao.com/,cropped-Asset-1@2x-1.png,,https://www.google.com/maps/place/Hotel+Cidade+de+Olh%C3%A3o/data=!4m10!3m9!1s0xd0554cfbcf400ef:0xc57a7fffb6b5278!5m2!4m1!1i2!8m2!3d37.0289575!4d-7.8414019!16s%2Fg%2F11c4b84_8_!19sChIJ7wD0vM9UBQ0ReFJr-_-nVww?authuser=0&hl=fr&rclk=1
Municipal pools of Olhão," R. da Feira 6, 8700-395 Olhão, Portugal",Olhão+Portugal,Portugal,Parc aquatique,Piscine municipale,"4,3", +351 289 700 180,https://desporto.cm-olhao.pt/menu/1349/piscinas-municipais,piscinas@cm-olhao.pt,,https://www.google.com/maps/place/Municipal+pools+of+Olh%C3%A3o/data=!4m7!3m6!1s0xd0554b7d7c1e26f:0xd4a611ef682f7e5d!8m2!3d37.0288277!4d-7.85052!16s%2Fg%2F11bxb42c5w!19sChIJb-LB17dUBQ0RXX4vaO8RptQ?authuser=0&hl=fr&rclk=1
Royal Thai Massage Olhão - Traditional Thai Massage," R. Teófilo Braga 23, 8700-520 Olhão, Portugal",Olhão+Portugal,Portugal,Thalassothérapie,Salon de massage thaïlandais,"4,9", +351 927 653 571,http://www.royalthaimassage.pt/,booking@royalthaimassage.pt,,https://www.google.com/maps/place/Royal+Thai+Massage+Olh%C3%A3o+-+Traditional+Thai+Massage/data=!4m7!3m6!1s0xd055503c514e821:0x7dd92409558738d4!8m2!3d37.0245693!4d-7.8415898!16s%2Fg%2F11tx5hlq9c!19sChIJIegUxQNVBQ0R1DiHVQkk2X0?authuser=0&hl=fr&rclk=1
Be Life Thai Massage Spa," R. da Liberdade 123B, 8700-019 Fuseta, Portugal",Olhão+Portugal,Portugal,Thalassothérapie,Salon de massage thaïlandais,"5,0", +351 922 006 924,,,,https://www.google.com/maps/place/Be+Life+Thai+Massage+Spa/data=!4m7!3m6!1s0xd10015855718d23:0xde7aafbec531873d!8m2!3d37.0584739!4d-7.7493207!16s%2Fg%2F11myfprfzc!19sChIJI41xVVgBEA0RPYcxxb6vet4?authuser=0&hl=fr&rclk=1
Boutique Casa Rosa Villa Hotel," Av. da República 27, 8700-308 Olhão, Portugal",Olhão+Portugal,Portugal,Thalassothérapie,,"4,9", +351 910 922 106,http://www.casarosavillaolhao.com/,info@casarosavillaolhao.com,,https://www.google.com/maps/place/Boutique+Casa+Rosa+Villa+Hotel/data=!4m10!3m9!1s0xd0555da009d04a3:0xe77fbae8a8fffb0b!5m2!4m1!1i2!8m2!3d37.0277844!4d-7.8398461!16s%2Fg%2F11fb17_qhx!19sChIJowSdANpVBQ0RC_v_qOi6f-c?authuser=0&hl=fr&rclk=1
Hotel Rali Viana," Av. D Afonso III 180, 4900-477 Viana do Castelo, Portugal",Viana do Castelo+Portugal,Portugal,Hôtel avec spa,,,,http://hotelraliviana.com/,reservas@hotelraliviana.com,,https://www.google.com/maps/place/Hotel+Rali+Viana/data=!4m10!3m9!1s0xd25b6327d43f9f5:0xfa1dccc9657ef3b2!5m2!4m1!1i2!8m2!3d41.697152!4d-8.825957!16s%2Fg%2F1tfnzwwt!19sChIJ9flDfTK2JQ0RsvN-ZcnMHfo?authuser=0&hl=fr&rclk=1
Hotel FeelViana," Rua Brás de Abreu Soares 222, Cabedelo, 4935-159 Viana do Castelo, Portugal",Viana do Castelo+Portugal,Portugal,Hôtel avec spa,,"4,6", +351 258 330 330,http://www.feelviana.com/,info@feelviana.com,,https://www.google.com/maps/place/Hotel+FeelViana/data=!4m10!3m9!1s0xd25b6224f649765:0x304436b6fc0544f9!5m2!4m1!1i2!8m2!3d41.6807391!4d-8.8296145!16s%2Fg%2F11c2qthbvg!19sChIJZZdkTyK2JQ0R-UQF_LY2RDA?authuser=0&hl=fr&rclk=1
Axis Viana Business & SPA Hotel," Av. Cap. Gaspar de Castro 866, 4900-462 Viana do Castelo, Portugal",Viana do Castelo+Portugal,Portugal,Hôtel avec spa,,"4,4", +351 258 802 000,https://www.axishoteis.com/,geral@axishoteis.com,https://es.linkedin.com/company/axishoteis,https://www.google.com/maps/place/Axis+Viana+Business+%26+SPA+Hotel/data=!4m10!3m9!1s0xd25b7cb808169d5:0x8d854918437eabc2!5m2!4m1!1i2!8m2!3d41.702507!4d-8.819722!16s%2Fg%2F1tl9nvv0!19sChIJ1WmBgMu3JQ0Rwqt-QxhJhY0?authuser=0&hl=fr&rclk=1
Hotel Flôr de Sal," Av. de Cabo Verde 100, 4900-568 Viana do Castelo, Portugal",Viana do Castelo+Portugal,Portugal,Hôtel avec spa,,"4,4", +351 258 800 100,https://www.editoryhotels.com/flor-de-sal-by-the-editory/,,,https://www.google.com/maps/place/Hotel+Fl%C3%B4r+de+Sal/data=!4m10!3m9!1s0xd25c9d01d021a53:0xf1327339aaef9ffb!5m2!4m1!1i2!8m2!3d41.6922779!4d-8.8481293!16s%2Fg%2F1tyz_87w!19sChIJUxoCHdDJJQ0R-5_vqjlzMvE?authuser=0&hl=fr&rclk=1
Hotel Rali Viana," Av. D Afonso III 180, 4900-477 Viana do Castelo, Portugal",Viana do Castelo+Portugal,Portugal,Hôtel avec spa,,"4,1", +351 258 829 770,http://hotelraliviana.com/,reservas@hotelraliviana.com,,https://www.google.com/maps/place/Hotel+Rali+Viana/data=!4m10!3m9!1s0xd25b62d775e63eb:0xfa1dccc9657ef3b2!5m2!4m1!1i2!8m2!3d41.697152!4d-8.825957!16s%2Fg%2F1tfnzwwt!19sChIJ62Nedy22JQ0RsvN-ZcnMHfo?authuser=0&hl=fr&rclk=1
Axis Viana Business & SPA Hotel," Av. Cap. Gaspar de Castro 866, 4900-462 Viana do Castelo, Portugal",Viana do Castelo+Portugal,Portugal,Hôtel avec spa,,"4,4", +351 258 802 000,https://www.axishoteis.com/,geral@axishoteis.com,https://es.linkedin.com/company/axishoteis,https://www.google.com/maps/place/Axis+Viana+Business+%26+SPA+Hotel/data=!4m10!3m9!1s0xd25b7cb9a635663:0x8d854918437eabc2!5m2!4m1!1i2!8m2!3d41.7025072!4d-8.8197219!16s%2Fg%2F1tl9nvv0!19sChIJY1Zjmsu3JQ0Rwqt-QxhJhY0?authuser=0&hl=fr&rclk=1
AP Dona Aninhas - Viana do Castelo," Largo Vasco da Gama 38, 4900-322 Viana do Castelo, Portugal",Viana do Castelo+Portugal,Portugal,Hôtel avec spa,,"4,7", +351 258 248 570,https://www.ap-hotelsresorts.com/donaaninhas,geral@ap-hotelsresorts.com,https://www.linkedin.com/company/ap-hotels-and-resorts,https://www.google.com/maps/place/AP+Dona+Aninhas+-+Viana+do+Castelo/data=!4m10!3m9!1s0xd25b7d23b9e92f9:0xff225b09fff365ec!5m2!4m1!1i2!8m2!3d41.6911865!4d-8.8303231!16s%2Fg%2F11sb3mpb63!19sChIJ-ZKeO9K3JQ0R7GXz_wlbIv8?authuser=0&hl=fr&rclk=1
Solinca Viana Do Castelo," Parque Emp. Praia Norte, Avª, Av. de Cabo Verde, 4900-350 Viana do Castelo, Portugal",Viana do Castelo+Portugal,Portugal,Centre thermal,Salle de gym,"3,9", +351 258 800 330,https://www.solinca.pt/,logo_solinca_cores@2x.png,https://pt.linkedin.com/company/solinca-health-,https://www.google.com/maps/place/Solinca+Viana+Do+Castelo/data=!4m7!3m6!1s0xd25c9ce06436d25:0x823a0e4daca25c83!8m2!3d41.6923416!4d-8.8479184!16s%2Fg%2F11b8t7ddmz!19sChIJJW1DBs7JJQ0Rg1yirE0OOoI?authuser=0&hl=fr&rclk=1
FeelViana Wellness & Spa," Rua Brás de Abreu Soares 222, 4935-159 Viana do Castelo, Portugal",Viana do Castelo+Portugal,Portugal,Centre thermal,Spa,"4,7", +351 258 330 330,https://feelviana.com/pt/grupos/spa,info@feelviana.com,,https://www.google.com/maps/place/FeelViana+Wellness+%26+Spa/data=!4m7!3m6!1s0xd25b715ab478d8f:0x6983e29a6a2a6349!8m2!3d41.6808557!4d-8.8290288!16s%2Fg%2F11rbj1_skb!19sChIJj41HqxW3JQ0RSWMqaprig2k?authuser=0&hl=fr&rclk=1
Axis Wellness Fitness & SPA," R. da Bandeira 669, 4900-561 Viana do Castelo, Portugal",Viana do Castelo+Portugal,Portugal,Centre thermal,Salle de gym,"4,5", +351 258 847 555,http://www.axiswellness.pt/,,,https://www.google.com/maps/place/Axis+Wellness+Fitness+%26+SPA/data=!4m7!3m6!1s0xd25b7cb79da6c67:0x7ff1e5e164ca5b86!8m2!3d41.7024416!4d-8.8192729!16s%2Fg%2F11dxpgw1jm!19sChIJZ2zaecu3JQ0RhlvKZOHl8X8?authuser=0&hl=fr&rclk=1
Aquamuseu do Rio Minho," Vila Nova de Cerveira, Portugal",Viana do Castelo+Portugal,Portugal,Parc aquatique,Musée,"4,4", +351 251 708 026,http://aquamuseu.cm-vncerveira.pt/,aquamuseu@cm-vncerveira.pt,,https://www.google.com/maps/place/Aquamuseu+do+Rio+Minho/data=!4m7!3m6!1s0xd2595d5e9d1cf33:0xfb6aeefaba0d2910!8m2!3d41.9379358!4d-8.7494544!16s%2Fg%2F120k19cl!19sChIJM8_R6dWVJQ0RECkNuvruavs?authuser=0&hl=fr&rclk=1
Timeout Aventura - Parque Aventura," R. de Santa Luzia, 4990-725 Vilar do Monte, Portugal",Viana do Castelo+Portugal,Portugal,Parc aquatique,Centre de sports d'aventure,"4,7", +351 919 580 287,http://www.timeoutaventura.com/,info@timeoutaventura.com,,https://www.google.com/maps/place/Timeout+Aventura+-+Parque+Aventura/data=!4m7!3m6!1s0xd25afb0ddb933f7:0x5e2e18ec23acbc33!8m2!3d41.8529205!4d-8.5582905!16s%2Fg%2F11df0qxjzw!19sChIJ9zO53bCvJQ0RM7ysI-wYLl4?authuser=0&hl=fr&rclk=1
Parque Temático do Arnado," Caminho da Oliveirinha, 4990-150 Pte. de Lima, Portugal",Viana do Castelo+Portugal,Portugal,Parc aquatique,Parc citadin,"4,5", +351 258 900 400,https://altominho.pt/pt/visitar/experiencias/natureza/jardins-historicos/parque-do-arnado,,,https://www.google.com/maps/place/Parque+Tem%C3%A1tico+do+Arnado/data=!4m7!3m6!1s0xd25a58b07f53177:0x568ef8187f07e6f!8m2!3d41.771224!4d-8.5886332!16s%2Fg%2F11h3gvr_c0!19sChIJdzH1B4ulJQ0Rb37wh4HvaAU?authuser=0&hl=fr&rclk=1
Marina's Playground," Viana do Castelo, Portugal",Viana do Castelo+Portugal,Portugal,Parc aquatique,Terrain de jeu,"4,4",,,,,https://www.google.com/maps/place/Marina%27s+Playground/data=!4m7!3m6!1s0xd25b6302cb11547:0x26542953f3544df6!8m2!3d41.6919799!4d-8.8250604!16s%2Fg%2F11d_8m03gk!19sChIJRxWxLDC2JQ0R9k1U81MpVCY?authuser=0&hl=fr&rclk=1
Praia do Cabedelo," Rua Diogo Cão 224, Darque, Portugal",Viana do Castelo+Portugal,Portugal,Parc aquatique,Plage,"4,6",,http://www.playocean.net/portugal/viana-do-castelo/praias/praia-do-cabedelo,,,https://www.google.com/maps/place/Praia+do+Cabedelo/data=!4m7!3m6!1s0xd25b61f629aeba5:0xf86f953ddde3b2f8!8m2!3d41.6791298!4d-8.8325679!16s%2Fg%2F120sq1ql!19sChIJpeuaYh-2JQ0R-LLj3T2Vb_g?authuser=0&hl=fr&rclk=1
Parque das Águas," R. do Barão de Nova Sintra, 4300-367 Porto, Portugal",Viana do Castelo+Portugal,Portugal,Parc aquatique,Parc,"4,4", +351 22 519 0800,https://www.aguasdoporto.pt/noticias/parque-das-aguas,,,https://www.google.com/maps/place/Parque+das+%C3%81guas/data=!4m7!3m6!1s0xd2464947b370301:0xbee0eb7ed97aba39!8m2!3d41.1448682!4d-8.5902476!16s%2Fg%2F122f6zk_!19sChIJAQM3e5RkJA0RObp62X7r4L4?authuser=0&hl=fr&rclk=1
Forte de Paçô / Forte de Montedor, Portugal,Viana do Castelo+Portugal, Portugal,Parc aquatique,Forteresse,"4,3",,http://www.monumentos.gov.pt/Site/APP_PagesUser/SIPA.aspx?id=5168,,,https://www.google.com/maps/place/Forte+de+Pa%C3%A7%C3%B4+%2F+Forte+de+Montedor/data=!4m7!3m6!1s0xd25c7b46c90f3c1:0x1b6c43abfebbbd1f!8m2!3d41.7588756!4d-8.8764552!16s%2Fg%2F121j2119!19sChIJwfOQbLTHJQ0RH727_qtDbBs?authuser=0&hl=fr&rclk=1
SEA LIFE Centre Porto," 1ª Rua Particular, Via do Castelo do Queijo do, 4100-379 Porto, Portugal",Viana do Castelo+Portugal,Portugal,Parc aquatique,Aquarium,"4,2", +351 22 619 0400,https://www.visitsealife.com/porto/,,,https://www.google.com/maps/place/SEA+LIFE+Centre+Porto/data=!4m7!3m6!1s0xd246f13f94fee9d:0xfeb2f2917f61874!8m2!3d41.1686752!4d-8.6874729!16s%2Fm%2F065z8nb!19sChIJne5P-RNvJA0RdBj2Fykv6w8?authuser=0&hl=fr&rclk=1
City Park of Viana do Castelo," R. da Argaçosa, 4900-023 Viana do Castelo, Portugal",Viana do Castelo+Portugal,Portugal,Parc aquatique,Parc citadin,"4,4",,,,,https://www.google.com/maps/place/City+Park+of+Viana+do+Castelo/data=!4m7!3m6!1s0xd25b653a3220403:0xb9a5d0ffc7bb55ee!8m2!3d41.6965629!4d-8.8168203!16s%2Fg%2F11c51vt83c!19sChIJAwQio1O2JQ0R7lW7x__Qpbk?authuser=0&hl=fr&rclk=1
Monkey Park Esposende," 4740-010 Esposende, Portugal",Viana do Castelo+Portugal,Portugal,Parc aquatique,Parc de loisirs,"4,7", +351 919 409 259,https://www.monkeypark.pt/,%20info@monkeypark.pt,,https://www.google.com/maps/place/Monkey+Park+Esposende/data=!4m7!3m6!1s0xd244b45c3e5a763:0x7241e28d035e04e7!8m2!3d41.5306824!4d-8.7646832!16s%2Fg%2F11fd3xvmdv!19sChIJY6flw0VLJA0R5wReA43iQXI?authuser=0&hl=fr&rclk=1
SPA Flor de Sol," Av. de Cabo Verde, 4900-365 Viana do Castelo, Portugal",Viana do Castelo+Portugal,Portugal,Thalassothérapie,Institut de spa et bien-être,"5,0", +351 910 743 472,https://www.facebook.com/spaflordesol/,,,https://www.google.com/maps/place/SPA+Flor+de+Sol/data=!4m7!3m6!1s0xd25c92e58b8faa3:0x99e632da24f368bf!8m2!3d41.688175!4d-8.8468145!16s%2Fg%2F11vhgkts9r!19sChIJo_q4WC7JJQ0Rv2jzJNoy5pk?authuser=0&hl=fr&rclk=1
Hotel Porta do Sol," Av. Dr. Dantas Carneiro 128, 4910-104 Caminha, Portugal",Viana do Castelo+Portugal,Portugal,Thalassothérapie,,"4,3", +351 258 710 360,http://www.hotelportadosol.com/,,,https://www.google.com/maps/place/Hotel+Porta+do+Sol/data=!4m10!3m9!1s0xd25bf8afe8c1ce7:0x6d47c7b8fd6b1f62!5m2!4m1!1i2!8m2!3d41.8655725!4d-8.8481815!16s%2Fg%2F1trsz8zw!19sChIJ5xyM_oq_JQ0RYh9r_bjHR20?authuser=0&hl=fr&rclk=1
Himalaiaspa," Rua Nova de Santana 34, 4900-530 Viana do Castelo, Portugal",Viana do Castelo+Portugal,Portugal,Thalassothérapie,Station thermale,"5,0", +351 935 219 368,https://himalaiaspa.pt/,,,https://www.google.com/maps/place/Himalaiaspa/data=!4m7!3m6!1s0xd25b75faa429cc9:0x85c08f81cc43caec!8m2!3d41.6944416!4d-8.8284203!16s%2Fg%2F11zcx_bd0z!19sChIJyZxCql-3JQ0R7MpDzIGPwIU?authuser=0&hl=fr&rclk=1
Quinta Vale das Papas," Lugar de, 5085-010 Casal de Loivos, Portugal",Penedono+Portugal,Portugal,Hôtel avec spa,,"4,6", +351 936 370 132,http://valedaspapas.pt/,booking@valedaspapas.pt,,https://www.google.com/maps/place/Quinta+Vale+das+Papas/data=!4m10!3m9!1s0xd3b45b412f4e3eb:0xda705d8c5ec31577!5m2!4m1!1i2!8m2!3d41.1987787!4d-7.5275513!16s%2Fg%2F11j4wmq_gw!19sChIJ6-P0ErRFOw0RdxXDXoxdcNo?authuser=0&hl=fr&rclk=1
Piscina Municipal," Av. Adriano de Almeida ES, Penedono, Portugal",Penedono+Portugal,Portugal,Parc aquatique,Piscine municipale,"4,4", +351 254 505 113,https://cm-penedono.pt/espacos/piscinas-municipais/,,,https://www.google.com/maps/place/Piscina+Municipal/data=!4m7!3m6!1s0xd3c9ee3ad4fcc8b:0x811f9fb3aede174b!8m2!3d40.9906915!4d-7.3922093!16s%2Fg%2F11c4_lxkgg!19sChIJi8xPreOePA0RSxferrOfH4E?authuser=0&hl=fr&rclk=1
Passadiços de Santa Comba Dão," R. dos Aldrogãos 2 4, 3440-401 Santa Comba Dão, Portugal",Santa Comba Dão+Portugal,Portugal,Centre thermal,Attraction touristique,"4,4",,https://www.cm-santacombadao.pt/,geral@cm-santacombadao.pt,,https://www.google.com/maps/place/Passadi%C3%A7os+de+Santa+Comba+D%C3%A3o/data=!4m7!3m6!1s0xd2321da3a879f15:0x4e45010fe434bdaf!8m2!3d40.3961052!4d-8.1313677!16s%2Fg%2F11g07fdvq1!19sChIJFZ-HOtohIw0Rr7005A8BRU4?authuser=0&hl=fr&rclk=1
Santa Comba Dão Swimming pool," R. Lauro Gonçalves 7, 3440-325 Santa Comba Dão, Portugal",Santa Comba Dão+Portugal,Portugal,Parc aquatique,Piscine municipale,"4,1", +351 232 882 127,http://www.cm-santacombadao.pt/,geral@cm-santacombadao.pt,,https://www.google.com/maps/place/Santa+Comba+D%C3%A3o+Swimming+pool/data=!4m7!3m6!1s0xd2321d9fc10d9d9:0x42a70ef375d09b67!8m2!3d40.3998194!4d-8.1287104!16s%2Fg%2F119tlzn25!19sChIJ2dkQ_NkhIw0RZ5vQdfMOp0I?authuser=0&hl=fr&rclk=1
Ritual Zen," Av. Gen. Humberto Delgado 10 C, 3440-325 Santa Comba Dão, Portugal",Santa Comba Dão+Portugal,Portugal,Thalassothérapie,Centre de bien-être,"4,9", +351 964 019 689,https://ritual-zen.wixsite.com/ritualzen,ritualzen2@gmail.com,,https://www.google.com/maps/place/Ritual+Zen/data=!4m7!3m6!1s0xd231f7e1c365371:0x9299f8d08661cb07!8m2!3d40.3993054!4d-8.1297806!16s%2Fg%2F1vnnkpcm!19sChIJcVM2HH4fIw0RB8thhtD4mZI?authuser=0&hl=fr&rclk=1
Quinta Lusitânia," R. Calvário 1, 3440-126 Couto do Mosteiro, Portugal",Santa Comba Dão+Portugal,Portugal,Thalassothérapie,,"4,9", +351 961 946 566,http://www.quintalusitania.pt/,info@quintalusitania.pt,,https://www.google.com/maps/place/Quinta+Lusit%C3%A2nia/data=!4m10!3m9!1s0xd231ff12dcfa607:0x3310379eb983a0c5!5m2!4m1!1i2!8m2!3d40.4099803!4d-8.1426129!16s%2Fg%2F11h04mc0_2!19sChIJB6bPLfEfIw0RxaCDuZ43EDM?authuser=0&hl=fr&rclk=1
Clinatura - Santa Comba Dao," C. António Amadeu Prata n.º28, 3440-406 Santa Comba Dao, Portugal",Santa Comba Dão+Portugal,Portugal,Thalassothérapie,Dispensaire,"4,9", +351 935 549 192,,,,https://www.google.com/maps/place/Clinatura+-+Santa+Comba+Dao/data=!4m7!3m6!1s0xd2321e0df69cc4f:0x9555c3cf2604c6ee!8m2!3d40.4121271!4d-8.1295475!16s%2Fg%2F1hm24vjwq!19sChIJT8xp3-AhIw0R7sYEJs_DVZU?authuser=0&hl=fr&rclk=1
Promar Eco Beach Spa Hotel," R. Duque de Wellington nº7, 2560-100 Maceira, Portugal",Bombarral+Portugal,Portugal,Hôtel avec spa,,"4,4", +351 261 984 195,https://www.hotelpromar.pt/,reservas@hotelpromar.pt,,https://www.google.com/maps/place/Promar+Eco+Beach+Spa+Hotel/data=!4m10!3m9!1s0xd1f30bca9e38cb5:0x786b0a85ad32470d!5m2!4m1!1i2!8m2!3d39.177423!4d-9.355803!16s%2Fg%2F1wtbw4f2!19sChIJtYzjqbwwHw0RDUcyrYUKa3g?authuser=0&hl=fr&rclk=1
Hotel Vila d'Óbidos," Quinta Santo Antão Estrada Nossa Senhora da Luz, 2510-192 Óbidos, Portugal",Bombarral+Portugal,Portugal,Hôtel avec spa,,"4,1", +351 262 003 100,http://www.hotelviladobidos.pt/,geral@hotelviladobidos.pt,,https://www.google.com/maps/place/Hotel+Vila+d%27%C3%93bidos/data=!4m10!3m9!1s0xd18b482b2a3d3d1:0x6d11aa2f38dde264!5m2!4m1!1i2!8m2!3d39.3725871!4d-9.1566759!16s%2Fg%2F12hq09kt2!19sChIJ0dOjsoK0GA0RZOLdOC-qEW0?authuser=0&hl=fr&rclk=1
Bukubaki Eco Surf," Rua do Juncal 6, Casais de Mestre Mendo, 2525-331 Atouguia da Baleia, Portugal",Bombarral+Portugal,Portugal,Hôtel avec spa,,"4,5", +351 967 138 917,http://www.bukubaki.com/,info@bukubaki.com,,https://www.google.com/maps/place/Bukubaki+Eco+Surf/data=!4m10!3m9!1s0xd1f494f4a651255:0xb81734b3cf7f19d7!5m2!4m1!1i2!8m2!3d39.3533827!4d-9.2941718!16s%2Fg%2F11dx8ywdvf!19sChIJVRJlSk9JHw0R1xl_z7M0F7g?authuser=0&hl=fr&rclk=1
Praia D'El Rey Marriott Golf & Beach Resort," Vale De Janelas, Av. Dona Inês de Castro N° 1, 2510-451 Amoreira, Portugal",Bombarral+Portugal,Portugal,Hôtel avec spa,,"4,6", +351 262 905 100,https://www.marriott.com/en-us/hotels/lisdr-praia-del-rey-marriott-golf-and-beach-resort/overview/?scid=f2ae0541-1279-4f24-b197-a979c79310b0,,,https://www.google.com/maps/place/Praia+D%27El+Rey+Marriott+Golf+%26+Beach+Resort/data=!4m10!3m9!1s0xd1f4e9a5aa79423:0x1fc1461265eede6f!5m2!4m1!1i2!8m2!3d39.390803!4d-9.287572!16s%2Fg%2F1trpmgrx!19sChIJI5SnWppOHw0Rb97uZRJGwR8?authuser=0&hl=fr&rclk=1
Hotel Comendador," Largo Comendador João Ferreira dos Santos, 2540-033 Bombarral, Portugal",Bombarral+Portugal,Portugal,Centre thermal,,"3,7", +351 262 601 638,https://www.hotelcomendador.com/,geral@hotelcomendador.com,,https://www.google.com/maps/place/Hotel+Comendador/data=!4m10!3m9!1s0xd18caf2adbc2023:0x8de2c3f64c08c4c3!5m2!4m1!1i2!8m2!3d39.2705582!4d-9.1562971!16s%2Fg%2F1v832ch7!19sChIJIyC8rfLKGA0Rw8QITPbD4o0?authuser=0&hl=fr&rclk=1
Jardim do eden," Bombarral, Portugal",Bombarral+Portugal,Portugal,Centre thermal,Parc,"4,8",,,,,https://www.google.com/maps/place/Jardim+do+eden/data=!4m7!3m6!1s0xd18cb3fd9fbcd8d:0xc5291febea773d9!8m2!3d39.2756347!4d-9.1394844!16s%2Fg%2F11pyw0q5tq!19sChIJjc372T_LGA0R2XOnvv6RUgw?authuser=0&hl=fr&rclk=1
Quinta dos Loridos - Bacalhôa Buddha Eden," Quinta dos Loridos, 2540-420, Portugal",Bombarral+Portugal,Portugal,Centre thermal,Ferme,"4,8", +351 262 605 240,https://bacalhoa.pt/pt/bacalhoa-buddha-eden,visitas@loridos.com,https://www.linkedin.com/company/bacalh%C3%B4a-vinhos-de-portugal,https://www.google.com/maps/place/Quinta+dos+Loridos+-+Bacalh%C3%B4a+Buddha+Eden/data=!4m7!3m6!1s0xd18cbf8b733c9af:0x97258eea3bb5cad7!8m2!3d39.2764601!4d-9.1396198!16s%2Fg%2F11j_blt_1s!19sChIJr8kzt_jLGA0R18q1O-qOJZc?authuser=0&hl=fr&rclk=1
Buddha Eden Garden of Peace," Quinta dos Loridos, 2540-420, Portugal",Bombarral+Portugal,Portugal,Centre thermal,Jardin,"4,7", +351 262 605 240,https://bacalhoa.pt/pt/bacalhoa-buddha-eden,visitas@loridos.com,https://www.linkedin.com/company/bacalh%C3%B4a-vinhos-de-portugal,https://www.google.com/maps/place/Buddha+Eden+Garden+of+Peace/data=!4m7!3m6!1s0xd18cb50d515eecd:0x6b032e19ea751f6a!8m2!3d39.2764676!4d-9.1396175!16s%2Fg%2F11s34bdykr!19sChIJze4V1VDLGA0Rah916hkuA2s?authuser=0&hl=fr&rclk=1
Buddha Eden," Quinta dos Loridos, 2540-420, Portugal",Bombarral+Portugal,Portugal,Centre thermal,Jardin,"4,7", +351 262 605 240,https://www.bacalhoa.pt/pt/bacalhoa-buddha-eden,visitas@loridos.com,https://www.linkedin.com/company/bacalh%C3%B4a-vinhos-de-portugal,https://www.google.com/maps/place/Buddha+Eden/data=!4m7!3m6!1s0xd18ca66b0da2fbd:0x8f0e8583009b5b49!8m2!3d39.2755559!4d-9.1384902!16s%2Fg%2F1q5bn5pjy!19sChIJvS_asGbKGA0RSVubAIOFDo8?authuser=0&hl=fr&rclk=1
Quinta do Sanguinhal," 2540-216 Bombarral, Portugal",Bombarral+Portugal,Portugal,Centre thermal,,"4,8", +351 262 609 190,https://www.sanguinhal.pt/,,,https://www.google.com/maps/place/Quinta+do+Sanguinhal/data=!4m10!3m9!1s0xd18ca51797c9589:0xdcef8a4e6acf7da!5m2!4m1!1i2!8m2!3d39.2545994!4d-9.143909!16s%2Fg%2F1tj74w8g!19sChIJiZV8eVHKGA0R2ves5qT4zg0?authuser=0&hl=fr&rclk=1
Lake path fountain," 7VG7+C5, Bombarral, Portugal",Bombarral+Portugal,Portugal,Parc aquatique,Attraction touristique,"4,8",,,,,https://www.google.com/maps/place/Lake+path+fountain/data=!4m7!3m6!1s0xd18cba21ebb3467:0x16cc737f29b8d592!8m2!3d39.2760881!4d-9.1370305!16s%2Fg%2F11rr2pzjng!19sChIJZzS7HqLLGA0RktW4KX9zzBY?authuser=0&hl=fr&rclk=1
Parque de Merendas do Santuário do Senhor Jesus do Carvalhal," R. Sr. Jesus, Portugal",Bombarral+Portugal,Portugal,Parc aquatique,Aire de pique-nique,"4,2",,,,,https://www.google.com/maps/place/Parque+de+Merendas+do+Santu%C3%A1rio+do+Senhor+Jesus+do+Carvalhal/data=!4m7!3m6!1s0xd18ca701c9d3851:0x112261d7fcdf9307!8m2!3d39.2815893!4d-9.1349029!16s%2Fg%2F11fy9r5wz2!19sChIJUTidHHDKGA0RB5Pf_NdhIhE?authuser=0&hl=fr&rclk=1
Águas Sublimes / Piscinas e Jacuzzi," Av. Dr. Joaquim de Albuquerque 42a, 2540-004 Bombarral, Portugal",Bombarral+Portugal,Portugal,Thalassothérapie,Magasin de matériel pour piscines,"5,0", +351 913 944 564,https://aguassublimes.pt/,e-mailgeral.aguassublimes@gmail.com,,https://www.google.com/maps/place/%C3%81guas+Sublimes+%2F+Piscinas+e+Jacuzzi/data=!4m7!3m6!1s0xd18cbe925c870d7:0x3dff08793a47748f!8m2!3d39.2690872!4d-9.1625956!16s%2Fg%2F11vrf3fkx8!19sChIJ13DIJenLGA0Rj3RHOnkI_z0?authuser=0&hl=fr&rclk=1
Restaurante O Colmo," Avenida Manuel Marques Trindade 42, 9230-116 Santana, Portugal",Santana+Portugal,Portugal,Hôtel avec spa,,"4,1", +351 291 570 290,http://www.hotelocolmo.com/,,,https://www.google.com/maps/place/Restaurante+O+Colmo/data=!4m10!3m9!1s0xc6067cf5e16e7f5:0xa6c65cbe79106bde!5m2!4m1!1i2!8m2!3d32.804343!4d-16.8814071!16s%2Fg%2F1tgffmdm!19sChIJ9ecWXs9nYAwR3msQeb5cxqY?authuser=0&hl=fr&rclk=1
Hotel Quinta da Serra," Estrada do Chote 4 Jardim da Serra, 9325-140 Câmara de Lobos, Portugal",Santana+Portugal,Portugal,Hôtel avec spa,,"4,6", +351 291 640 120,http://www.hotelquintadaserra.com/,info@hotelquintadaserra.com,,https://www.google.com/maps/place/Hotel+Quinta+da+Serra/data=!4m10!3m9!1s0xd226b93719552a5:0x5ac326e5355b6f36!5m2!4m1!1i2!8m2!3d32.6938323!4d-16.9949111!16s%2Fg%2F1tghqvt5!19sChIJpVKVcZNrIg0RNm9bNeUmw1o?authuser=0&hl=fr&rclk=1
Hyatt Ziva Madeira," Marina da Quinta Grande, 9200-044 Caniçal, Portugal",Santana+Portugal,Portugal,Hôtel avec spa,,"4,6", +351 291 969 600,https://www.hyattinclusivecollection.com/en/resorts-hotels/hyatt-ziva/portugal/hyatt-ziva-madeira/?src=corp_lclb_google_seo_dremp&utm_source=google&utm_medium=organic&utm_campaign=lmr,,,https://www.google.com/maps/place/Hyatt+Ziva+Madeira/data=!4m10!3m9!1s0xc607ca5102ee7cb:0x77f47ba7211094fb!5m2!4m1!1i2!8m2!3d32.7423646!4d-16.7097648!16s%2Fg%2F11v614mzrd!19sChIJy-cuEKV8YAwR-5QQIad79Hc?authuser=0&hl=fr&rclk=1
La Maison ZiaZen," Levada do Castelejo, 9225-250 Porto da Cruz, Portugal",Santana+Portugal,Portugal,Hôtel avec spa,,"4,7", +351 918 286 995,http://www.lamaisonziazen.com/,%20contact@lamaisonziazen.com,https://www.linkedin.com/company/la-maison-ziazen,https://www.google.com/maps/place/La+Maison+ZiaZen/data=!4m10!3m9!1s0xc6066f0f103f187:0x82e2ed051d37a58c!5m2!4m1!1i2!8m2!3d32.7678819!4d-16.8512232!16s%2Fg%2F11f4_36587!19sChIJh_ED8fBmYAwRjKU3HQXt4oI?authuser=0&hl=fr&rclk=1
Estalagem Do Vale," Sitio das feiteiras de baixo, 9240-206 São Vicente, Portugal",Santana+Portugal,Portugal,Hôtel avec spa,,"4,0", +351 291 840 160,http://www.estalagemdovale.com/,,,https://www.google.com/maps/place/Estalagem+Do+Vale/data=!4m10!3m9!1s0xc605b2d338eb54d:0x9507e4eb38d977c9!5m2!4m1!1i2!8m2!3d32.7909985!4d-17.0387612!16s%2Fg%2F1tjhyxkz!19sChIJTbWOMy1bYAwRyXfZOOvkB5U?authuser=0&hl=fr&rclk=1
Botânica Living," MX4M+W5 Henriques 15, Estrada Padre António Dinis, 9300-261 Quinta Grande, Portugal",Santana+Portugal,Portugal,Hôtel avec spa,,"4,8", +351 917 229 193,http://www.botanicalivingmadeira.com/,geral@botanicalivingmadeira.com,,https://www.google.com/maps/place/Bot%C3%A2nica+Living/data=!4m10!3m9!1s0xc6059fa53fa92e9:0xe285774bb6b6f899!5m2!4m1!1i2!8m2!3d32.6573125!4d-17.0170625!16s%2Fg%2F11s56432_6!19sChIJ6ZL6U_pZYAwRmfi2tkt3heI?authuser=0&hl=fr&rclk=1
Quinta do Monte," Caminho do Monte 192, Monte, 9050-288 Funchal, Portugal",Santana+Portugal,Portugal,Hôtel avec spa,,"4,2", +351 291 780 100,,,,https://www.google.com/maps/place/Quinta+do+Monte/data=!4m10!3m9!1s0xc60600946be891d:0x985c1513915086cd!5m2!4m1!1i2!8m2!3d32.6764826!4d-16.9012065!16s%2Fg%2F119txrw_q!19sChIJHYm-RglgYAwRzYZQkRMVXJg?authuser=0&hl=fr&rclk=1
Hotel Vila Galé Santa Cruz," R. De São Fernando 5, 9100-173 Santa Cruz, Portugal",Santana+Portugal,Portugal,Hôtel avec spa,,"4,4", +351 291 529 000,https://www.vilagale.com/pt-pt/hoteis-portugal/hoteis-madeira/vila-gale-santa-cruz/,madeira@vilagale.com,https://www.linkedin.com/company/vila-gale-s-a-,https://www.google.com/maps/place/Hotel+Vila+Gal%C3%A9+Santa+Cruz/data=!4m10!3m9!1s0xc60600f372fbe05:0x69446db9dd72eb7f!5m2!4m1!1i2!8m2!3d32.6866655!4d-16.792904!16s%2Fg%2F1td0hrqj!19sChIJBb4vNw9gYAwRf-ty3bltRGk?authuser=0&hl=fr&rclk=1
Quinta Splendida Wellness & Botanical Garden," Estrada da Ponta Oliveira 11, 9125-001 Caniço, Portugal",Santana+Portugal,Portugal,Hôtel avec spa,,"4,6", +351 291 930 400,http://www.quintasplendida.com/,info@quintasplendida.com,,https://www.google.com/maps/place/Quinta+Splendida+Wellness+%26+Botanical+Garden/data=!4m10!3m9!1s0xc6061e13b6d7e4f:0xa84ea538ccaa7f9e!5m2!4m1!1i2!8m2!3d32.650435!4d-16.8390943!16s%2Fg%2F1t_h_70k!19sChIJT35tO-FhYAwRnn-qzDilTqg?authuser=0&hl=fr&rclk=1
Quinta Mirabela," Caminho do Monte 105 107, Monte, 9050-288 Funchal, Portugal",Santana+Portugal,Portugal,Hôtel avec spa,,"4,4", +351 291 780 210,http://www.quinta-mirabela.com/,,,https://www.google.com/maps/place/Quinta+Mirabela/data=!4m10!3m9!1s0xc605fe2ffab5213:0x894b8b359f1bf709!5m2!4m1!1i2!8m2!3d32.6659369!4d-16.9044356!16s%2Fg%2F12m9fr6b1!19sChIJE1Kr_-JfYAwRCfcbnzWLS4k?authuser=0&hl=fr&rclk=1
Hyatt Ziva Madeira," Marina da Quinta Grande, 9200-044 Caniçal, Portugal",Santana+Portugal,Portugal,Hôtel avec spa,,"4,6", +351 291 969 600,https://www.hyattinclusivecollection.com/en/resorts-hotels/hyatt-ziva/portugal/hyatt-ziva-madeira/?src=corp_lclb_google_seo_dremp&utm_source=google&utm_medium=organic&utm_campaign=lmr,,,https://www.google.com/maps/place/Hyatt+Ziva+Madeira/data=!4m10!3m9!1s0xc607ca5102ee7cb:0x77f47ba7211094fb!5m2!4m1!1i2!8m2!3d32.7423646!4d-16.7097648!16s%2Fg%2F11v614mzrd!19sChIJy-cuEKV8YAwR-5QQIad79Hc?authuser=0&hl=fr&rclk=1
Hotel PortoBay Serra Golf," Sítio dos Casais Próximos, 9100-255, Portugal",Santana+Portugal,Portugal,Hôtel avec spa,,"4,5", +351 291 550 500,https://www.portobay.com/en/hotels/madeira-hotels/portobay-serra-golf/,serragolf@portobay.pt,https://www.linkedin.com/company/porto-bay-hotels-,https://www.google.com/maps/place/Hotel+PortoBay+Serra+Golf/data=!4m10!3m9!1s0xc606254d1d6033d:0x8d82136fc027c9fe!5m2!4m1!1i2!8m2!3d32.722494!4d-16.8152546!16s%2Fg%2F1tdn5bv5!19sChIJPQPW0VRiYAwR_sknwG8Tgo0?authuser=0&hl=fr&rclk=1
La Maison ZiaZen," Levada do Castelejo, 9225-250 Porto da Cruz, Portugal",Santana+Portugal,Portugal,Hôtel avec spa,,"4,7", +351 918 286 995,http://www.lamaisonziazen.com/,%20contact@lamaisonziazen.com,https://www.linkedin.com/company/la-maison-ziazen,https://www.google.com/maps/place/La+Maison+ZiaZen/data=!4m10!3m9!1s0xc6066f0f103f187:0x82e2ed051d37a58c!5m2!4m1!1i2!8m2!3d32.7678819!4d-16.8512232!16s%2Fg%2F11f4_36587!19sChIJh_ED8fBmYAwRjKU3HQXt4oI?authuser=0&hl=fr&rclk=1
São Lourenço Guest House," Estr. de São Lourenço, 9200-031 Caniçal, Portugal",Santana+Portugal,Portugal,Hôtel avec spa,,"4,0",,https://www.saolourencoguesthouse.com/,,,https://www.google.com/maps/place/S%C3%A3o+Louren%C3%A7o+Guest+House/data=!4m10!3m9!1s0xc606306559a4251:0x11a8ec3e5af249c6!5m2!4m1!1i2!8m2!3d32.740364!4d-16.7457783!16s%2Fg%2F11whdhkj63!19sChIJUUKaVQZjYAwRxknyWj7sqBE?authuser=0&hl=fr&rclk=1
Enotel Santo da Serra," Sitio Dos Casais Proximos, 9200-152 Santo António da Serra, Portugal",Santana+Portugal,Portugal,Hôtel avec spa,,"4,4", +351 291 702 003,https://www.enotel.com/santo-da-serra,rececao.santo@enotel.com,https://www.linkedin.com/company/enotel-hotels-resorts-portugal,https://www.google.com/maps/place/Enotel+Santo+da+Serra/data=!4m10!3m9!1s0xc6063e2bc8f3651:0x3a2354f556d8fb88!5m2!4m1!1i2!8m2!3d32.724499!4d-16.816941!16s%2Fg%2F1tt1typ6!19sChIJUTaPvOJjYAwRiPvYVvVUIzo?authuser=0&hl=fr&rclk=1
Hotel Quinta do Furão," Estrada da Quinta do Furão Nº6, 9230-082 Santana, Portugal",Santana+Portugal,Portugal,Hôtel avec spa,,"4,8", +351 291 570 100,http://www.quintadofurao.com/,reservations@quintadofurao.com,,https://www.google.com/maps/place/Hotel+Quinta+do+Fur%C3%A3o/data=!4m10!3m9!1s0xc6068725e676607:0xc078cd766a097c61!5m2!4m1!1i2!8m2!3d32.8240987!4d-16.8848645!16s%2Fg%2F11b63w29mq!19sChIJB2ZnXnJoYAwRYXwJanbNeMA?authuser=0&hl=fr&rclk=1
Village Cabo Girao," Estr. 1 de Julho 2, 9300-081 Câmara de Lobos, Portugal",Santana+Portugal,Portugal,Hôtel avec spa,,"4,5", +351 291 911 700,http://www.cabogirao.com/,bookings@cabogirao.com,,https://www.google.com/maps/place/Village+Cabo+Girao/data=!4m10!3m9!1s0xc605f2d00ef9ea3:0x9e87dc6ae1bad458!5m2!4m1!1i2!8m2!3d32.6581176!4d-17.003428!16s%2Fg%2F11b6djrh09!19sChIJo57vAC1fYAwRWNS64Wrch54?authuser=0&hl=fr&rclk=1
Pestana Casino Park," R. Imperatriz Dona Amelia, São Martinho, 9004-513 Funchal, Portugal",Santana+Portugal,Portugal,Hôtel avec spa,,"4,4", +351 291 209 100,https://www.pestana.com/en/hotel/pestana-casino-park?utm_campaign=pestana-casino-park-partoo&utm_medium=organicsearch,fo.casino@pestana.com,,https://www.google.com/maps/place/Pestana+Casino+Park/data=!4m10!3m9!1s0xc605ffc8fd74d67:0xedc4447b5e8de3ac!5m2!4m1!1i2!8m2!3d32.643849!4d-16.917274!16s%2Fg%2F122f6zl4!19sChIJZ03Xj_xfYAwRrOONXntExO0?authuser=0&hl=fr&rclk=1
Palheiro Village," Estr. do Aeroporto 65, 9060-382 Funchal, Portugal",Santana+Portugal,Portugal,Hôtel avec spa,,"4,6", +351 291 790 030,https://www.palheironatureestate.com/pt/palheiro-village.html,,,https://www.google.com/maps/place/Palheiro+Village/data=!4m10!3m9!1s0xc60602e630a275b:0xda712d2e5f4d7553!5m2!4m1!1i2!8m2!3d32.6499639!4d-16.8728153!16s%2Fg%2F12hp7fnfs!19sChIJWycKYy5gYAwRU3VNXy4tcdo?authuser=0&hl=fr&rclk=1
Restaurante O Colmo," Avenida Manuel Marques Trindade 42, 9230-116 Santana, Portugal",Santana+Portugal,Portugal,Hôtel avec spa,,"4,1", +351 291 570 290,http://www.hotelocolmo.com/,,,https://www.google.com/maps/place/Restaurante+O+Colmo/data=!4m10!3m9!1s0xc6067cf5e16e7f5:0xa6c65cbe79106bde!5m2!4m1!1i2!8m2!3d32.804343!4d-16.8814071!16s%2Fg%2F1tgffmdm!19sChIJ9ecWXs9nYAwR3msQeb5cxqY?authuser=0&hl=fr&rclk=1
Casa Velha Do Palheiro - Relais & Châteaux," R. da Estalagem 23 - São Gonçalo, 9060-415 Funchal, Portugal",Santana+Portugal,Portugal,Hôtel avec spa,,"4,7", +351 291 790 350,http://www.casa-velha.com/,,,https://www.google.com/maps/place/Casa+Velha+Do+Palheiro+-+Relais+%26+Ch%C3%A2teaux/data=!4m10!3m9!1s0xc6060436f83521d:0x88908a60dbd939f8!5m2!4m1!1i2!8m2!3d32.6580288!4d-16.8673696!16s%2Fg%2F1td1r3wb!19sChIJHVKDb0NgYAwR-DnZ22CKkIg?authuser=0&hl=fr&rclk=1
Monte Mar Palace Hotel," Sítio do Montado, 9240-104 Ponta Delgada, Portugal",Santana+Portugal,Portugal,Hôtel avec spa,,"4,1", +351 291 860 030,https://www.montemarpalace.com/,recepcao@montemarpalace.com,,https://www.google.com/maps/place/Monte+Mar+Palace+Hotel/data=!4m10!3m9!1s0xc60436ec3e03e13:0xe3a0abde5d2a0a1a!5m2!4m1!1i2!8m2!3d32.8288574!4d-16.9906024!16s%2Fg%2F11rrksk09d!19sChIJEz7gw25DYAwRGgoqXd6roOM?authuser=0&hl=fr&rclk=1
Hotel Quinta da Serra," Estrada do Chote 4 Jardim da Serra, 9325-140 Câmara de Lobos, Portugal",Santana+Portugal,Portugal,Hôtel avec spa,,"4,6", +351 291 640 120,http://www.hotelquintadaserra.com/,info@hotelquintadaserra.com,,https://www.google.com/maps/place/Hotel+Quinta+da+Serra/data=!4m10!3m9!1s0xd226b93719552a5:0x5ac326e5355b6f36!5m2!4m1!1i2!8m2!3d32.6938323!4d-16.9949111!16s%2Fg%2F1tghqvt5!19sChIJpVKVcZNrIg0RNm9bNeUmw1o?authuser=0&hl=fr&rclk=1
Continente Modelo Santana," Sítio do Barreiro, 9230-085 Funchal, Portugal",Santana+Portugal,Portugal,Centre thermal,Supermarché,"4,3", +351 291 101 200,https://feed.continente.pt/lojas/continente-modelo-santana,,,https://www.google.com/maps/place/Continente+Modelo+Santana/data=!4m7!3m6!1s0xc6067dea2ae612d:0x68af76d41e4d091f!8m2!3d32.8105254!4d-16.8838053!16s%2Fg%2F11ckvvb7ny!19sChIJLWGuot5nYAwRHwlNHtR2r2g?authuser=0&hl=fr&rclk=1
Reserva Natural da Rocha do Navio," Estr. das Covas 6 9230, Santana, Portugal",Santana+Portugal,Portugal,Centre thermal,Réserve nationale,"4,7",,https://ifcn.madeira.gov.pt/areas-protegidas/rocha-do-navio.html,,,https://www.google.com/maps/place/Reserva+Natural+da+Rocha+do+Navio/data=!4m7!3m6!1s0xc6067557995f74b:0x3449b744f5b53334!8m2!3d32.8136185!4d-16.872244!16s%2Fg%2F120z71q6!19sChIJS_eVeVVnYAwRNDO19US3STQ?authuser=0&hl=fr&rclk=1
Caldelas Spa," Braga PT, Av. Afonso Manuel 255, 4720-249 Caldelas, Portugal",Santana+Portugal,Portugal,Centre thermal,Thermes,"4,3", +351 253 368 165,https://termas-caldelas.com/,,,https://www.google.com/maps/place/Caldelas+Spa/data=!4m7!3m6!1s0xd2503b960e26e27:0x4ea116b6f6557b7a!8m2!3d41.667979!4d-8.3699156!16s%2Fg%2F122qs4h7!19sChIJJ27iYLkDJQ0RentV9rYWoU4?authuser=0&hl=fr&rclk=1
Santana in Nature Bed & Breakfast," Estrada Regional 1, Sítio do Cortado n 2, 9230-088 Santana, Portugal",Santana+Portugal,Portugal,Centre thermal,,"3,9", +351 291 624 904,http://www.santanainnature.com/,santanainnature@gmail.com,,https://www.google.com/maps/place/Santana+in+Nature+Bed+%26+Breakfast/data=!4m10!3m9!1s0xc6067b558813ab1:0x93f1523a41cbf13!5m2!4m1!1i2!8m2!3d32.7962004!4d-16.8664977!16s%2Fg%2F11fp9d60_y!19sChIJsTqBWLVnYAwRE78cpCMVPwk?authuser=0&hl=fr&rclk=1
Termas das Caldeiras da Ribeira Grande," Caldeiras, 9600-501 Ribeira Grande, Portugal",Santana+Portugal,Portugal,Centre thermal,Station thermale,"4,3", +351 296 493 560,,,,https://www.google.com/maps/place/Termas+das+Caldeiras+da+Ribeira+Grande/data=!4m7!3m6!1s0xb5cd79c9e02da83:0x79ec149a9ee3425e!8m2!3d37.7979471!4d-25.4873641!16s%2Fg%2F11g8wd7djc!19sChIJg9oCnpzXXAsRXkLjnpoU7Hk?authuser=0&hl=fr&rclk=1
Alcafache Thermal Spa," R. Balneário, 3530-026 Viseu, Portugal",Santana+Portugal,Portugal,Centre thermal,Spa,"4,2", +351 232 479 797,http://www.termasdealcafache.pt/,reservas@termasdealcafache.pt,,https://www.google.com/maps/place/Alcafache+Thermal+Spa/data=!4m7!3m6!1s0xd233158ac6b1151:0xab408e1b9431aabc!8m2!3d40.606029!4d-7.8696854!16s%2Fg%2F1th88d7h!19sChIJURFrrFgxIw0RvKoxlBuOQKs?authuser=0&hl=fr&rclk=1
Moinho do Comandante," Faja do Cedro Gordo - São Roque do Faial Santana, Santana, Portugal",Santana+Portugal,Portugal,Centre thermal,,"4,7", +351 916 165 993,https://www.facebook.com/moinhodocomandante,,,https://www.google.com/maps/place/Moinho+do+Comandante/data=!4m10!3m9!1s0xc606700f68e47d5:0x967f743db19e4d7e!5m2!4m1!1i2!8m2!3d32.755511!4d-16.877882!16s%2Fg%2F11b73nfdjc!19sChIJ1UeO9gBnYAwRfk2esT10f5Y?authuser=0&hl=fr&rclk=1
Thalasso Sea Spa | VidaMar Hotels & Resorts | Madeira," Estrada Monumental 175, São Martinho, 9000-100 Funchal, Portugal",Santana+Portugal,Portugal,Centre thermal,Spa,"3,9", +351 291 717 700,https://madeira.vidamarresorts.com/pt/thalasso-sea-spa/,,,https://www.google.com/maps/place/Thalasso+Sea+Spa+%7C+VidaMar+Hotels+%26+Resorts+%7C+Madeira/data=!4m7!3m6!1s0xc605f1176e1e90b:0x1c1c77b28197a8de!8m2!3d32.6373109!4d-16.9278841!16s%2Fg%2F11rd8g_w4q!19sChIJC-nhdhFfYAwR3qiXgbJ3HBw?authuser=0&hl=fr&rclk=1
Termas da Ferraria," Ginetes, Portugal",Santana+Portugal,Portugal,Centre thermal,Thermes,"4,3", +351 296 295 669,https://www.facebook.com/termas.ferraria.90/?locale=pt_PT,,,https://www.google.com/maps/place/Termas+da+Ferraria/data=!4m7!3m6!1s0xb433075effc4a91:0xed304ac0a0ff8440!8m2!3d37.8608255!4d-25.8525276!16s%2Fg%2F11byhj2zgd!19sChIJkUr873UwQwsRQIT_oMBKMO0?authuser=0&hl=fr&rclk=1
Santana Hotel & Spa," Monte Santana, 4480-188 Azurara, Portugal",Santana+Portugal,Portugal,Centre thermal,,"3,9", +351 252 640 460,http://www.santanahotel.pt/,geral@santanahotel.pt,,https://www.google.com/maps/place/Santana+Hotel+%26+Spa/data=!4m10!3m9!1s0xd2443f492a4e521:0x14627f7d2e31bdb6!5m2!4m1!1i2!8m2!3d41.3507823!4d-8.7358404!16s%2Fg%2F1tqcmhc7!19sChIJIeWkkvRDJA0Rtr0xLn1_YhQ?authuser=0&hl=fr&rclk=1
Maisons typiques de Santana," 9230-082 Santana, Portugal",Santana+Portugal,Portugal,Centre thermal,Attraction touristique,"4,2",,,,,https://www.google.com/maps/place/Maisons+typiques+de+Santana/data=!4m7!3m6!1s0xc6067b793ad549f:0x4fbac6a3df2dece8!8m2!3d32.8054545!4d-16.8826111!16s%2Fg%2F121s931f!19sChIJn1Stk7dnYAwR6Owt36PGuk8?authuser=0&hl=fr&rclk=1
Termas de São Pedro do Sul," Praça Dr. António José de Almeida Termas de, 3660-692 São Pedro do Sul, Portugal",Santana+Portugal,Portugal,Centre thermal,Thermes,"4,6", +351 232 720 300,http://www.termas-spsul.com/,,,https://www.google.com/maps/place/Termas+de+S%C3%A3o+Pedro+do+Sul/data=!4m7!3m6!1s0xd23419e6b3a7687:0xe61a24ad81fb6642!8m2!3d40.7393418!4d-8.0928189!16s%2Fg%2F11g7_fp5qm!19sChIJh3Y6a55BIw0RQmb7ga0kGuY?authuser=0&hl=fr&rclk=1
Termas de S. Jorge," Praça de S. Jorge, 4505-679 Caldas de São Jorge, Portugal",Santana+Portugal,Portugal,Centre thermal,Station thermale,"4,4", +351 256 910 360,http://www.termas-sjorge.com/,,,https://www.google.com/maps/place/Termas+de+S.+Jorge/data=!4m7!3m6!1s0xd247ff60abb0307:0x264d404162a34718!8m2!3d40.968571!4d-8.5005249!16s%2Fg%2F1225km8z!19sChIJBwO7CvZ_JA0RGEejYkFATSY?authuser=0&hl=fr&rclk=1
Levada do Caldeirão Verde PR9," Santana, Portugal",Santana+Portugal,Portugal,Centre thermal,Circuit de randonnée,"4,7",,https://visitmadeira.com/pt/o-que-fazer/exploradores-da-natureza/atividades/caminhadas/pr-9-levada-do-caldeirao-verde/,ifcn@madeira.gov.pt,,https://www.google.com/maps/place/Levada+do+Caldeir%C3%A3o+Verde+PR9/data=!4m7!3m6!1s0xc6067894f742e23:0x92de25a57544e99e!8m2!3d32.7835459!4d-16.9070149!16s%2Fg%2F11c753vh_v!19sChIJIy50T4lnYAwRnulEdaUl3pI?authuser=0&hl=fr&rclk=1
"NaturWaterPark - Parque de Diversões do Douro, Lda"," Quinta do Barroco, Póvoa, 5000-037 Vila Real, Portugal",Santana+Portugal,Portugal,Parc aquatique,,"4,3", +351 259 309 120,http://www.naturwaterpark.pt/,,,"https://www.google.com/maps/place/NaturWaterPark+-+Parque+de+Divers%C3%B5es+do+Douro,+Lda/data=!4m7!3m6!1s0xd3b4f284f893e7d:0xf52d0a705512fb1f!8m2!3d41.2559981!4d-7.651942!16s%2Fg%2F1tdz17kg!19sChIJfT6JTyhPOw0RH_sSVXAKLfU?authuser=0&hl=fr&rclk=1"
Norpark - Aquatic Amusement Nazaré," Praia do Norte, 2450-065 Nazaré, Portugal",Santana+Portugal,Portugal,Parc aquatique,Parc aquatique,"4,1", +351 262 568 515,https://norparknazare.pt/,,,https://www.google.com/maps/place/Norpark+-+Aquatic+Amusement+Nazar%C3%A9/data=!4m7!3m6!1s0xd18a9c3a917f529:0x63bafea1726a9c40!8m2!3d39.6130378!4d-9.0801809!16s%2Fg%2F1trps1rn!19sChIJKfUXqcOpGA0RQJxqcqH-umM?authuser=0&hl=fr&rclk=1
Parque Temático da Madeira," Estrada do Parque Temático 1, 9230-098 Santana, Portugal",Santana+Portugal,Portugal,Parc aquatique,Parc à thème,"4,0", +351 291 570 410,http://www.parquetematicodamadeira.pt/,,,https://www.google.com/maps/place/Parque+Tem%C3%A1tico+da+Madeira/data=!4m7!3m6!1s0xc6067b793b3ccff:0x6ac13df584b268f6!8m2!3d32.8035985!4d-16.8843985!16s%2Fg%2F122vfb76!19sChIJ_8yzk7dnYAwR9miyhPU9wWo?authuser=0&hl=fr&rclk=1
Slide & Splash," Portugal PT, Vale de Deus 125, 8401-901 Estômbar, Portugal",Santana+Portugal,Portugal,Parc aquatique,Parc aquatique,"4,5", +351 282 340 800,http://www.slidesplash.com/,info@slidesplash.com,,https://www.google.com/maps/place/Slide+%26+Splash/data=!4m7!3m6!1s0xd1ad7dcb0aff5c5:0xbe389806c01894c5!8m2!3d37.1399192!4d-8.474926!16s%2Fg%2F1tg36h9c!19sChIJxfWvsNzXGg0RxZQYwAaYOL4?authuser=0&hl=fr&rclk=1
Aquaparque Madeira," ER101, 9100-000 Gaula, Portugal",Santana+Portugal,Portugal,Parc aquatique,Parc aquatique,"3,8", +351 291 640 535,https://aquaparque-madeira.com/,,,https://www.google.com/maps/place/Aquaparque+Madeira/data=!4m7!3m6!1s0xc6063736bcba275:0x3e75fcfda401014d!8m2!3d32.6836851!4d-16.7967709!16s%2Fg%2F11hzpnhyb2!19sChIJdaLLa3NjYAwRTQEBpP38dT4?authuser=0&hl=fr&rclk=1
Amarante Water Park," Rua do Tâmega 2245 -909, 4600-909, Portugal",Santana+Portugal,Portugal,Parc aquatique,Parc aquatique,"4,3", +351 255 410 040,http://parqueaquaticoamarante.com/,,,https://www.google.com/maps/place/Amarante+Water+Park/data=!4m7!3m6!1s0xd24be6ec5c6f72d:0x5c768383645eaab6!8m2!3d41.2495036!4d-8.1056498!16s%2Fg%2F11gfkm5bvk!19sChIJLffGxW6-JA0RtqpeZIODdlw?authuser=0&hl=fr&rclk=1
Piscinas de Ribeira da Boaventura," ER101, Gaula, Portugal",Santana+Portugal,Portugal,Parc aquatique,Piscine extérieure,"4,2",,https://madeira.best/product/santa-cruz-bathing-complex/,,,https://www.google.com/maps/place/Piscinas+de+Ribeira+da+Boaventura/data=!4m7!3m6!1s0xc6062386e7494d9:0x8e7889c36754ba3a!8m2!3d32.6829649!4d-16.7950766!16s%2Fg%2F11dftn_kz3!19sChIJ2ZR0bjhiYAwROrpUZ8OJeI4?authuser=0&hl=fr&rclk=1
"Onda Ibérica - Actividades Turísticas E Recreativas, Lda."," Rua Bela De São Tiago, 20, Edifício José Maria Branco, Funchal, Ilha Da Madeira, Portugal",Santana+Portugal,Portugal,Parc aquatique,Parc aquatique,"3,0", +351 291 524 412,,,,"https://www.google.com/maps/place/Onda+Ib%C3%A9rica+-+Actividades+Tur%C3%ADsticas+E+Recreativas,+Lda./data=!4m7!3m6!1s0xc605fdaaaaaaaab:0x4c03810f121cd711!8m2!3d32.6669328!4d-16.9240554!16s%2Fg%2F11bbrn_0_z!19sChIJq6qqqtpfYAwREdccEg-BA0w?authuser=0&hl=fr&rclk=1"
Saccharum," Rua da Serra D'Água, nº1, 9370-087 Arco da Calheta, Madeira, Portugal",Santana+Portugal,Portugal,Thalassothérapie,,"4,6", +351 291 820 800,https://www.savoysignature.com/saccharumhotel/en/?utm_source=google&utm_medium=googlemybusiness&utm_campaign=saccharum,,,https://www.google.com/maps/place/Saccharum/data=!4m10!3m9!1s0xc605113a38ba5c5:0xdf042bd8a5479226!5m2!4m1!1i2!8m2!3d32.7167807!4d-17.1684636!16s%2Fg%2F11ckqt0hz5!19sChIJxaWLoxNRYAwRJpJHpdgrBN8?authuser=0&hl=fr&rclk=1
Meliá Madeira Mare," Rua de Leichlingen 2, São Martinho, 9000-003 Funchal, Portugal",Santana+Portugal,Portugal,Thalassothérapie,,"4,5", +351 291 724 140,https://www.meliamadeira.com/?utm_campaign=google&utm_content=5697&utm_medium=organic&utm_source=directories,,,https://www.google.com/maps/place/Meli%C3%A1+Madeira+Mare/data=!4m10!3m9!1s0xc605ff4a1e7899f:0x2ffd055315c7c112!5m2!4m1!1i2!8m2!3d32.63796!4d-16.934268!16s%2Fg%2F11b6pthr7v!19sChIJn4nnofRfYAwREsHHFVMF_S8?authuser=0&hl=fr&rclk=1
TIL Spa," Castanheiro Boutique Hotel, R. do Castanheiro 31, São Martinho, 9000-081 Funchal, Portugal",Santana+Portugal,Portugal,Thalassothérapie,Spa,"4,9", +351 937 118 614,https://www.castanheiroboutiquehotel.com/pt/til-spa/,,,https://www.google.com/maps/place/TIL+Spa/data=!4m7!3m6!1s0xc60616fc6a7245b:0x1ce07be6b19a7d45!8m2!3d32.649703!4d-16.9100183!16s%2Fg%2F11jv6tpxzh!19sChIJWySnxm9hYAwRRX2aseZ74Bw?authuser=0&hl=fr&rclk=1
Hotel Porto Santo & Spa," Campo de Baixo, 9400-015 Porto Santo, Portugal",Santana+Portugal,Portugal,Thalassothérapie,,"4,3", +351 291 980 140,http://www.hotelportosanto.com/,reservas@hotelportosanto.com,,https://www.google.com/maps/place/Hotel+Porto+Santo+%26+Spa/data=!4m10!3m9!1s0xc5fe7e2d1435743:0x23376cbb413db4d4!5m2!4m1!1i2!8m2!3d33.0516634!4d-16.3473322!16s%2Fg%2F1tgcz9dq!19sChIJQ1dD0eLnXwwR1LQ9QbtsNyM?authuser=0&hl=fr&rclk=1
Restaurante Calhau de São Jorge," Calhau de São Jorge, 9230-082 Santana, Portugal",Santana+Portugal,Portugal,Thalassothérapie,Restaurant portugais,"4,8", +351 291 573 122,https://www.instagram.com/calhaudesaojorge/,,,https://www.google.com/maps/place/Restaurante+Calhau+de+S%C3%A3o+Jorge/data=!4m7!3m6!1s0xc6068172be825af:0x4f5d0b10dd358c30!8m2!3d32.8287676!4d-16.897215!16s%2Fg%2F11c7ss6t7x!19sChIJryXoKxdoYAwRMIw13RALXU8?authuser=0&hl=fr&rclk=1
VidaMar Resort Hotel Madeira," Estrada Monumental 175 177, São Martinho, 9000-100 Funchal, Portugal",Santana+Portugal,Portugal,Thalassothérapie,,"4,5", +351 291 717 700,https://madeira.vidamarresorts.com/,,,https://www.google.com/maps/place/VidaMar+Resort+Hotel+Madeira/data=!4m10!3m9!1s0xc605ff40bf49be3:0x8abd36fddda2d7f4!5m2!4m1!1i2!8m2!3d32.6378741!4d-16.9281176!16s%2Fg%2F12hqvpp82!19sChIJ45v0C_RfYAwR9Nei3f02vYo?authuser=0&hl=fr&rclk=1
Basto Vila Hotel," Cabeceiras de Basto, Portugal",Cabeceiras de Basto+Portugal,Portugal,Hôtel avec spa,,"4,3", +351 253 053 067,https://sites.google.com/view/basto-vila-hotel/,,,https://www.google.com/maps/place/Basto+Vila+Hotel/data=!4m10!3m9!1s0xd24daee6dda13bf:0xb7e1d1058d93ff63!5m2!4m1!1i2!8m2!3d41.5118101!4d-7.9874313!16s%2Fg%2F11f087xlky!19sChIJvxPabe7aJA0RY_-TjQXR4bc?authuser=0&hl=fr&rclk=1
Quinta do Rapozinho," Rua José Machado - S. Nicolau, 4860-143 Cabeceiras de Basto, Portugal",Cabeceiras de Basto+Portugal,Portugal,Hôtel avec spa,,"4,8", +351 914 469 094,https://www.quintadorapozinho.com/,,,https://www.google.com/maps/place/Quinta+do+Rapozinho/data=!4m10!3m9!1s0xd24dbe8877f9e03:0xb49a25bc25263d3a!5m2!4m1!1i2!8m2!3d41.5494989!4d-8.0270955!16s%2Fg%2F1v1kr42h!19sChIJA55_h-jbJA0ROj0mJbwlmrQ?authuser=0&hl=fr&rclk=1
Água Hotels Mondim de Basto," Monte da Paradela, S/N, 4880 Mondim de Basto, Portugal",Cabeceiras de Basto+Portugal,Portugal,Hôtel avec spa,,"4,5", +351 255 389 040,https://www.aguahotels.pt/en/mondim-de-basto/,bookings@aguahotels.pt,,https://www.google.com/maps/place/%C3%81gua+Hotels+Mondim+de+Basto/data=!4m10!3m9!1s0xd24c60ff2e49eb1:0x583db26e1a7e0783!5m2!4m1!1i2!8m2!3d41.396063!4d-7.970718!16s%2Fg%2F1tdx0v36!19sChIJsZ7k8g_GJA0Rgwd-Gm6yPVg?authuser=0&hl=fr&rclk=1
Mondim Hotel & Spa," 161, Av. da Igreja 19, Mondim de Basto, Portugal",Cabeceiras de Basto+Portugal,Portugal,Hôtel avec spa,,"4,1", +351 255 381 062,http://www.mondimalespa.pt/,,,https://www.google.com/maps/place/Mondim+Hotel+%26+Spa/data=!4m10!3m9!1s0xd24cf546a53319d:0x808d7b2e82c75596!5m2!4m1!1i2!8m2!3d41.4100978!4d-7.9525875!16s%2Fg%2F12vt9bx3m!19sChIJnTFTalTPJA0RllXHgi57jYA?authuser=0&hl=fr&rclk=1
Lam Hotel Celorico de Basto," R. dos Combatentes do Ultramar 100 293, 4890-293 Celorico de Basto, Portugal",Cabeceiras de Basto+Portugal,Portugal,Hôtel avec spa,,"4,2", +351 255 320 030,https://www.flagworldhotels.com/celorico?utm_medium=organic&utm_source=google&utm_campaign=google-my-business&utm_term=google-local&utm_id=flagworld-celorico,booking@maarlab.com,,https://www.google.com/maps/place/Lam+Hotel+Celorico+de+Basto/data=!4m10!3m9!1s0xd24c687d7cd4d71:0x2070fbda6d45d9fa!5m2!4m1!1i2!8m2!3d41.3926892!4d-8.0043919!16s%2Fg%2F11bzz69f81!19sChIJcU3N14fGJA0R-tlFbdr7cCA?authuser=0&hl=fr&rclk=1
Água Hotels Mondim de Basto," Monte da Paradela, S/N, 4880 Mondim de Basto, Portugal",Cabeceiras de Basto+Portugal,Portugal,Hôtel avec spa,,"4,5", +351 255 389 040,https://www.aguahotels.pt/en/mondim-de-basto/,bookings@aguahotels.pt,,https://www.google.com/maps/place/%C3%81gua+Hotels+Mondim+de+Basto/data=!4m10!3m9!1s0xd24c6051782c6e9:0x583db26e1a7e0783!5m2!4m1!1i2!8m2!3d41.3960628!4d-7.9707175!16s%2Fg%2F1tdx0v36!19sChIJ6caCFwXGJA0Rgwd-Gm6yPVg?authuser=0&hl=fr&rclk=1
Lam Hotel Celorico de Basto," R. dos Combatentes do Ultramar 100 293, 4890-293 Celorico de Basto, Portugal",Cabeceiras de Basto+Portugal,Portugal,Hôtel avec spa,,"4,2", +351 255 320 030,https://www.flagworldhotels.com/celorico?utm_medium=organic&utm_source=google&utm_campaign=google-my-business&utm_term=google-local&utm_id=flagworld-celorico,booking@maarlab.com,,https://www.google.com/maps/place/Lam+Hotel+Celorico+de+Basto/data=!4m10!3m9!1s0xd24c687dfa45bdf:0x2070fbda6d45d9fa!5m2!4m1!1i2!8m2!3d41.392689!4d-8.004392!16s%2Fg%2F11bzz69f81!19sChIJ31uk34fGJA0R-tlFbdr7cCA?authuser=0&hl=fr&rclk=1
Boticas Hotel Art & Spa," Junto à C.M, R. Gomes Monteiro 5, 5460-300 Boticas, Portugal",Cabeceiras de Basto+Portugal,Portugal,Hôtel avec spa,,"4,5", +351 276 414 330,http://www.boticashotel.com/,reservas@boticashotel.com,https://www.linkedin.com/company/boticas-hotel-art-spa,https://www.google.com/maps/place/Boticas+Hotel+Art+%26+Spa/data=!4m10!3m9!1s0xd3ad643dcc8e263:0xde74b8519f99209!5m2!4m1!1i2!8m2!3d41.6867227!4d-7.6684748!16s%2Fg%2F11b639j2yq!19sChIJY-LI3EPWOg0RCZL5GYVL5w0?authuser=0&hl=fr&rclk=1
Water Park Gerês," Praia de, Rua do Alqueirão, 4845-062 Alqueirão, Portugal",Cabeceiras de Basto+Portugal,Portugal,Parc aquatique,Parc aquatique,"4,4", +351 915 658 866,,,,https://www.google.com/maps/place/Water+Park+Ger%C3%AAs/data=!4m7!3m6!1s0xd251f885badc287:0xdf23855258e4ecd0!8m2!3d41.6796211!4d-8.1762636!16s%2Fg%2F11fn25wx_g!19sChIJh8KtW4gfJQ0R0OzkWFKFI98?authuser=0&hl=fr&rclk=1
Piscinas Scorpio - Guimaraes," Alameda dos Desportos 4805, 4835-235 Guimarães, Portugal",Cabeceiras de Basto+Portugal,Portugal,Parc aquatique,Parc aquatique,"4,3", +351 253 423 200,https://tempolivre.pt/scorpio/,,,https://www.google.com/maps/place/Piscinas+Scorpio+-+Guimaraes/data=!4m7!3m6!1s0xd24f0254e4722c3:0x34d87f8a70abe653!8m2!3d41.4310583!4d-8.3196035!16s%2Fg%2F11b6cbc1f9!19sChIJwyJHTiXwJA0RU-arcIp_2DQ?authuser=0&hl=fr&rclk=1
Magikland - Amusement Park," R. Santo Andrė n.º1279, 4560-221 Marecos, Portugal",Cabeceiras de Basto+Portugal,Portugal,Parc aquatique,Parc de loisirs,"4,3", +351 255 712 357,http://www.magikland.pt/,reservas@magikland.pt,,https://www.google.com/maps/place/Magikland+-+Amusement+Park/data=!4m7!3m6!1s0xd2491bc723d2bfd:0xa1bc78c1912d471f!8m2!3d41.1992207!4d-8.2799437!16s%2Fg%2F122sxhkz!19sChIJ_Ss9cryRJA0RH0ctkcF4vKE?authuser=0&hl=fr&rclk=1
Parque Aquático de Fafe," Tv. Sol Poente 1, 4820-338 Fafe, Portugal",Cabeceiras de Basto+Portugal,Portugal,Parc aquatique,Parc aquatique,"4,2", +351 910 637 001,https://parqueaquaticofafe.pt/,geral@parqueaquaticofafe.pt,,https://www.google.com/maps/place/Parque+Aqu%C3%A1tico+de+Fafe/data=!4m7!3m6!1s0xd24e8f74d5c38a3:0x43dd9e7f1bd60c2!8m2!3d41.4396041!4d-8.1827994!16s%2Fg%2F1q5bmncb5!19sChIJozhcTffoJA0RwmC98efZPQQ?authuser=0&hl=fr&rclk=1
Cabeceiras de Basto,,Cabeceiras de Basto+Portugal,,Thalassothérapie,,,,,,,https://www.google.com/maps/place/Cabeceiras+de+Basto/data=!4m7!3m6!1s0xd24da927ce33a67:0x258e3710f61f6747!8m2!3d41.5116939!4d-7.9979753!16zL20vMGJ2OWg4!19sChIJZzrjfJLaJA0RR2cf9hA3jiU?authuser=0&hl=fr&rclk=1
Palace Hotel & Spa Termas de São Vicente," Alameda D. Rosa Branca Archer 51, Pinheiro, Portugal",Castelo de Paiva+Portugal,Portugal,Hôtel avec spa,,"3,4", +351 255 617 080,http://www.termas-svicente.pt/,,,https://www.google.com/maps/place/Palace+Hotel+%26+Spa+Termas+de+S%C3%A3o+Vicente/data=!4m10!3m9!1s0xd249ac420314325:0xb06e2659903be615!5m2!4m1!1i2!8m2!3d41.1174022!4d-8.2945949!16s%2Fg%2F11cst13zmp!19sChIJJUMxIMSaJA0RFeY7kFkmbrA?authuser=0&hl=fr&rclk=1
Octant Hotels Douro," EN 222, R. Vista Alegre Km 41, 4550-631 Raiva, Portugal",Castelo de Paiva+Portugal,Portugal,Hôtel avec spa,,"4,8", +351 255 690 160,http://www.douro.octanthotels.com/,info-douro@octanthotels.com,,https://www.google.com/maps/place/Octant+Hotels+Douro/data=!4m10!3m9!1s0xd24830aca7e46ed:0x5852b0f83611e271!5m2!4m1!1i2!8m2!3d41.038198!4d-8.351272!16s%2Fg%2F113jmt55y!19sChIJ7UZ-ygqDJA0RceIRNviwUlg?authuser=0&hl=fr&rclk=1
Casa do Porco," R. Nossa Sra. da Piedade 681, 4515-588 Melres, Portugal",Castelo de Paiva+Portugal,Portugal,Hôtel avec spa,,"5,0", +351 918 714 587,https://abnb.me/TVQWRFVByFb,,,https://www.google.com/maps/place/Casa+do+Porco/data=!4m10!3m9!1s0xd2485572c0b8dcd:0x922422323318d662!5m2!4m1!1i2!8m2!3d41.0563706!4d-8.3898894!16s%2Fg%2F11v03yb18m!19sChIJzY0LLFeFJA0RYtYYMzIiJJI?authuser=0&hl=fr&rclk=1
MS Collection Arouca - Mosteiro de Arouca," Largo Santa Mafalda, 4540-108 Arouca, Portugal",Castelo de Paiva+Portugal,Portugal,Hôtel avec spa,,"4,9", +351 256 245 534,https://www.mscollection.pt/arouca?utm_medium=organic&utm_source=google&utm_campaign=google-my-business&utm_term=google-local&utm_id=mscol-mosteiro,booking@maarlab.com,https://www.linkedin.com/company/ms-collection-hotels,https://www.google.com/maps/place/MS+Collection+Arouca+-+Mosteiro+de+Arouca/data=!4m10!3m9!1s0xd23637cca52046f:0x4ff864771ef2930d!5m2!4m1!1i2!8m2!3d40.9276885!4d-8.2472688!16s%2Fg%2F11pd_ctw5b!19sChIJbwRSynxjIw0RDZPyHndk-E8?authuser=0&hl=fr&rclk=1
Palace Hotel & Spa Termas de São Vicente," Alameda D. Rosa Branca Archer 51, Pinheiro, Portugal",Castelo de Paiva+Portugal,Portugal,Hôtel avec spa,,"3,4", +351 255 617 080,http://www.termas-svicente.pt/,,,https://www.google.com/maps/place/Palace+Hotel+%26+Spa+Termas+de+S%C3%A3o+Vicente/data=!4m10!3m9!1s0xd249ac4285ac399:0xb06e2659903be615!5m2!4m1!1i2!8m2!3d41.117402!4d-8.294595!16s%2Fg%2F11cst13zmp!19sChIJmcNaKMSaJA0RFeY7kFkmbrA?authuser=0&hl=fr&rclk=1
Douro Royal Valley Hotel & Spa," Lugar de Portela do Rio, 4640-400 Ribadouro, Portugal",Castelo de Paiva+Portugal,Portugal,Hôtel avec spa,,"4,5", +351 255 070 900,http://www.douroroyal.com/,info@douroroyal.pt,,https://www.google.com/maps/place/Douro+Royal+Valley+Hotel+%26+Spa/data=!4m10!3m9!1s0xd24a24c3d96ddcf:0x1233e986648b2cba!5m2!4m1!1i2!8m2!3d41.1031387!4d-8.0946634!16s%2Fg%2F11c3k9ptgq!19sChIJz92WPUyiJA0RuiyLZIbpMxI?authuser=0&hl=fr&rclk=1
Octant Hotels Douro," EN 222, R. Vista Alegre Km 41, 4550-631 Raiva, Portugal",Castelo de Paiva+Portugal,Portugal,Hôtel avec spa,,"4,8", +351 255 690 160,http://www.douro.octanthotels.com/,info-douro@octanthotels.com,,https://www.google.com/maps/place/Octant+Hotels+Douro/data=!4m10!3m9!1s0xd24830aca7e4727:0x5852b0f83611e271!5m2!4m1!1i2!8m2!3d41.038198!4d-8.351272!16s%2Fg%2F113jmt55y!19sChIJJ0d-ygqDJA0RceIRNviwUlg?authuser=0&hl=fr&rclk=1
Cimo da Vinha - Nature Spot," Rua de Sequeirô de Cima 290, caixa de correio 104, 4550-694 Castelo de Paiva, Portugal",Castelo de Paiva+Portugal,Portugal,Centre thermal,,"4,7", +351 255 165 259,https://cimodavinha.pt/,info@cimodavinha.pt,,https://www.google.com/maps/place/Cimo+da+Vinha+-+Nature+Spot/data=!4m10!3m9!1s0xd249d54706e2abd:0xf8e53f7b05400bb0!5m2!4m1!1i2!8m2!3d40.9904732!4d-8.2591932!16s%2Fg%2F11q2rv70bg!19sChIJvSpucFSdJA0RsAtABXs_5fg?authuser=0&hl=fr&rclk=1
Rio moment's," EM502-3, Bairros, Portugal",Castelo de Paiva+Portugal,Portugal,Centre thermal,,"4,7", +351 962 343 498,http://riomoments.com/,riomoments@gmail.com,,https://www.google.com/maps/place/Rio+moment%27s/data=!4m10!3m9!1s0xd249c34ef29c897:0xbe297174998157de!5m2!4m1!1i2!8m2!3d41.0278839!4d-8.2399905!16s%2Fg%2F11b809tg02!19sChIJl8gp7zScJA0R3leBmXRxKb4?authuser=0&hl=fr&rclk=1
Casa do Villas," Castelo de Paiva, Portugal",Castelo de Paiva+Portugal,Portugal,Centre thermal,,"4,3",,,,,https://www.google.com/maps/place/Casa+do+Villas/data=!4m10!3m9!1s0xd249cdd396953ad:0x98da52928f5a119c!5m2!4m1!1i2!8m2!3d41.0318868!4d-8.2881444!16s%2Fg%2F11bbww_5x9!19sChIJrVNpOd2cJA0RnBFaj5JS2pg?authuser=0&hl=fr&rclk=1
Canastro Country House," Caminho das Fragas Real, 4550-669 Castelo de Paiva, Portugal",Castelo de Paiva+Portugal,Portugal,Centre thermal,,"4,9", +351 936 136 622,http://pt.bookinghotel.site/,,,https://www.google.com/maps/place/Canastro+Country+House/data=!4m10!3m9!1s0xd236334441b6e7d:0x7d9d8d555ee956a7!5m2!4m1!1i2!8m2!3d40.9752027!4d-8.2915482!16s%2Fg%2F11fj4c2f61!19sChIJfW4bRDRjIw0Rp1bpXlWNnX0?authuser=0&hl=fr&rclk=1
Anjo de Portugal," Santa Maria de Sardoura, Portugal",Castelo de Paiva+Portugal,Portugal,Centre thermal,Sculpture,"4,5",,http://www.cm-castelo-paiva.pt/pt/anjo-de-portugal,geral@cm-castelo-paiva.pt,,https://www.google.com/maps/place/Anjo+de+Portugal/data=!4m7!3m6!1s0xd249b442a958fb3:0x53c2a7c6359454cf!8m2!3d41.0774054!4d-8.2950704!16s%2Fg%2F11c310hc8v!19sChIJs4-VKkSbJA0Rz1SUNcanwlM?authuser=0&hl=fr&rclk=1
Caldas de aregos," Portugal, Anreade, Portugal",Castelo de Paiva+Portugal,Portugal,Centre thermal,Attraction touristique,"4,5", +351 254 875 259,http://www.termas-caldasdearegos.com/index.php?option=com_content&view=article&id=61&Itemid=77,,,https://www.google.com/maps/place/Caldas+de+aregos/data=!4m7!3m6!1s0xd24a436226b9e23:0x3b04db69ef1308bb!8m2!3d41.1023191!4d-8.0097728!16s%2Fg%2F122df0f4!19sChIJI55rIjakJA0RuwgT72nbBDs?authuser=0&hl=fr&rclk=1
Miradouro de Catapeixe," N224, Castelo de Paiva, Portugal",Castelo de Paiva+Portugal,Portugal,Centre thermal,Attraction touristique,"4,4",,,,,https://www.google.com/maps/place/Miradouro+de+Catapeixe/data=!4m7!3m6!1s0xd249c83f6cc3f5f:0xa2b4e44d22a71a8a!8m2!3d41.059453!4d-8.2714426!16s%2Fg%2F11fy4gf74n!19sChIJXz_M9oOcJA0RihqnIk3ktKI?authuser=0&hl=fr&rclk=1
Villa Termal das Caldas de Monchique," R. de Caldas de Monchique, 8550-232, Portugal",Castelo de Paiva+Portugal,Portugal,Centre thermal,,"4,1", +351 282 910 910,https://monchiquetermalresort.com/,,,https://www.google.com/maps/place/Villa+Termal+das+Caldas+de+Monchique/data=!4m10!3m9!1s0xd1b2174134954ff:0x4fd55d3aa98db471!5m2!4m1!1i2!8m2!3d37.2852451!4d-8.5536875!16s%2Fg%2F1tj9d811!19sChIJ_1RJE3QhGw0RcbSNqTpd1U8?authuser=0&hl=fr&rclk=1
Baloiço de São Gens," Santa Maria de Sardoura, Portugal",Castelo de Paiva+Portugal,Portugal,Centre thermal,Attraction touristique,"4,6",,https://www.rotadaluz.pt/castelo-de-paiva/lugares/baloico-de-sao-gens-castelo-de-paiva/,,,https://www.google.com/maps/place/Baloi%C3%A7o+de+S%C3%A3o+Gens/data=!4m7!3m6!1s0xd249d434ab7a29f:0x937a3ca853bb8b65!8m2!3d41.0457017!4d-8.2995017!16s%2Fg%2F11jnk_qxz_!19sChIJn6K3SkOdJA0RZYu7U6g8epM?authuser=0&hl=fr&rclk=1
Termas de Chaves / Complexo Termal Aquae Salutem," Largo Tito Flávio Vespasiano 1, 5400-534 Chaves, Portugal",Castelo de Paiva+Portugal,Portugal,Centre thermal,Thermes,"4,2", +351 276 332 445,http://www.termasdechaves.com/,,,https://www.google.com/maps/place/Termas+de+Chaves+%2F+Complexo+Termal+Aquae+Salutem/data=!4m7!3m6!1s0xd3adff5e6b6a4cb:0x8fb0e007b1c4e399!8m2!3d41.7384603!4d-7.4729256!16s%2Fg%2F11j2yb70tb!19sChIJy6S25vXfOg0RmePEsQfgsI8?authuser=0&hl=fr&rclk=1
Douro Palace Hotel Resort & Spa," Lugar do Carrapatelo, 4640-423 Santa Cruz do Douro, Portugal",Castelo de Paiva+Portugal,Portugal,Centre thermal,,"4,5", +351 254 880 000,http://www.douropalace.com/,info@douropalace.com,,https://www.google.com/maps/place/Douro+Palace+Hotel+Resort+%26+Spa/data=!4m10!3m9!1s0xd24a4536b920467:0x1abbce40ec7343a3!5m2!4m1!1i2!8m2!3d41.1098225!4d-8.0062874!16s%2Fg%2F1thtff1r!19sChIJZwSSa1OkJA0Ro0Nz7EDOuxo?authuser=0&hl=fr&rclk=1
Hotel Flower Residence," R. Sá Carneiro-Amaro da Costa 44, 4550-120 Castelo de Paiva, Portugal",Castelo de Paiva+Portugal,Portugal,Centre thermal,,"3,6", +351 916 828 618,https://flowerresidence.com/,,,https://www.google.com/maps/place/Hotel+Flower+Residence/data=!4m10!3m9!1s0xd249d9df4d31ca5:0xd60c2070ad0bb93a!5m2!4m1!1i2!8m2!3d41.0400256!4d-8.2706418!16s%2Fg%2F11trgks9sw!19sChIJpRzT9J2dJA0ROrkLrXAgDNY?authuser=0&hl=fr&rclk=1
MS Collection Arouca - Mosteiro de Arouca," Largo Santa Mafalda, 4540-108 Arouca, Portugal",Castelo de Paiva+Portugal,Portugal,Hôtel avec spa,,"4,9", +351 256 245 534,https://www.mscollection.pt/arouca?utm_medium=organic&utm_source=google&utm_campaign=google-my-business&utm_term=google-local&utm_id=mscol-mosteiro,booking@maarlab.com,https://www.linkedin.com/company/ms-collection-hotels,https://www.google.com/maps/place/MS+Collection+Arouca+-+Mosteiro+de+Arouca/data=!4m10!3m9!1s0xd23637cca52046f:0x4ff864771ef2930d!5m2!4m1!1i2!8m2!3d40.9276885!4d-8.2472688!16s%2Fg%2F11pd_ctw5b!19sChIJbwRSynxjIw0RDZPyHndk-E8?authuser=0&hl=fr&rclk=1
Octant Hotels Douro," EN 222, R. Vista Alegre Km 41, 4550-631 Raiva, Portugal",Castelo de Paiva+Portugal,Portugal,Hôtel avec spa,,"4,8", +351 255 690 160,http://www.douro.octanthotels.com/,info-douro@octanthotels.com,,https://www.google.com/maps/place/Octant+Hotels+Douro/data=!4m10!3m9!1s0xd24830aca7e46ed:0x5852b0f83611e271!5m2!4m1!1i2!8m2!3d41.038198!4d-8.351272!16s%2Fg%2F113jmt55y!19sChIJ7UZ-ygqDJA0RceIRNviwUlg?authuser=0&hl=fr&rclk=1
Douro Royal Valley Hotel & Spa," Lugar de Portela do Rio, 4640-400 Ribadouro, Portugal",Castelo de Paiva+Portugal,Portugal,Hôtel avec spa,,"4,5", +351 255 070 900,http://www.douroroyal.com/,info@douroroyal.pt,,https://www.google.com/maps/place/Douro+Royal+Valley+Hotel+%26+Spa/data=!4m10!3m9!1s0xd24a24c3d96ddcf:0x1233e986648b2cba!5m2!4m1!1i2!8m2!3d41.1031387!4d-8.0946634!16s%2Fg%2F11c3k9ptgq!19sChIJz92WPUyiJA0RuiyLZIbpMxI?authuser=0&hl=fr&rclk=1
Palace Hotel & Spa Termas de São Vicente," Alameda D. Rosa Branca Archer 51, Pinheiro, Portugal",Castelo de Paiva+Portugal,Portugal,Hôtel avec spa,,"3,4", +351 255 617 080,http://www.termas-svicente.pt/,,,https://www.google.com/maps/place/Palace+Hotel+%26+Spa+Termas+de+S%C3%A3o+Vicente/data=!4m10!3m9!1s0xd249ac420314325:0xb06e2659903be615!5m2!4m1!1i2!8m2!3d41.1174022!4d-8.2945949!16s%2Fg%2F11cst13zmp!19sChIJJUMxIMSaJA0RFeY7kFkmbrA?authuser=0&hl=fr&rclk=1
Casa do Porco," R. Nossa Sra. da Piedade 681, 4515-588 Melres, Portugal",Castelo de Paiva+Portugal,Portugal,Hôtel avec spa,,"5,0", +351 918 714 587,https://abnb.me/TVQWRFVByFb,,,https://www.google.com/maps/place/Casa+do+Porco/data=!4m10!3m9!1s0xd2485572c0b8dcd:0x922422323318d662!5m2!4m1!1i2!8m2!3d41.0563706!4d-8.3898894!16s%2Fg%2F11v03yb18m!19sChIJzY0LLFeFJA0RYtYYMzIiJJI?authuser=0&hl=fr&rclk=1
Castelo Beach," N222 416, 4550-364 Fornos, Portugal",Castelo de Paiva+Portugal,Portugal,Centre thermal,,"4,4",,http://aquapolis.com.pt/praia-fluvial-do-castelo-ou-ilha-dos-amores-fornos-castelo-de-paiva/,,,https://www.google.com/maps/place/Castelo+Beach/data=!4m7!3m6!1s0xd249b80765b4095:0x28291d80c38e6275!8m2!3d41.0651315!4d-8.2625761!16s%2Fg%2F11c4bf3c7d!19sChIJlUBbdoCbJA0RdWKOw4AdKSg?authuser=0&hl=fr&rclk=1
Casa do Villas," Castelo de Paiva, Portugal",Castelo de Paiva+Portugal,Portugal,Centre thermal,,"4,3",,,,,https://www.google.com/maps/place/Casa+do+Villas/data=!4m10!3m9!1s0xd249cdd396953ad:0x98da52928f5a119c!5m2!4m1!1i2!8m2!3d41.0318868!4d-8.2881444!16s%2Fg%2F11bbww_5x9!19sChIJrVNpOd2cJA0RnBFaj5JS2pg?authuser=0&hl=fr&rclk=1
Cimo da Vinha - Nature Spot," Rua de Sequeirô de Cima 290, caixa de correio 104, 4550-694 Castelo de Paiva, Portugal",Castelo de Paiva+Portugal,Portugal,Centre thermal,,"4,7", +351 255 165 259,https://cimodavinha.pt/,info@cimodavinha.pt,,https://www.google.com/maps/place/Cimo+da+Vinha+-+Nature+Spot/data=!4m10!3m9!1s0xd249d54706e2abd:0xf8e53f7b05400bb0!5m2!4m1!1i2!8m2!3d40.9904732!4d-8.2591932!16s%2Fg%2F11q2rv70bg!19sChIJvSpucFSdJA0RsAtABXs_5fg?authuser=0&hl=fr&rclk=1
Rio moment's," EM502-3, Bairros, Portugal",Castelo de Paiva+Portugal,Portugal,Centre thermal,,"4,7", +351 962 343 498,http://riomoments.com/,riomoments@gmail.com,,https://www.google.com/maps/place/Rio+moment%27s/data=!4m10!3m9!1s0xd249c34ef29c897:0xbe297174998157de!5m2!4m1!1i2!8m2!3d41.0278839!4d-8.2399905!16s%2Fg%2F11b809tg02!19sChIJl8gp7zScJA0R3leBmXRxKb4?authuser=0&hl=fr&rclk=1
Termas do Cró, Portugal,Castelo de Paiva+Portugal, Portugal,Centre thermal,Thermes,"4,4", +351 271 589 000,http://www.termasdocro.pt/,geral@termasdocro.pt,,https://www.google.com/maps/place/Termas+do+Cr%C3%B3/data=!4m7!3m6!1s0xd3c54e6c3c144c9:0x6140199a1b985a4e!8m2!3d40.4422466!4d-7.0440586!16s%2Fg%2F1238y695!19sChIJyUTBw-ZUPA0RTlqYG5oZQGE?authuser=0&hl=fr&rclk=1
Casa das Fontelas," R. de VL Verde 397, 4550-863 Castelo de Paiva, Portugal",Castelo de Paiva+Portugal,Portugal,Centre thermal,,"4,8", +351 922 137 706,https://casadasfontelas.com/,casafontelas@gmail.com,,https://www.google.com/maps/place/Casa+das+Fontelas/data=!4m10!3m9!1s0xd249d6d6a918021:0x77fb9890f7a6b194!5m2!4m1!1i2!8m2!3d41.0420903!4d-8.2812496!16s%2Fg%2F11v5g58ymn!19sChIJIYCRam2dJA0RlLGm95CY-3c?authuser=0&hl=fr&rclk=1
Hotel Flower Residence," R. Sá Carneiro-Amaro da Costa 44, 4550-120 Castelo de Paiva, Portugal",Castelo de Paiva+Portugal,Portugal,Centre thermal,,"3,6", +351 916 828 618,https://flowerresidence.com/,,,https://www.google.com/maps/place/Hotel+Flower+Residence/data=!4m10!3m9!1s0xd249d9df4d31ca5:0xd60c2070ad0bb93a!5m2!4m1!1i2!8m2!3d41.0400256!4d-8.2706418!16s%2Fg%2F11trgks9sw!19sChIJpRzT9J2dJA0ROrkLrXAgDNY?authuser=0&hl=fr&rclk=1
Anjo de Portugal," Santa Maria de Sardoura, Portugal",Castelo de Paiva+Portugal,Portugal,Centre thermal,Sculpture,"4,5",,http://www.cm-castelo-paiva.pt/pt/anjo-de-portugal,geral@cm-castelo-paiva.pt,,https://www.google.com/maps/place/Anjo+de+Portugal/data=!4m7!3m6!1s0xd249b442a958fb3:0x53c2a7c6359454cf!8m2!3d41.0774054!4d-8.2950704!16s%2Fg%2F11c310hc8v!19sChIJs4-VKkSbJA0Rz1SUNcanwlM?authuser=0&hl=fr&rclk=1
Douro Palace Hotel Resort & Spa," Lugar do Carrapatelo, 4640-423 Santa Cruz do Douro, Portugal",Castelo de Paiva+Portugal,Portugal,Centre thermal,,"4,5", +351 254 880 000,http://www.douropalace.com/,info@douropalace.com,,https://www.google.com/maps/place/Douro+Palace+Hotel+Resort+%26+Spa/data=!4m10!3m9!1s0xd24a4536b920467:0x1abbce40ec7343a3!5m2!4m1!1i2!8m2!3d41.1098225!4d-8.0062874!16s%2Fg%2F1thtff1r!19sChIJZwSSa1OkJA0Ro0Nz7EDOuxo?authuser=0&hl=fr&rclk=1
Baloiço de São Gens," Santa Maria de Sardoura, Portugal",Castelo de Paiva+Portugal,Portugal,Centre thermal,Attraction touristique,"4,6",,https://www.rotadaluz.pt/castelo-de-paiva/lugares/baloico-de-sao-gens-castelo-de-paiva/,,,https://www.google.com/maps/place/Baloi%C3%A7o+de+S%C3%A3o+Gens/data=!4m7!3m6!1s0xd249d434ab7a29f:0x937a3ca853bb8b65!8m2!3d41.0457017!4d-8.2995017!16s%2Fg%2F11jnk_qxz_!19sChIJn6K3SkOdJA0RZYu7U6g8epM?authuser=0&hl=fr&rclk=1
Termas das Caldeiras da Ribeira Grande," Caldeiras, 9600-501 Ribeira Grande, Portugal",Castelo de Paiva+Portugal,Portugal,Centre thermal,Station thermale,"4,3", +351 296 493 560,,,,https://www.google.com/maps/place/Termas+das+Caldeiras+da+Ribeira+Grande/data=!4m7!3m6!1s0xb5cd79c9e02da83:0x79ec149a9ee3425e!8m2!3d37.7979471!4d-25.4873641!16s%2Fg%2F11g8wd7djc!19sChIJg9oCnpzXXAsRXkLjnpoU7Hk?authuser=0&hl=fr&rclk=1
Canastro Country House," Caminho das Fragas Real, 4550-669 Castelo de Paiva, Portugal",Castelo de Paiva+Portugal,Portugal,Centre thermal,,"4,9", +351 936 136 622,http://pt.bookinghotel.site/,,,https://www.google.com/maps/place/Canastro+Country+House/data=!4m10!3m9!1s0xd236334441b6e7d:0x7d9d8d555ee956a7!5m2!4m1!1i2!8m2!3d40.9752027!4d-8.2915482!16s%2Fg%2F11fj4c2f61!19sChIJfW4bRDRjIw0Rp1bpXlWNnX0?authuser=0&hl=fr&rclk=1
Miradouro de Catapeixe," N224, Castelo de Paiva, Portugal",Castelo de Paiva+Portugal,Portugal,Centre thermal,Attraction touristique,"4,4",,,,,https://www.google.com/maps/place/Miradouro+de+Catapeixe/data=!4m7!3m6!1s0xd249c83f6cc3f5f:0xa2b4e44d22a71a8a!8m2!3d41.059453!4d-8.2714426!16s%2Fg%2F11fy4gf74n!19sChIJXz_M9oOcJA0RihqnIk3ktKI?authuser=0&hl=fr&rclk=1
Caldelas Spa," Braga PT, Av. Afonso Manuel 255, 4720-249 Caldelas, Portugal",Castelo de Paiva+Portugal,Portugal,Centre thermal,Thermes,"4,3", +351 253 368 165,https://termas-caldelas.com/,,,https://www.google.com/maps/place/Caldelas+Spa/data=!4m7!3m6!1s0xd2503b960e26e27:0x4ea116b6f6557b7a!8m2!3d41.667979!4d-8.3699156!16s%2Fg%2F122qs4h7!19sChIJJ27iYLkDJQ0RentV9rYWoU4?authuser=0&hl=fr&rclk=1
Caldas de aregos," Portugal, Anreade, Portugal",Castelo de Paiva+Portugal,Portugal,Centre thermal,Attraction touristique,"4,5", +351 254 875 259,http://www.termas-caldasdearegos.com/index.php?option=com_content&view=article&id=61&Itemid=77,,,https://www.google.com/maps/place/Caldas+de+aregos/data=!4m7!3m6!1s0xd24a436226b9e23:0x3b04db69ef1308bb!8m2!3d41.1023191!4d-8.0097728!16s%2Fg%2F122df0f4!19sChIJI55rIjakJA0RuwgT72nbBDs?authuser=0&hl=fr&rclk=1
Longroiva spa," R. da Corredoura, Mêda, Portugal",Castelo de Paiva+Portugal,Portugal,Centre thermal,Thermes,"4,5", +351 279 849 230,https://www.cm-meda.pt/polo-termal-de-longroiva/,,,https://www.google.com/maps/place/Longroiva+spa/data=!4m7!3m6!1s0xd3c846512c13aaf:0xceb152d874cab588!8m2!3d40.965037!4d-7.2098184!16s%2Fg%2F1v8x3h56!19sChIJrzrBEmWEPA0RiLXKdNhSsc4?authuser=0&hl=fr&rclk=1
Termas de São Pedro do Sul," Praça Dr. António José de Almeida Termas de, 3660-692 São Pedro do Sul, Portugal",Castelo de Paiva+Portugal,Portugal,Centre thermal,Thermes,"4,6", +351 232 720 300,http://www.termas-spsul.com/,,,https://www.google.com/maps/place/Termas+de+S%C3%A3o+Pedro+do+Sul/data=!4m7!3m6!1s0xd23419e6b3a7687:0xe61a24ad81fb6642!8m2!3d40.7393418!4d-8.0928189!16s%2Fg%2F11g7_fp5qm!19sChIJh3Y6a55BIw0RQmb7ga0kGuY?authuser=0&hl=fr&rclk=1
Water Park Splash Wave," 3840-261, Portugal",Castelo de Paiva+Portugal,Portugal,Parc aquatique,Parc aquatique,"4,1", +351 234 797 732,http://www.vagasplash.com/,,,https://www.google.com/maps/place/Water+Park+Splash+Wave/data=!4m7!3m6!1s0xd23beae6f732c8d:0x73d5d0980ca8fd60!8m2!3d40.5497484!4d-8.7705445!16s%2Fg%2F1tfsjpj8!19sChIJjSxzb66-Iw0RYP2oDJjQ1XM?authuser=0&hl=fr&rclk=1
Parque Aquático de Fafe," Tv. Sol Poente 1, 4820-338 Fafe, Portugal",Castelo de Paiva+Portugal,Portugal,Parc aquatique,Parc aquatique,"4,2", +351 910 637 001,https://parqueaquaticofafe.pt/,geral@parqueaquaticofafe.pt,,https://www.google.com/maps/place/Parque+Aqu%C3%A1tico+de+Fafe/data=!4m7!3m6!1s0xd24e8f74d5c38a3:0x43dd9e7f1bd60c2!8m2!3d41.4396041!4d-8.1827994!16s%2Fg%2F1q5bmncb5!19sChIJozhcTffoJA0RwmC98efZPQQ?authuser=0&hl=fr&rclk=1
Water Park Gerês," Praia de, Rua do Alqueirão, 4845-062 Alqueirão, Portugal",Castelo de Paiva+Portugal,Portugal,Parc aquatique,Parc aquatique,"4,4", +351 915 658 866,,,,https://www.google.com/maps/place/Water+Park+Ger%C3%AAs/data=!4m7!3m6!1s0xd251f885badc287:0xdf23855258e4ecd0!8m2!3d41.6796211!4d-8.1762636!16s%2Fg%2F11fn25wx_g!19sChIJh8KtW4gfJQ0R0OzkWFKFI98?authuser=0&hl=fr&rclk=1
Aquashow," Aquashow Park, Volta do Parque n.º 1, 8125-313 Quarteira, Portugal",Castelo de Paiva+Portugal,Portugal,Parc aquatique,Parc aquatique,"4,4", +351 289 315 129,https://aquashowpark.com/,reservas@aquashowpark.com,,https://www.google.com/maps/place/Aquashow/data=!4m7!3m6!1s0xd1ab575a4f4c3dd:0xfddc87f54582acc1!8m2!3d37.0931577!4d-8.0719093!16s%2Fg%2F11hz2m39zb!19sChIJ3cP0pHW1Gg0RwayCRfWH3P0?authuser=0&hl=fr&rclk=1
Amarante Water Park," Rua do Tâmega 2245 -909, 4600-909, Portugal",Castelo de Paiva+Portugal,Portugal,Parc aquatique,Parc aquatique,"4,3", +351 255 410 040,http://parqueaquaticoamarante.com/,,,https://www.google.com/maps/place/Amarante+Water+Park/data=!4m7!3m6!1s0xd24be6ec5c6f72d:0x5c768383645eaab6!8m2!3d41.2495036!4d-8.1056498!16s%2Fg%2F11gfkm5bvk!19sChIJLffGxW6-JA0RtqpeZIODdlw?authuser=0&hl=fr&rclk=1
Pool Cabanões," Viseu, Portugal",Castelo de Paiva+Portugal,Portugal,Parc aquatique,Parc aquatique,"3,8", +351 232 469 102,http://complexodesportivoprincipeperfeito.pt/,desportosprincipeperfeito@montebelohotels.com,,https://www.google.com/maps/place/Pool+Caban%C3%B5es/data=!4m7!3m6!1s0xd2337b987eb95d1:0xe44462a6338060dc!8m2!3d40.6307869!4d-7.9040071!16s%2Fg%2F11c5001hjm!19sChIJ0ZXrh7k3Iw0R3GCAM6ZiROQ?authuser=0&hl=fr&rclk=1
Magikland - Amusement Park," R. Santo Andrė n.º1279, 4560-221 Marecos, Portugal",Castelo de Paiva+Portugal,Portugal,Parc aquatique,Parc de loisirs,"4,3", +351 255 712 357,http://www.magikland.pt/,,,https://www.google.com/maps/place/Magikland+-+Amusement+Park/data=!4m7!3m6!1s0xd2491bc723d2bfd:0xa1bc78c1912d471f!8m2!3d41.1992207!4d-8.2799437!16s%2Fg%2F122sxhkz!19sChIJ_Ss9cryRJA0RH0ctkcF4vKE?authuser=0&hl=fr&rclk=1
Slide & Splash," Portugal PT, Vale de Deus 125, 8401-901 Estômbar, Portugal",Castelo de Paiva+Portugal,Portugal,Parc aquatique,Parc aquatique,"4,5", +351 282 340 800,http://www.slidesplash.com/,info@slidesplash.com,,https://www.google.com/maps/place/Slide+%26+Splash/data=!4m7!3m6!1s0xd1ad7dcb0aff5c5:0xbe389806c01894c5!8m2!3d37.1399192!4d-8.474926!16s%2Fg%2F1tg36h9c!19sChIJxfWvsNzXGg0RxZQYwAaYOL4?authuser=0&hl=fr&rclk=1
"NaturWaterPark - Parque de Diversões do Douro, Lda"," Quinta do Barroco, Póvoa, 5000-037 Vila Real, Portugal",Castelo de Paiva+Portugal,Portugal,Parc aquatique,,"4,3", +351 259 309 120,http://www.naturwaterpark.pt/,,,"https://www.google.com/maps/place/NaturWaterPark+-+Parque+de+Divers%C3%B5es+do+Douro,+Lda/data=!4m10!3m9!1s0xd3b4f284f893e7d:0xf52d0a705512fb1f!5m2!4m1!1i2!8m2!3d41.2559981!4d-7.651942!16s%2Fg%2F1tdz17kg!19sChIJfT6JTyhPOw0RH_sSVXAKLfU?authuser=0&hl=fr&rclk=1"
Panorâmico Aquaparque," R. Eiras de Belém 20, 3100-319 Pombal, Portugal",Castelo de Paiva+Portugal,Portugal,Parc aquatique,Parc aquatique,"4,1", +351 236 217 774,http://www.panoramicoaquaparque.com/,%20panoramico.aquaparque@gmail.com,,https://www.google.com/maps/place/Panor%C3%A2mico+Aquaparque/data=!4m7!3m6!1s0xd2266707c37d90d:0x76c18e2b4fba5d4b!8m2!3d39.9228286!4d-8.5957675!16s%2Fg%2F1v29d92_!19sChIJDdk3fHBmIg0RS126TyuOwXY?authuser=0&hl=fr&rclk=1
Norpark - Aquatic Amusement Nazaré," Praia do Norte, 2450-065 Nazaré, Portugal",Castelo de Paiva+Portugal,Portugal,Parc aquatique,Parc aquatique,"4,1", +351 262 568 515,https://norparknazare.pt/,,,https://www.google.com/maps/place/Norpark+-+Aquatic+Amusement+Nazar%C3%A9/data=!4m7!3m6!1s0xd18a9c3a917f529:0x63bafea1726a9c40!8m2!3d39.6130378!4d-9.0801809!16s%2Fg%2F1trps1rn!19sChIJKfUXqcOpGA0RQJxqcqH-umM?authuser=0&hl=fr&rclk=1
Pena Aventura," Rua do, Travessa do Complexo Turístico de Lamelas 2, Portela de Santa Eulália, 4870-129 Ribeira de Pena, Portugal",Castelo de Paiva+Portugal,Portugal,Parc aquatique,Parc d'attractions,"4,6", +351 259 498 085,https://www.penaaventura.com.pt/,,,https://www.google.com/maps/place/Pena+Aventura/data=!4m7!3m6!1s0xd24ce1854cba225:0xe3bfb6cee936e31e!8m2!3d41.5057163!4d-7.7995309!16s%2Fg%2F1tk64dls!19sChIJJaLLVBjOJA0RHuM26c62v-M?authuser=0&hl=fr&rclk=1
Quinta Vilar e Almarde," Rua do Vilar de Nojões, 4550-332 Real, Portugal",Castelo de Paiva+Portugal,Portugal,Spa / bien-être,,"4,7",,https://www.qvalmarde.pt/,info@qvalmarde.pt,,https://www.google.com/maps/place/Quinta+Vilar+e+Almarde/data=!4m10!3m9!1s0xd249cc2fa4103d3:0x283f7efe7966ae42!5m2!4m1!1i2!8m2!3d41.0349672!4d-8.2890545!16s%2Fg%2F11bztgc_2m!19sChIJ0wNB-sKcJA0RQq5mef5-Pyg?authuser=0&hl=fr&rclk=1
Corpo Perfeito," 4550-102 Castelo de Paiva, Portugal",Castelo de Paiva+Portugal,Portugal,Spa / bien-être,Institut de beauté,"4,4", +351 255 696 253,,,,https://www.google.com/maps/place/Corpo+Perfeito/data=!4m7!3m6!1s0xd249cf3b6360f7f:0xcf331bf5c0154ab0!8m2!3d41.0403596!4d-8.2727762!16s%2Fg%2F11g9dvwmnh!19sChIJfw82tvOcJA0RsEoVwPUbM88?authuser=0&hl=fr&rclk=1
Cascade Wellness Resort," R. das Ilhas, 8600-513 Lagos, Portugal",Castelo de Paiva+Portugal,Portugal,Thalassothérapie,,"4,6", +351 282 771 500,https://www.cascaderesortalgarve.com/?utm_source=google&utm_medium=organic&utm_campaign=gbp_listing,info@cascade.pt,,https://www.google.com/maps/place/Cascade+Wellness+Resort/data=!4m10!3m9!1s0xd1b31ea0e3af7d9:0x3f81bbc59459b210!5m2!4m1!1i2!8m2!3d37.0862561!4d-8.6782591!16s%2Fg%2F119wl9y7t!19sChIJ2fc6DuoxGw0RELJZlMW7gT8?authuser=0&hl=fr&rclk=1
Torel Quinta da Vacaria - Douro Valley," Q.ta da Vacaria, 5050-364 Vilarinho dos Freires, Portugal",Castelo de Paiva+Portugal,Portugal,Thalassothérapie,,"4,9", +351 254 240 242,https://www.torelquintadavacaria.com/,info@torelquintadavacaria.com,,https://www.google.com/maps/place/Torel+Quinta+da+Vacaria+-+Douro+Valley/data=!4m10!3m9!1s0xd3b535e5d74009f:0x2ba12ef4b193bb22!5m2!4m1!1i2!8m2!3d41.1549971!4d-7.7690452!16s%2Fg%2F11tmk6l1t7!19sChIJnwB0XV5TOw0RIruTsfQuoSs?authuser=0&hl=fr&rclk=1
Vila Vita Spa by Sisley Paris," Vila Vita Parc, 8400-450 Porches, Portugal",Castelo de Paiva+Portugal,Portugal,Thalassothérapie,Institut de spa et bien-être,"4,6",,https://vilavitaparc.com/en/experiences/vila-vita-spa-sisley-paris,spa@vilavitaparc.com,,https://www.google.com/maps/place/Vila+Vita+Spa+by+Sisley+Paris/data=!4m7!3m6!1s0xd1ad14f3e17d231:0x3a13e63d2086b97c!8m2!3d37.1023062!4d-8.3805999!16s%2Fg%2F11p0bqs502!19sChIJMdIXPk_RGg0RfLmGID3mEzo?authuser=0&hl=fr&rclk=1
Arrabia Guest Houses | Glamping," R. Lousa 90, 4550-581 Raiva, Portugal",Castelo de Paiva+Portugal,Portugal,Thalassothérapie,,"4,7", +351 255 865 091,https://arrabia-glamping.pt/,arrabiahotel@gmail.com,,https://www.google.com/maps/place/Arrabia+Guest+Houses+%7C+Glamping/data=!4m10!3m9!1s0xd2483120c6946cf:0x5b9eb3980532ff84!5m2!4m1!1i2!8m2!3d41.0350334!4d-8.3413201!16s%2Fg%2F11cjhyqtn6!19sChIJz0ZpDBKDJA0RhP8yBZiznls?authuser=0&hl=fr&rclk=1
Six Senses Douro Valley," Quinta Vale de Abraão, 5100-758 Samodães, Portugal",Castelo de Paiva+Portugal,Portugal,Thalassothérapie,,"4,9", +351 254 660 600,https://www.sixsenses.com/en/hotels-resorts/europe/portugal/douro-valley/,,,https://www.google.com/maps/place/Six+Senses+Douro+Valley/data=!4m10!3m9!1s0xd24adbc31a79951:0xa32c0984593ca4c1!5m2!4m1!1i2!8m2!3d41.1441174!4d-7.812801!16s%2Fg%2F1wnbz8t4!19sChIJUZmnMbytJA0RwaQ8WYQJLKM?authuser=0&hl=fr&rclk=1
SPA Amazónia - Actividades de bem estar," R. da Constituição 236, 4200-198 Porto, Portugal",Castelo de Paiva+Portugal,Portugal,Thalassothérapie,Spa,"4,3", +351 22 537 0902,https://www.facebook.com/SpaAmazonia,,,https://www.google.com/maps/place/SPA+Amaz%C3%B3nia+-+Actividades+de+bem+estar/data=!4m7!3m6!1s0xd2464f608d93da9:0x9133c76267ed4198!8m2!3d41.1615675!4d-8.6010487!16s%2Fg%2F11bbrnwkyd!19sChIJqT3ZCPZkJA0RmEHtZ2LHM5E?authuser=0&hl=fr&rclk=1
Boutique Spa Caudalie," Lgo de S. Domingos 99, 4050-545 Porto, Portugal",Castelo de Paiva+Portugal,Portugal,Thalassothérapie,Spa,"5,0", +351 926 695 589,https://pt.caudalie.com/boutique-caudalie-porto,boutique.porto@caudalie.com,https://www.linkedin.com/company/caudalie,https://www.google.com/maps/place/Boutique+Spa+Caudalie/data=!4m7!3m6!1s0xd2465f34d30cbb9:0xa4ed3d0766084505!8m2!3d41.1429215!4d-8.6144325!16s%2Fg%2F11r_xy357x!19sChIJucswTfNlJA0RBUUIZgc97aQ?authuser=0&hl=fr&rclk=1
Thalasso Nazaré," Av. Manuel Remígio, 2450-106 Nazaré, Portugal",Castelo de Paiva+Portugal,Portugal,Thalassothérapie,Spa,"3,8", +351 262 560 450,https://thalassonazare.com/,info@thalassonazare.com,,https://www.google.com/maps/place/Thalasso+Nazar%C3%A9/data=!4m7!3m6!1s0xd18a9a3ff2c5545:0x1a56285f696726ab!8m2!3d39.5908641!4d-9.0738657!16s%2Fg%2F11x9t07yb!19sChIJRVUs_6OpGA0RqyZnaV8oVho?authuser=0&hl=fr&rclk=1
Saboaria," R. do Bonjardim 564, 4000-118 Porto, Portugal",Castelo de Paiva+Portugal,Portugal,Thalassothérapie,,"4,9", +351 22 318 7016,https://www.torelsaboaria.com/,info@torelsaboaria.com,,https://www.google.com/maps/place/Saboaria/data=!4m10!3m9!1s0xd2464fbcce9d7cd:0x22f2ef79af2cee13!5m2!4m1!1i2!8m2!3d41.1513415!4d-8.6083654!16s%2Fg%2F11rqvxckrp!19sChIJzdfpzPtkJA0RE-4sr3nv8iI?authuser=0&hl=fr&rclk=1
Global Destinos," R. Emídio Navarro 33, 4550-102 Castelo de Paiva, Portugal",Castelo de Paiva+Portugal,Portugal,Thalassothérapie,Agence de voyages,"4,6", +351 255 696 086,http://www.globaldestinos.pt/,geral@globaldestinos.pt,,https://www.google.com/maps/place/Global+Destinos/data=!4m7!3m6!1s0xd249cf3b6bcfbfb:0x7f7414bfcfe9a108!8m2!3d41.04054!4d-8.2728597!16s%2Fg%2F11bbrkr0mb!19sChIJ-_u8tvOcJA0RCKHpz78UdH8?authuser=0&hl=fr&rclk=1
Vila Vita Parc," R. Anneliese Pohl, Alporchinhos, 8400-450 Porches, Portugal",Castelo de Paiva+Portugal,Portugal,Thalassothérapie,,"4,8", +351 282 310 100,https://vilavitaparc.com/,fb@vilavitaparc.com,,https://www.google.com/maps/place/Vila+Vita+Parc/data=!4m10!3m9!1s0xd1ad144098d885f:0x51dd10588ce1bb4a!5m2!4m1!1i2!8m2!3d37.1018506!4d-8.3793266!16s%2Fg%2F1tdzh7s8!19sChIJX4iNCUTRGg0RSrvhjFgQ3VE?authuser=0&hl=fr&rclk=1
Mandalay Spa - Royal Óbidos," Cabeço da Serra Royal Óbidos Spa & Golf Resort, 2510-665 Leiria, Portugal",Castelo de Paiva+Portugal,Portugal,Thalassothérapie,Spa,"4,8", +351 262 240 244,https://www.mandalay-spa.com/mandalay-spa-royal-obidos,royal.obidos@mandalay-spa.com,,https://www.google.com/maps/place/Mandalay+Spa+-+Royal+%C3%93bidos/data=!4m7!3m6!1s0xd1f4d758533cfc9:0x31f9206445990975!8m2!3d39.4047122!4d-9.2410552!16s%2Fg%2F11h4xfq5lq!19sChIJyc8zhXVNHw0RdQmZRWQg-TE?authuser=0&hl=fr&rclk=1
Vale d'Oliveiras Quinta Resort & Spa," R. do Pestana Golf Resort, 8401-904 Carvoeiro, Portugal",Castelo de Paiva+Portugal,Portugal,Thalassothérapie,,"4,6", +351 282 380 560,https://www.valeoliveirasresort.com/?partner=11576&utm_source=google&utm_medium=organic&utm_campaign=MyBusiness,booking@valeoliveirasresort.com,,https://www.google.com/maps/place/Vale+d%27Oliveiras+Quinta+Resort+%26+Spa/data=!4m10!3m9!1s0xd1b29d336cc9813:0x3924d1909033d8fb!5m2!4m1!1i2!8m2!3d37.1206132!4d-8.4913893!16s%2Fg%2F1tdr4l7q!19sChIJE5jMNtMpGw0R-9gzkJDRJDk?authuser=0&hl=fr&rclk=1
Costa Douro," Rua da Lixa nº 63 Lugar do, 4550-379 Fornos, Portugal",Castelo de Paiva+Portugal,Portugal,Thalassothérapie,Location d'appartement de vacances,"4,8", +351 934 579 690,https://www.costadouro.pt/,,,https://www.google.com/maps/place/Costa+Douro/data=!4m7!3m6!1s0xd249d57ce9c9a59:0x5e10fa33ff1a76!8m2!3d41.0634664!4d-8.2643536!16s%2Fg%2F11ty8gsgpz!19sChIJWZqczledJA0Rdhr_M_oQXgA?authuser=0&hl=fr&rclk=1
Casa de Alpajares Enoteca & Spa," Cabeço da Forca, 5180-133 Freixo de Espada À Cinta, Portugal",Freixo de Espada À Cinta+Portugal,Portugal,Hôtel avec spa,,"4,7", +351 962 727 101,https://casa-de-alpajares.com/,,,https://www.google.com/maps/place/Casa+de+Alpajares+Enoteca+%26+Spa/data=!4m10!3m9!1s0xd3b8a700a1f1167:0x13c5120c4cbb68c1!5m2!4m1!1i2!8m2!3d41.089351!4d-6.8030443!16s%2Fg%2F1hf9wk__n!19sChIJZxEfCnCKOw0RwWi7TAwSxRM?authuser=0&hl=fr&rclk=1
Hotel Freixo Douro Superior," Avenida de Espanha s/n, 5180-104 Freixo de Espada À Cinta, Portugal",Freixo de Espada À Cinta+Portugal,Portugal,Hôtel avec spa,,"4,4", +351 279 034 930,https://www.hotelfreixo.pt/?partner=7967utm_source=google&utm_medium=organic&utm_campaign=MyBusiness&utm,reservas@hotelfreixo.pt,,https://www.google.com/maps/place/Hotel+Freixo+Douro+Superior/data=!4m10!3m9!1s0xd3b8a6dfddf0d65:0x95a88bd23d60d55d!5m2!4m1!1i2!8m2!3d41.0913172!4d-6.8118843!16s%2Fg%2F11smypv_7r!19sChIJZQ3f_W2KOw0RXdVgPdKLqJU?authuser=0&hl=fr&rclk=1
Alcafache Thermal Spa," R. Balneário, 3530-026 Viseu, Portugal",Freixo de Espada À Cinta+Portugal,Portugal,Centre thermal,Spa,"4,2", +351 232 479 797,http://www.termasdealcafache.pt/,reservas@termasdealcafache.pt,,https://www.google.com/maps/place/Alcafache+Thermal+Spa/data=!4m7!3m6!1s0xd233158ac6b1151:0xab408e1b9431aabc!8m2!3d40.606029!4d-7.8696854!16s%2Fg%2F1th88d7h!19sChIJURFrrFgxIw0RvKoxlBuOQKs?authuser=0&hl=fr&rclk=1
Praia Fluvial da Congida," Congida, Freixo de Espada à Cinta, Portugal",Freixo de Espada À Cinta+Portugal,Portugal,Centre thermal,,"4,7",,https://praiasfluviais.pt/praia?id=praia-fluvial-de-congida,,,https://www.google.com/maps/place/Praia+Fluvial+da+Congida/data=!4m7!3m6!1s0xd3c7500343bec35:0xa1208be0ff4fb546!8m2!3d41.0779583!4d-6.7799649!16s%2Fg%2F11zd0bvgzb!19sChIJNew7NAB1PA0RRrVP_-CLIKE?authuser=0&hl=fr&rclk=1
Santarém Water Park," R. Prof. Américo Marinho 2, 2005-444 Santarém, Portugal",Freixo de Espada À Cinta+Portugal,Portugal,Parc aquatique,Parc aquatique,"4,2", +351 243 300 900,https://viversantarem.pt/complexo-aquatico-de-santarem/,geral@viversantarem.pt,,https://www.google.com/maps/place/Santar%C3%A9m+Water+Park/data=!4m7!3m6!1s0xd18ede992c6d7a3:0xef227f2bc75ed110!8m2!3d39.2602211!4d-8.6806843!16s%2Fg%2F1yg4fd0zt!19sChIJo9fGkuntGA0RENFexyt_Iu8?authuser=0&hl=fr&rclk=1
Aquaparque Madeira," ER101, 9100-000 Gaula, Portugal",Freixo de Espada À Cinta+Portugal,Portugal,Parc aquatique,Parc aquatique,"3,8", +351 291 640 535,https://aquaparque-madeira.com/,,,https://www.google.com/maps/place/Aquaparque+Madeira/data=!4m7!3m6!1s0xc6063736bcba275:0x3e75fcfda401014d!8m2!3d32.6836851!4d-16.7967709!16s%2Fg%2F11hzpnhyb2!19sChIJdaLLa3NjYAwRTQEBpP38dT4?authuser=0&hl=fr&rclk=1
Parc naturel du Douro international, Portugal,Freixo de Espada À Cinta+Portugal, Portugal,Parc aquatique,Parc rural,"4,7", +351 279 341 596,https://natural.pt/,menu-texture-top@2x.5f260f9415291f1199ba336ec238b36c.png,,https://www.google.com/maps/place/Parc+naturel+du+Douro+international/data=!4m7!3m6!1s0xd3bf08e17ca6c9f:0x73960ea990e777d!8m2!3d41.2698665!4d-6.642432!16s%2Fm%2F02x97w_!19sChIJn2zKF47wOw0RfXcOmepgOQc?authuser=0&hl=fr&rclk=1
Congida La Barca - Transportes Turisticos Fluviais Lda.," Bombeiros Voluntários de Freixo de Espada à Cinta, Av. Guerra Junqueiro, 5180-103 Freixo de Espada À Cinta, Portugal",Freixo de Espada À Cinta+Portugal,Portugal,Parc aquatique,Service de transport,"4,7", +351 279 658 160,,,,https://www.google.com/maps/place/Congida+La+Barca+-+Transportes+Turisticos+Fluviais+Lda./data=!4m7!3m6!1s0xd3b8a71fabfffff:0xc114154547365843!8m2!3d41.0894413!4d-6.8077203!16s%2Fg%2F11bbrl6xc9!19sChIJ__-_-nGKOw0RQ1g2R0UVFME?authuser=0&hl=fr&rclk=1
Moradias do Douro Internacional," Freixo de Espada à Cinta, Portugal",Freixo de Espada À Cinta+Portugal,Portugal,Parc aquatique,Appartement avec services,"4,5", +351 961 181 770,https://moradias.inn.fan/,,,https://www.google.com/maps/place/Moradias+do+Douro+Internacional/data=!4m7!3m6!1s0xd3c7563442498c7:0x7aaea34dd3acb6b5!8m2!3d41.0774513!4d-6.7806257!16s%2Fg%2F11bwzyyc01!19sChIJx5gkRGN1PA0Rtbas002jrno?authuser=0&hl=fr&rclk=1
Belvédère du Colado," Mazouco, Portugal",Freixo de Espada À Cinta+Portugal,Portugal,Thalassothérapie,Point de vue,"4,7", +351 279 653 480,http://www.cm-freixoespadacinta.pt/,geral@cm-fec.pt,,https://www.google.com/maps/place/Belv%C3%A9d%C3%A8re+du+Colado/data=!4m7!3m6!1s0xd3b8c88c306da49:0x83ea3c27b0ca8315!8m2!3d41.1523605!4d-6.7907581!16s%2Fg%2F11byhl7wk2!19sChIJSdoGw4iMOw0RFYPKsCc86oM?authuser=0&hl=fr&rclk=1
Pestana Palácio do Freixo," Estrada Nacional 108, 4300-316 Porto, Portugal",Freixo de Espada À Cinta+Portugal,Portugal,Thalassothérapie,,"4,7", +351 22 976 6450,https://www.pestana.com/en/hotel/freixo-palace?utm_campaign=freixo-palace-partoo&utm_medium=organicsearch,fo.palaciodofreixo@pestana.com,,https://www.google.com/maps/place/Pestana+Pal%C3%A1cio+do+Freixo/data=!4m10!3m9!1s0xd24649f3efa68cb:0xc20e13c44e841472!5m2!4m1!1i2!8m2!3d41.143728!4d-8.575499!16s%2Fg%2F1tk8dd50!19sChIJy2j6Pp9kJA0RchSETsQTDsI?authuser=0&hl=fr&rclk=1
Hotel Ibn-Arrik," R. Alexandre Herculano 18-24, 3000-104 Coimbra, Portugal",Coimbra+Portugal,Portugal,Hôtel avec spa,,"4,0", +351 915 071 961,http://www.ibn-arrik.pt/,geral@ibn-arrik.pt,,https://www.google.com/maps/place/Hotel+Ibn-Arrik/data=!4m10!3m9!1s0xd22f90ac1ae4faf:0xacddfc97055296c0!5m2!4m1!1i2!8m2!3d40.2076691!4d-8.4196868!16s%2Fg%2F11dfj6wsvq!19sChIJr0-uwQr5Ig0RwJZSBZf83aw?authuser=0&hl=fr&rclk=1
Hotel NH Coimbra Dona Inês," R. Abel Dias Urbano 12, 3000-001 Coimbra, Portugal",Coimbra+Portugal,Portugal,Hôtel avec spa,,"4,3", +351 239 855 800,https://www.nh-hotels.com/en/hotel/nh-coimbra-dona-ines?utm_campaign=local-gmb&utm_medium=organic_search&utm_source=google_gmb,,,https://www.google.com/maps/place/Hotel+NH+Coimbra+Dona+In%C3%AAs/data=!4m10!3m9!1s0xd22f903380f501d:0x1fdbd485c47bb15c!5m2!4m1!1i2!8m2!3d40.2143978!4d-8.4361798!16s%2Fg%2F1tfq5y4_!19sChIJHVAPOAP5Ig0RXLF7xIXU2x8?authuser=0&hl=fr&rclk=1
Quinta das Lágrimas," Rua António Augusto Gonçalves, 3041-901 Coimbra, Portugal",Coimbra+Portugal,Portugal,Hôtel avec spa,,"4,5", +351 239 802 380,http://www.quintadaslagrimas.pt/,,,https://www.google.com/maps/place/Quinta+das+L%C3%A1grimas/data=!4m10!3m9!1s0xd22f9ae5811cbb3:0x3482bba8f4ce4025!5m2!4m1!1i2!8m2!3d40.1988637!4d-8.4324364!16s%2Fg%2F1tf3_n4b!19sChIJs8sRWK75Ig0RJUDO9Ki7gjQ?authuser=0&hl=fr&rclk=1
Hotel Vila Galé Coimbra," R. Abel Dias Urbano 20, 3000-001 Coimbra, Portugal",Coimbra+Portugal,Portugal,Hôtel avec spa,,"4,4", +351 239 240 000,https://www.vilagale.com/pt-pt/hoteis-portugal/hoteis-centro/vila-gale-coimbra/,coimbra@vilagale.com,https://www.linkedin.com/company/vila-gale-s-a-,https://www.google.com/maps/place/Hotel+Vila+Gal%C3%A9+Coimbra/data=!4m10!3m9!1s0xd22f90331c76d09:0xece49b392333d480!5m2!4m1!1i2!8m2!3d40.2140478!4d-8.4358533!16s%2Fg%2F1tj4crtq!19sChIJCW3HMQP5Ig0RgNQzIzmb5Ow?authuser=0&hl=fr&rclk=1
TERMAS DE LUSO," R. Álvaro Castelões, 3050-230 Luso, Portugal",Coimbra+Portugal,Portugal,Centre thermal,Spa,"4,4", +351 231 937 910,http://www.termasdeluso.pt/,geral@termasdeluso.pt,https://www.linkedin.com/company/termasdeluso,https://www.google.com/maps/place/TERMAS+DE+LUSO/data=!4m7!3m6!1s0xd2303c6fb7c9aa9:0x2d2a39da92b88a81!8m2!3d40.3839475!4d-8.3771985!16s%2Fg%2F121d6g4r!19sChIJqZp8-8YDIw0RgYq4kto5Ki0?authuser=0&hl=fr&rclk=1
Termas Urbanas," R. Infante Dom Henrique 193, 3045-081 Coimbra, Portugal",Coimbra+Portugal,Portugal,Centre thermal,Institut de beauté,"4,7", +351 239 810 119,https://www.facebook.com/termasurbanas,,,https://www.google.com/maps/place/Termas+Urbanas/data=!4m7!3m6!1s0xd22f861a58318ed:0x463620417ef533f8!8m2!3d40.200875!4d-8.465558!16s%2Fg%2F11c2nrcbq6!19sChIJ7RiDpWH4Ig0R-DP1fkEgNkY?authuser=0&hl=fr&rclk=1
Satsanga Spa Coimbra," R. Abel Dias Urbano 20, 3000-001 Coimbra, Portugal",Coimbra+Portugal,Portugal,Centre thermal,Spa,"4,9", +351 934 876 576,https://www.instagram.com/satsangaspa_COIMBRA,,,https://www.google.com/maps/place/Satsanga+Spa+Coimbra/data=!4m7!3m6!1s0xd22f95c422c679d:0x8e2e32da8fe28c63!8m2!3d40.2140589!4d-8.4358636!16s%2Fg%2F11sfql6_rc!19sChIJnWcsQlz5Ig0RY4zij9oyLo4?authuser=0&hl=fr&rclk=1
Europaradise | Parque Zoológico," 3140-104 Montemor-o-Velho, Portugal",Coimbra+Portugal,Portugal,Parc aquatique,Zoo,"3,7", +351 239 621 287,http://www.europaradise-park.com/,europaradise@gmail.com,,https://www.google.com/maps/place/Europaradise+%7C+Parque+Zool%C3%B3gico/data=!4m7!3m6!1s0xd220bf0ce4671f3:0x236b1a1866859e5a!8m2!3d40.196697!4d-8.674065!16s%2Fg%2F11bbrnphd1!19sChIJ83FGzvALIg0RWp6FZhgaayM?authuser=0&hl=fr&rclk=1
Zoomarine," N125 KM 65, 8201-864 Guia, Portugal",Coimbra+Portugal,Portugal,Parc aquatique,Parc à thème,"4,6", +351 289 560 300,https://www.zoomarine.pt/,,,https://www.google.com/maps/place/Zoomarine/data=!4m7!3m6!1s0xd1ace4ed8ed7ec7:0x8cf7b5092d8538af!8m2!3d37.126969!4d-8.314199!16s%2Fg%2F1217cr26!19sChIJx37t2E7OGg0RrziFLQm194w?authuser=0&hl=fr&rclk=1
Mondego Green Park," Av. Lousã, 3000-214 Coimbra, Portugal",Coimbra+Portugal,Portugal,Parc aquatique,Parc,"4,5",,https://www.cm-coimbra.pt/areas/viver/desporto/equipamentos-desportivos/parque-verde-do-mondego,geral@cm-coimbra.pt,https://pt.linkedin.com/company/municipio-de-coimbra,https://www.google.com/maps/place/Mondego+Green+Park/data=!4m7!3m6!1s0xd22f9a6b192f779:0x27f1a80c51fccf60!8m2!3d40.2014756!4d-8.425128!16s%2Fg%2F1230_992!19sChIJefeSsab5Ig0RYM_8UQyo8Sc?authuser=0&hl=fr&rclk=1
Aqualand Algarve," Sítio das Areias, N125, 8365-908 Alcantarilha, Portugal",Coimbra+Portugal,Portugal,Parc aquatique,Parc aquatique,"4,1", +351 282 320 230,https://www.aqualand.pt/,aqualandalgarve@asproparks.com,,https://www.google.com/maps/place/Aqualand+Algarve/data=!4m7!3m6!1s0xd1ad0e39d6bfd4b:0x81a56dd58df0e845!8m2!3d37.1353881!4d-8.3660084!16s%2Fg%2F1thy11w3!19sChIJS_1rnePQGg0RRejwjdVtpYE?authuser=0&hl=fr&rclk=1
Lagoa da Ervedeira," R. da Lagoa, 2425-453, Portugal",Coimbra+Portugal,Portugal,Parc aquatique,,"4,5",,http://ervedeira.blogspot.pt/,,,https://www.google.com/maps/place/Lagoa+da+Ervedeira/data=!4m7!3m6!1s0xd221454c7140175:0x1d3cc9261867cde4!8m2!3d39.932629!4d-8.8943566!16s%2Fg%2F120w3l01!19sChIJdQEUx1QUIg0R5M1nGCbJPB0?authuser=0&hl=fr&rclk=1
Planeta dos Gaiatos," R. de São Martinho 18, 3100-338 Pombal, Portugal",Coimbra+Portugal,Portugal,Parc aquatique,Parc d'attractions,"4,5", +351 961 694 020,,,,https://www.google.com/maps/place/Planeta+dos+Gaiatos/data=!4m7!3m6!1s0xd226627cfde6675:0x54ec58344e431e63!8m2!3d39.94286!4d-8.6418914!16s%2Fg%2F11f2wmldv9!19sChIJdWbezydmIg0RYx5DTjRY7FQ?authuser=0&hl=fr&rclk=1
Praia das Rocas," Praia das Rocas, 3280-050 Castanheira de Pêra, Portugal",Coimbra+Portugal,Portugal,Parc aquatique,,"4,3", +351 236 438 098,https://www.praiadasrocas.com/,praiadasrocas@praiadasrocas.com,,https://www.google.com/maps/place/Praia+das+Rocas/data=!4m10!3m9!1s0xd2294bb08fbdb05:0xe16b288ed8d05ec0!5m2!4m1!1i2!8m2!3d40.0049816!4d-8.2061055!16s%2Fg%2F1td5mz_b!19sChIJBdv7CLuUIg0RwF7Q2I4oa-E?authuser=0&hl=fr&rclk=1
parc Aquilino Ribeiro," Av. 25 de Abril 25, 3510-118 Viseu, Portugal",Coimbra+Portugal,Portugal,Parc aquatique,Parc,"4,6",,https://www.visitviseu.pt/,,,https://www.google.com/maps/place/parc+Aquilino+Ribeiro/data=!4m7!3m6!1s0xd233652cc8d5f0f:0x2d624f56e62238d2!8m2!3d40.6555178!4d-7.9153696!16s%2Fg%2F122w61l2!19sChIJD1-NzFI2Iw0R0jgi5lZPYi0?authuser=0&hl=fr&rclk=1
Mariparque - Praia da Vieira," Av. Marginal 13, Praia da Vieira, 2430-696 Vieira de Leiria, Portugal",Coimbra+Portugal,Portugal,Parc aquatique,Parc aquatique,"4,1", +351 244 699 068,http://www.hoteiscristal.pt/mariparque,,,https://www.google.com/maps/place/Mariparque+-+Praia+da+Vieira/data=!4m7!3m6!1s0xd2210d580cb66e7:0xbf0d3db12d129e46!8m2!3d39.8780667!4d-8.9680614!16s%2Fg%2F11cn91rxy9!19sChIJ52bLgNUQIg0RRp4SLbE9Db8?authuser=0&hl=fr&rclk=1
Complexo de Lazer da Foz Palheiros," Unnamed Road, 3330, Portugal",Coimbra+Portugal,Portugal,Parc aquatique,Parc aquatique,"4,4",,,,,https://www.google.com/maps/place/Complexo+de+Lazer+da+Foz+Palheiros/data=!4m7!3m6!1s0xd22c1d994ef90cd:0xe87e88dd9d60e7a9!8m2!3d40.0627191!4d-8.0928303!16s%2Fg%2F11h_23zcfs!19sChIJzZDvlNnBIg0Rqedgnd2Ifug?authuser=0&hl=fr&rclk=1
Fluviário de Mora," Parque Ecológico do Gameiro, 7490-909 Cabeção, Portugal",Coimbra+Portugal,Portugal,Parc aquatique,Aquarium,"4,4", +351 266 448 130,http://www.fluviariomora.pt/,geral@fluviariomora.pt,,https://www.google.com/maps/place/Fluvi%C3%A1rio+de+Mora/data=!4m7!3m6!1s0xd19c98a01bd908b:0xae99ca79ff155f93!8m2!3d38.9556303!4d-8.1068354!16s%2Fg%2F121w6t51!19sChIJi5C9AYrJGQ0Rk18V_3nKma4?authuser=0&hl=fr&rclk=1
Feijão Verde," R. Manuel Madeira 37, 3025-047 Coimbra, Portugal",Coimbra+Portugal,Portugal,Parc aquatique,Parc de loisirs,"4,0", +351 911 860 007,https://feijao-verde.com/pt/coimbra/,,,https://www.google.com/maps/place/Feij%C3%A3o+Verde/data=!4m7!3m6!1s0xd22f8d82311a721:0x81a404240d84dbe!8m2!3d40.2344498!4d-8.4419165!16s%2Fg%2F11bxc5l00s!19sChIJIacRI9j4Ig0Rvk3YQEJAGgg?authuser=0&hl=fr&rclk=1
Stand Up Paddle Coimbra," Pavilhão 4 do Centro Náutico do Choupalinho,Parque Verde do Mondego Av. Inês de Castro, Pte. de Santa Clara, 3040-255 Coimbra, Portugal",Coimbra+Portugal,Portugal,Parc aquatique,Club de voile,"4,5", +351 910 170 270,http://www.coimbrasup.com/,info@oimbrasup.com,,https://www.google.com/maps/place/Stand+Up+Paddle+Coimbra/data=!4m7!3m6!1s0xd22f9a5f0ad6315:0x2958d013502b45b!8m2!3d40.1995178!4d-8.4284477!16s%2Fg%2F11ckvkvcx0!19sChIJFWOt8KX5Ig0RW7QCNQGNlQI?authuser=0&hl=fr&rclk=1
Solar Antigo Luxury Coimbra," Rua da, Couraça dos Apóstolos 15 e 66, 3000-432 Coimbra, Portugal",Coimbra+Portugal,Portugal,Thalassothérapie,,"4,6", +351 969 374 875,http://www.solarantigo.com/,solarantigo@gmail.com,,https://www.google.com/maps/place/Solar+Antigo+Luxury+Coimbra/data=!4m10!3m9!1s0xd22f90931d83e33:0x886b9884b69b9eb9!5m2!4m1!1i2!8m2!3d40.2105966!4d-8.4260082!16s%2Fg%2F11d_d2fqxc!19sChIJMz7YMQn5Ig0RuZ6btoSYa4g?authuser=0&hl=fr&rclk=1
Portugal des petits," Largo Rossio de Santa Clara, 3040-256 Coimbra, Portugal",Coimbra+Portugal,Portugal,Thalassothérapie,Parc à thème,"4,3", +351 239 801 170,https://www.fbb.pt/pp/,fbb@fbb.pt,,https://www.google.com/maps/place/Portugal+des+petits/data=!4m7!3m6!1s0xd22f9a97b942739:0x5cb2ceaa4baf143c!8m2!3d40.2022974!4d-8.4343859!16s%2Fm%2F026vy6z!19sChIJOSeUe6n5Ig0RPBSvS6rOslw?authuser=0&hl=fr&rclk=1
Palácio São Silvestre - Boutique Hotel," Largo Terreiro nº5, 3025-561 São Silvestre, Portugal",Coimbra+Portugal,Portugal,Thalassothérapie,,"4,5", +351 239 490 050,https://www.palaciosaosilvestre.com/,geral@palaciosaosilvestre.com,,https://www.google.com/maps/place/Pal%C3%A1cio+S%C3%A3o+Silvestre+-+Boutique+Hotel/data=!4m10!3m9!1s0xd22578189c34237:0x445fab8dcbb6c716!5m2!4m1!1i2!8m2!3d40.2285383!4d-8.5335714!16s%2Fg%2F11gy8crg3k!19sChIJN0LDiYFXIg0RFse2y42rX0Q?authuser=0&hl=fr&rclk=1
Argania SPA & Beauty," R. António Vasconcelos N 75 R/C, 3000-054 Coimbra, Portugal",Coimbra+Portugal,Portugal,Thalassothérapie,Spa,"4,9", +351 936 122 861,https://you.zappysoftware.com/arganiaspa,,,https://www.google.com/maps/place/Argania+SPA+%26+Beauty/data=!4m7!3m6!1s0xd22f9131b14a191:0x98d1ad467e9d4da8!8m2!3d40.2124235!4d-8.4239266!16s%2Fg%2F11g_y3tj8y!19sChIJkaEUGxP5Ig0RqE2dfkat0Zg?authuser=0&hl=fr&rclk=1
Jardins da Quinta das Lágrimas," R. José Vilarinho Raposo 1, 3040-382 Coimbra, Portugal",Coimbra+Portugal,Portugal,Thalassothérapie,Jardin,"4,2", +351 239 802 380,http://www.quintadaslagrimas.pt/,,,https://www.google.com/maps/place/Jardins+da+Quinta+das+L%C3%A1grimas/data=!4m7!3m6!1s0xd22f9aee159c3f7:0x203b5a69cf7cdd55!8m2!3d40.1986646!4d-8.4351702!16s%2Fm%2F026jwkl!19sChIJ98NZ4a75Ig0RVd18z2laOyA?authuser=0&hl=fr&rclk=1
Aqua Village Health Resort & Spa," Av. Principal 5, 3400-521, Portugal",Coimbra+Portugal,Portugal,Thalassothérapie,,"4,7", +351 238 249 040,https://www.aquavillage.pt/,reservas@aquavillage.pt,,https://www.google.com/maps/place/Aqua+Village+Health+Resort+%26+Spa/data=!4m10!3m9!1s0xd22d5b2d2a50e4f:0xe7f4fd048a680713!5m2!4m1!1i2!8m2!3d40.326587!4d-7.8417995!16s%2Fg%2F11b7w018z4!19sChIJTw6l0rLVIg0REwdoigT99Oc?authuser=0&hl=fr&rclk=1
ibis Coimbra Centro," Avenida Emidio Navarro N° 70 Edificio Topazio, Nº De Registo:281, 3000-150 Coimbra, Portugal",Coimbra+Portugal,Portugal,Thalassothérapie,,"4,0", +351 239 852 130,https://all.accor.com/lien_externe.svlt?goto=fiche_hotel&code_hotel=1672&merchantid=seo-maps-PT-1672&sourceid=aw-cen&utm_medium=seo%20maps&utm_source=google%20Maps&utm_campaign=seo%20maps,H1672@accor.com,https://www.linkedin.com/company/all-accorlivelimitless,https://www.google.com/maps/place/ibis+Coimbra+Centro/data=!4m10!3m9!1s0xd22f90811d4acbd:0x8e26e49ca244e926!5m2!4m1!1i2!8m2!3d40.2053483!4d-8.4266946!16s%2Fg%2F1tfrt5v0!19sChIJvazUEQj5Ig0RJulEopzkJo4?authuser=0&hl=fr&rclk=1
"Índigo, Centro De Estética E Spa Urbano, Unipessoal Lda."," R. Pedro Álvares Cabral 30, 3030-069 Coimbra, Portugal",Coimbra+Portugal,Portugal,Thalassothérapie,Spa,"4,7", +351 916 488 982,,,,"https://www.google.com/maps/place/%C3%8Dndigo,+Centro+De+Est%C3%A9tica+E+Spa+Urbano,+Unipessoal+Lda./data=!4m7!3m6!1s0xd22f99aa912be1f:0xd89c53b3085c05aa!8m2!3d40.1972418!4d-8.4078872!16s%2Fg%2F1q62gd4f2!19sChIJH74SqZr5Ig0RqgVcCLNTnNg?authuser=0&hl=fr&rclk=1"
LifeStyle SPA," R. Abel Dias Urbano, 3000-019 Coimbra, Portugal",Coimbra+Portugal,Portugal,Thalassothérapie,Spa,"4,7", +351 929 254 636,,,,https://www.google.com/maps/place/LifeStyle+SPA/data=!4m7!3m6!1s0xd22f90335adcaeb:0xf593ed8bd1f5c1d2!8m2!3d40.2140819!4d-8.4366228!16s%2Fg%2F11c5rp6dpj!19sChIJ68qtNQP5Ig0R0sH10Yvtk_U?authuser=0&hl=fr&rclk=1
Grande Hotel de Luso," R. Dr. José Cid de Oliveira 86, 3050-223 Luso, Portugal",Coimbra+Portugal,Portugal,Thalassothérapie,,"4,4", +351 231 937 937,http://www.hoteluso.com/,reservas@hoteluso.com,,https://www.google.com/maps/place/Grande+Hotel+de+Luso/data=!4m10!3m9!1s0xd2303c68bfe8577:0x438c77b13af2208!5m2!4m1!1i2!8m2!3d40.3847037!4d-8.3779281!16s%2Fg%2F121xcp9p!19sChIJd4X-i8YDIw0RCCKvE3vHOAQ?authuser=0&hl=fr&rclk=1
VOGA Momentos SPA," R. Padre António Nogueira 3 1ºC, Q.ta da Lomba, 3030-416 Coimbra, Portugal",Coimbra+Portugal,Portugal,Thalassothérapie,Centre de bien-être,"4,7", +351 239 724 562,http://www.vogamomentos.com/,,,https://www.google.com/maps/place/VOGA+Momentos+SPA/data=!4m7!3m6!1s0xd7a9de5d31a9195:0xa3a040d4289536a3!8m2!3d40.2038724!4d-8.3995028!16s%2Fg%2F11b6dvq3h9!19sChIJlZEa0-Wdeg0RozaVKNRAoKM?authuser=0&hl=fr&rclk=1
"NaturWaterPark - Parque de Diversões do Douro, Lda"," Quinta do Barroco, Póvoa, 5000-037 Vila Real, Portugal",Fornos de Algodres+Portugal,Portugal,Parc aquatique,,"4,3", +351 259 309 120,http://www.naturwaterpark.pt/,,,"https://www.google.com/maps/place/NaturWaterPark+-+Parque+de+Divers%C3%B5es+do+Douro,+Lda/data=!4m7!3m6!1s0xd3b4f284f893e7d:0xf52d0a705512fb1f!8m2!3d41.2559981!4d-7.651942!16s%2Fg%2F1tdz17kg!19sChIJfT6JTyhPOw0RH_sSVXAKLfU?authuser=0&hl=fr&rclk=1"
Parque Fluvial de Casegas," 6225-120 Casegas, Portugal",Fornos de Algodres+Portugal,Portugal,Parc aquatique,Parc aquatique,"4,5",,,,,https://www.google.com/maps/place/Parque+Fluvial+de+Casegas/data=!4m7!3m6!1s0xd3d31803d1c3ecb:0xd8bd616830334eb6!8m2!3d40.176213!4d-7.696715!16s%2Fg%2F11d_pw7tz0!19sChIJyz4cPYAxPQ0Rtk4zMGhhvdg?authuser=0&hl=fr&rclk=1
Hotel Quinta da Cruz," R. da Cruz 477, 4605-359 Vila Meã, Portugal",Baião+Portugal,Portugal,Hôtel avec spa,,"4,5", +351 255 730 040,http://www.hotelquintadacruz.pt/,info@hotelquintadacruz.pt,,https://www.google.com/maps/place/Hotel+Quinta+da+Cruz/data=!4m10!3m9!1s0xd24944d54f35d6f:0x9c45cce98ee4c062!5m2!4m1!1i2!8m2!3d41.2603149!4d-8.1773028!16s%2Fg%2F119t9k5tb!19sChIJb13zVE2UJA0RYsDkjunMRZw?authuser=0&hl=fr&rclk=1
Peso Village," Rua da Quinta do Peso 85, 4600-642 Gondar, Portugal",Baião+Portugal,Portugal,Hôtel avec spa,,"4,9", +351 969 374 480,https://www.pesovillage.pt/,reservas@pesovillage.pt,,https://www.google.com/maps/place/Peso+Village/data=!4m10!3m9!1s0xd24b944bde63103:0xe6c806e94e414725!5m2!4m1!1i2!8m2!3d41.2569812!4d-8.0267109!16s%2Fg%2F11j6c3126w!19sChIJAzHmvUS5JA0RJUdBTukGyOY?authuser=0&hl=fr&rclk=1
Hotel Douro Scala," R. do Paço, 5040-154 Cidadelhe, Portugal",Baião+Portugal,Portugal,Hôtel avec spa,,"4,4", +351 254 890 020,http://www.douroscala.pt/,,,https://www.google.com/maps/place/Hotel+Douro+Scala/data=!4m10!3m9!1s0xd24ad701e483f85:0x34b155a9f89d61c7!5m2!4m1!1i2!8m2!3d41.167414!4d-7.847084!16s%2Fg%2F1hc0y0tqn!19sChIJhT9IHnCtJA0Rx2Gd-KlVsTQ?authuser=0&hl=fr&rclk=1
Douro Country House," Quinta da Bouça, Souto do Rio, 4690-870 Cinfães, Portugal",Baião+Portugal,Portugal,Hôtel avec spa,,"4,9", +351 912 300 113,https://www.dourocountryhouse.com/,,,https://www.google.com/maps/place/Douro+Country+House/data=!4m10!3m9!1s0xd24a3a3da8a558b:0x54da758cedcf4660!5m2!4m1!1i2!8m2!3d41.0927116!4d-8.0876004!16s%2Fg%2F11t49gjp77!19sChIJi1WK2qOjJA0RYEbP7Yx12lQ?authuser=0&hl=fr&rclk=1
Douro Marina Hotel & SPA," Rua de Vila Nazaré 140, Caldas de Aregos, 4660-013 Miomães, Portugal",Baião+Portugal,Portugal,Hôtel avec spa,,"4,3", +351 254 870 700,http://douromarinahotel.com/,geral@douromarinahotel.com,,https://www.google.com/maps/place/Douro+Marina+Hotel+%26+SPA/data=!4m10!3m9!1s0xd24a43658fdd787:0x3fee8a620d577d3f!5m2!4m1!1i2!8m2!3d41.1001021!4d-8.0102273!16s%2Fg%2F11c5s5b4wg!19sChIJh9f9WDakJA0RP31XDWKK7j8?authuser=0&hl=fr&rclk=1
Casa da Calçada," Largo do Paço 6, 4600-017 Amarante, Portugal",Baião+Portugal,Portugal,Hôtel avec spa,,"4,8", +351 255 410 830,http://www.casadacalcada.com/,geral@casadacalcada.com,,https://www.google.com/maps/place/Casa+da+Cal%C3%A7ada/data=!4m10!3m9!1s0xd1935f60bded293:0xed504ffa7a0e5fbf!5m2!4m1!1i2!8m2!3d41.2682711!4d-8.0778302!16s%2Fg%2F1213_d1q!19sChIJk9LeC_Y1GQ0Rv18OevpPUO0?authuser=0&hl=fr&rclk=1
Quinta das Quintãs," Quinta Das Quintãs, 4640-210 São Tomé de Covelas, Portugal",Baião+Portugal,Portugal,Hôtel avec spa,,"4,5", +351 254 882 269,http://www.quintadasquintas.com/,quintadasquintas@gmail.com,,https://www.google.com/maps/place/Quinta+das+Quint%C3%A3s/data=!4m10!3m9!1s0xd24b8f4eebcf4ff:0xa4d6ab69d8c22736!5m2!4m1!1i2!8m2!3d41.1186111!4d-7.9744444!16s%2Fg%2F1wrtf3vv!19sChIJ__S87vS4JA0RNifC2Gmr1qQ?authuser=0&hl=fr&rclk=1
Termas das Caldas de Aregos," Miomães, Portugal",Baião+Portugal,Portugal,Centre thermal,Spa,"4,2", +351 254 875 259,http://www.termas-caldasdearegos.com/index.php?option=com_content&view=article&id=62&Itemid=79,,,https://www.google.com/maps/place/Termas+das+Caldas+de+Aregos/data=!4m7!3m6!1s0xd24a43623ec508f:0x53e5a5954084d9f1!8m2!3d41.1012108!4d-8.010901!16s%2Fg%2F1hm2q_8r2!19sChIJj1DsIzakJA0R8dmEQJWl5VM?authuser=0&hl=fr&rclk=1
Tasquinha do Fumo," Baiao, R. de Almofrela, Campelo, 4640-165, Portugal",Baião+Portugal,Portugal,Centre thermal,Restaurant,"4,6", +351 910 340 500,https://www.facebook.com/tasquinhadofumo,,,https://www.google.com/maps/place/Tasquinha+do+Fumo/data=!4m7!3m6!1s0xd24bca337d07561:0xbb11862f7c5c9a86!8m2!3d41.1757089!4d-8.0569426!16s%2Fg%2F11c3k9pnnl!19sChIJYXXQN6O8JA0RhppcfC-GEbs?authuser=0&hl=fr&rclk=1
Lavandeira Douro Nature & Wellness," Rua da Lavandeira, 4640-024 Porto, Portugal",Baião+Portugal,Portugal,Centre thermal,,"4,6", +351 910 905 093,http://www.lavandeiradouro.com/,reserve@lavandeiradouro.com,,https://www.google.com/maps/place/Lavandeira+Douro+Nature+%26+Wellness/data=!4m10!3m9!1s0xd24a397444de653:0x98db1c3db3fdb6be!5m2!4m1!1i2!8m2!3d41.108039!4d-8.0636627!16s%2Fg%2F11bv_0gb0f!19sChIJU-ZNRJejJA0Rvrb9sz0c25g?authuser=0&hl=fr&rclk=1
AQUALIFE," Rua do Lameirão 255, Cabanas de Baixo, 5160-031, Portugal",Baião+Portugal,Portugal,Parc aquatique,Parc aquatique,"4,1", +351 961 925 301,,,,https://www.google.com/maps/place/AQUALIFE/data=!4m7!3m6!1s0xd3b79b63aed9997:0xbf411061ca0bf714!8m2!3d41.1871128!4d-7.1156263!16s%2Fg%2F11np_cg68z!19sChIJl5ntOrZ5Ow0RFPcLymEQQb8?authuser=0&hl=fr&rclk=1
Quinta das Susandas," Rua de S. Miguel de, 4640-540 Tresouras, Portugal",Baião+Portugal,Portugal,Spa / bien-être,,"4,4", +351 919 353 759,https://www.quintadassusandas.pt/pt,quintadassusandas@gmail.com,,https://www.google.com/maps/place/Quinta+das+Susandas/data=!4m10!3m9!1s0xd24afb9bde8310d:0xb84a1601f3d801f7!5m2!4m1!1i2!8m2!3d41.1447009!4d-7.9279915!16s%2Fg%2F11cppv8jbk!19sChIJDTHovbmvJA0R9wHY8wEWSrg?authuser=0&hl=fr&rclk=1
Wedo Massage Ribeira," R. de S. João 25, 4050-296 Porto, Portugal",Baião+Portugal,Portugal,Spa / bien-être,Institut de massages,"4,9", +351 933 701 010,https://www.wedomassage.pt/,,,https://www.google.com/maps/place/Wedo+Massage+Ribeira/data=!4m7!3m6!1s0xd2465f3c7bbd64f:0xd69cb736d43aeb72!8m2!3d41.1411598!4d-8.6133845!16s%2Fg%2F11tndbxczg!19sChIJT9a7x_NlJA0Rcus61Da3nNY?authuser=0&hl=fr&rclk=1
Quinta Das Quintas Spa - Apartment (2 Adults + 2 Children up to 18 years old)," 4640-215 São Tomé de Covelas, Portugal",Baião+Portugal,Portugal,Spa / bien-être,,"5,0",,https://br.bluepillow.com/search/594389707c00cb0e6434e7cd?dest=bkng&cat=Villa&lat=41.11874&lng=-7.97449&language=pt,rzajac@gmail.com,,https://www.google.com/maps/place/Quinta+Das+Quintas+Spa+-+Apartment+%282+Adults+%2B+2+Children+up+to+18+years+old%29/data=!4m11!3m10!1s0xd24a59bc10fdd7b:0xd62029389554e83e!5m2!4m1!1i2!8m2!3d41.1187401!4d-7.9744902!16s%2Fg%2F11vt6bntff!17BQ0FF!19sChIJe90PwZulJA0RPuhUlTgpINY?authuser=0&hl=fr&rclk=1
Quinta de Covela," Rua do Mirão, 4640-211 São Tomé de Covelas, Portugal",Baião+Portugal,Portugal,Spa / bien-être,Attraction touristique,"4,9", +351 912 123 977,http://www.limasmith.com/,,,https://www.google.com/maps/place/Quinta+de+Covela/data=!4m7!3m6!1s0xd24a5a428526a33:0xade1fb088860e6a9!8m2!3d41.1165194!4d-7.9869438!16s%2Fg%2F11b7rxk841!19sChIJM2pSKKSlJA0RqeZgiAj74a0?authuser=0&hl=fr&rclk=1
BH Douro," N 108, Rua de Baião 4077, 4640-452, Portugal",Baião+Portugal,Portugal,Spa / bien-être,,"4,8", +351 924 734 685,https://www.bhdouro.com/,info@bhdouro.com,,https://www.google.com/maps/place/BH+Douro/data=!4m10!3m9!1s0xd24a3e4126780c1:0x147272ba089342fe!5m2!4m1!1i2!8m2!3d41.1186459!4d-8.0836033!16s%2Fg%2F11g0zrksr2!19sChIJwYBnEuSjJA0R_kKTCLpychQ?authuser=0&hl=fr&rclk=1
Scostaterapias/Head spa/reverse head spa," Av. da República 447 ed Cristal, 4615-676 Vila Cova da Lixa, Portugal",Baião+Portugal,Portugal,Spa / bien-être,Station thermale,"5,0", +351 927 447 593,https://wondersd88.wixsite.com/scostaterapiasjapone,info@meusite.com,,https://www.google.com/maps/place/Scostaterapias%2FHead+spa%2Freverse+head+spa/data=!4m7!3m6!1s0xd24ebda18eec791:0x598e33704f6e49be!8m2!3d41.3289613!4d-8.1502525!16s%2Fg%2F11m6b4m9yz!19sChIJkcfuGNrrJA0RvkluT3Azjlk?authuser=0&hl=fr&rclk=1
"O Aconchego das Raízes, Turismo em Espaço Rural"," R. do Freixieiro, Baião, Portugal",Baião+Portugal,Portugal,Spa / bien-être,,"4,7", +351 255 541 378,https://oaconchegodasraizes.pt/,,,"https://www.google.com/maps/place/O+Aconchego+das+Ra%C3%ADzes,+Turismo+em+Espa%C3%A7o+Rural/data=!4m10!3m9!1s0xd24a4af5875fd57:0x4ffc163e5407cb09!5m2!4m1!1i2!8m2!3d41.1507864!4d-8.0401855!16s%2Fg%2F12q4rhw5x!19sChIJV_11WK-kJA0RCcsHVD4W_E8?authuser=0&hl=fr&rclk=1"
Pensao Borges," R. Camões 306, Campelo, 4640-147 Baião, Portugal",Baião+Portugal,Portugal,Spa / bien-être,Restaurant,"4,4", +351 933 184 546,http://www.residencialborges.com/,reservas@residencialborges.com,,https://www.google.com/maps/place/Pensao+Borges/data=!4m7!3m6!1s0xd24a4ad55b1b365:0xee590e4a569c9254!8m2!3d41.1606745!4d-8.0356107!16s%2Fg%2F11cnk8bw8r!19sChIJZbOxVa2kJA0RVJKcVkoOWe4?authuser=0&hl=fr&rclk=1
"Quinta da Lameirinha Douro, Boutique Home"," R. da Fraga 46, 4640-174 Baião, Portugal",Baião+Portugal,Portugal,Spa / bien-être,,"4,9", +351 910 971 047,http://www.quintadalameirinha.com/,,,"https://www.google.com/maps/place/Quinta+da+Lameirinha+Douro,+Boutique+Home/data=!4m10!3m9!1s0xd24a5d6eca496b1:0xdf2ae1f1b7af9665!5m2!4m1!1i2!8m2!3d41.1492911!4d-8.0374623!16s%2Fg%2F11mvrp5x1c!19sChIJsZak7NalJA0RZZavt_HhKt8?authuser=0&hl=fr&rclk=1"
SPASO ZEN - Wellness & Beauty,,Baião+Portugal,,Spa / bien-être,Spa,"4,7",,https://www.spasozen.com/,,,https://www.google.com/maps/place/SPASO+ZEN+-+Wellness+%26+Beauty/data=!4m7!3m6!1s0xd246575d2be091b:0x41ebc058b26ad7b2!8m2!3d35.9915752!4d-18.8269796!16s%2Fg%2F1tfjxkrf!19sChIJGwm-0nVlJA0RstdqsljA60E?authuser=0&hl=fr&rclk=1
Casa do Almocreve," Lugar de, Rua do Fontanário, Portela do Gove, 4640-270, Portugal",Baião+Portugal,Portugal,Spa / bien-être,,"4,4", +351 255 551 226,http://www.casadoalmocreve.pt/sitePT/,,,https://www.google.com/maps/place/Casa+do+Almocreve/data=!4m10!3m9!1s0xd24a481256db927:0x3693cf9d255aae16!5m2!4m1!1i2!8m2!3d41.1234226!4d-8.0421321!16s%2Fg%2F11bbrt81xl!19sChIJJ7ltJYGkJA0RFq5aJZ3PkzY?authuser=0&hl=fr&rclk=1
Vale do Sousa Saúde Baião - Clínica S. Sebastião," Edifício S. Sebastião, R. Camões 381, Campelo, 4640-147 Baião, Portugal",Baião+Portugal,Portugal,Thalassothérapie,Clinique,"5,0", +351 255 542 875,https://vss.pt/unidades/vale-sousa-saude-baiao/,geral@labvalesousa.pt,https://www.linkedin.com/company/vale-do-sousa-sa%C3%BAde,https://www.google.com/maps/place/Vale+do+Sousa+Sa%C3%BAde+Bai%C3%A3o+-+Cl%C3%ADnica+S.+Sebasti%C3%A3o/data=!4m7!3m6!1s0xd24bb0def06ff31:0x9659de791143fa26!8m2!3d41.1625723!4d-8.0346679!16s%2Fg%2F11h0r6z6dj!19sChIJMf8G7w27JA0RJvpDEXneWZY?authuser=0&hl=fr&rclk=1
Colmeal Countryside Hotel," Quinta do Colmeal, 6440-061 Colmeal, Portugal",Almeida+Portugal,Portugal,Hôtel avec spa,,"4,6", +351 913 426 070,http://colmealhotel.com/,,,https://www.google.com/maps/place/Colmeal+Countryside+Hotel/data=!4m10!3m9!1s0xd3c638f96b192d1:0x2f8d988a9f653b4e!5m2!4m1!1i2!8m2!3d40.8553524!4d-7.0150379!16s%2Fg%2F11ckkyfkwn!19sChIJ0ZKxlo9jPA0RTjtln4qYjS8?authuser=0&hl=fr&rclk=1
Encostas do Coa," Largo da Igreja, Q.ta Nova, 6400-552, Portugal",Almeida+Portugal,Portugal,Hôtel avec spa,,"4,7", +351 964 708 485,http://www.encostasdocoa.pt/,,,https://www.google.com/maps/place/Encostas+do+Coa/data=!4m10!3m9!1s0xd3c61a3ef76e23b:0xe7bd6f0b34749613!5m2!4m1!1i2!8m2!3d40.7996452!4d-7.0561836!16s%2Fg%2F11g_7kvhj!19sChIJO-J276NhPA0RE5Z0NAtvvec?authuser=0&hl=fr&rclk=1
Centro Termal Fonte Santa," En 332, Encosta Fonte Santa, 6350-239 Almeida, Portugal",Almeida+Portugal,Portugal,Centre thermal,Station thermale,"4,4", +351 271 571 123,,,,https://www.google.com/maps/place/Centro+Termal+Fonte+Santa/data=!4m7!3m6!1s0xd3c66eba6feff87:0x725924183b14d106!8m2!3d40.7458543!4d-6.9494396!16s%2Fg%2F1hc68q8mb!19sChIJh__-putmPA0RBtEUOxgkWXI?authuser=0&hl=fr&rclk=1
Termas da fonte santa," Estrada da Fonte Santa, Almeida, Portugal",Almeida+Portugal,Portugal,Centre thermal,Thermes,"5,0",,,,,https://www.google.com/maps/place/Termas+da+fonte+santa/data=!4m7!3m6!1s0xd3c430024967aab:0xd03daa15e5ca372d!8m2!3d40.742314!4d-6.9197054!16s%2Fg%2F11mk9j_w_z!19sChIJq3qWJABDPA0RLTfK5RWqPdA?authuser=0&hl=fr&rclk=1
Oasis - Water Park Galveias With Oasis Bar," R. Joaquim Barradas de Carvalho 59, 7400-014 Galveias, Portugal",Almeida+Portugal,Portugal,Parc aquatique,Parc aquatique,"4,5",,http://jfgalveias.pt/,info@wane.com,,https://www.google.com/maps/place/Oasis+-+Water+Park+Galveias+With+Oasis+Bar/data=!4m7!3m6!1s0xd1831a5217a2f43:0xcfcaa89d8a0edd90!8m2!3d39.1581322!4d-7.9931942!16s%2Fg%2F11c3q4kytz!19sChIJQy96IaUxGA0RkN0Oip2oys8?authuser=0&hl=fr&rclk=1
Fluvifun - Parque Aquático do Malhadal, Portugal,Almeida+Portugal, Portugal,Parc aquatique,Parc aquatique,"4,6", +351 274 685 127,,,,https://www.google.com/maps/place/Fluvifun+-+Parque+Aqu%C3%A1tico+do+Malhadal/data=!4m7!3m6!1s0xd22afdb7fadb159:0xe3d56fa7f3f9051e!8m2!3d39.7966941!4d-7.9516837!16s%2Fg%2F11g2xdrmpd!19sChIJWbGtf9uvIg0RHgX586dv1eM?authuser=0&hl=fr&rclk=1
Lagoa do Falcão," R. do Pavilhão Gimnodesportivo, 2565-587 Campelos, Portugal",Almeida+Portugal,Portugal,Parc aquatique,Parc aquatique,"4,3", +351 969 008 368,http://lagoadofalcao.pt/,,,https://www.google.com/maps/place/Lagoa+do+Falc%C3%A3o/data=!4m7!3m6!1s0xd18ccb231e1b01d:0xa02427e63e83c59!8m2!3d39.1941472!4d-9.1842912!16s%2Fg%2F11f4tncslv!19sChIJHbDhMbLMGA0RWTzoY35CAgo?authuser=0&hl=fr&rclk=1
Casa Marcelo," Casa Marcelo, Lote 40,, Bairro 25, Casais Do Pinhal Velho,, 2510-662 Vau, Obidos Lagoon, Portugal",Peniche+Portugal,Portugal,Hôtel avec spa,Maison de vacances,"4,6", +44 7797 758785,http://casamarcelo.pt/index.html,,,https://www.google.com/maps/place/Casa+Marcelo/data=!4m7!3m6!1s0xd1f4d03e28c63c3:0x59455a7c1f701459!8m2!3d39.4132569!4d-9.228558!16s%2Fg%2F11g9swgkwq!19sChIJw2OM4gNNHw0RWRRwH3xaRVk?authuser=0&hl=fr&rclk=1
Hotel Star inn Peniche," Av. da Praia, 2520-206 Peniche, Portugal",Peniche+Portugal,Portugal,Hôtel avec spa,,"4,1", +351 262 780 400,https://www.hotelstarinn.com/peniche/?lang=pt-pt,,,https://www.google.com/maps/place/Hotel+Star+inn+Peniche/data=!4m10!3m9!1s0xd1f4f54e9dcfd3b:0xd999b7113e160b7f!5m2!4m1!1i2!8m2!3d39.3582729!4d-9.3632906!16s%2Fg%2F1tcy02sx!19sChIJO_3c6VRPHw0RfwsWPhG3mdk?authuser=0&hl=fr&rclk=1
Hotel Nobu Peniche," Av. do Mar 72, 2520-205 Peniche, Portugal",Peniche+Portugal,Portugal,Hôtel avec spa,,"4,9", +351 927 594 497,,,,https://www.google.com/maps/place/Hotel+Nobu+Peniche/data=!4m10!3m9!1s0xd1f479fd9d21611:0x9227ed77855252a2!5m2!4m1!1i2!8m2!3d39.355296!4d-9.37879!16s%2Fg%2F11z1y3mj0l!19sChIJERbS2Z9HHw0RolJShXftJ5I?authuser=0&hl=fr&rclk=1
Hotel MH Peniche," Av. Monsenhor Bastos, 2520-206 Peniche, Portugal",Peniche+Portugal,Portugal,Hôtel avec spa,,"4,5", +351 262 780 500,http://www.mh-hotels.pt/,reservas.mhpeniche@mh-hotels.pt,https://www.linkedin.com/company/mh-hotels,https://www.google.com/maps/place/Hotel+MH+Peniche/data=!4m10!3m9!1s0xd1f45ff7e52c6af:0x4c608f4abce9ad2d!5m2!4m1!1i2!8m2!3d39.3569722!4d-9.3635564!16s%2Fg%2F11_712pjh!19sChIJr8ZSfv9FHw0RLa3pvEqPYEw?authuser=0&hl=fr&rclk=1
Bukubaki Eco Surf," Rua do Juncal 6, Casais de Mestre Mendo, 2525-331 Atouguia da Baleia, Portugal",Peniche+Portugal,Portugal,Hôtel avec spa,,"4,5", +351 967 138 917,http://www.bukubaki.com/,info@bukubaki.com,,https://www.google.com/maps/place/Bukubaki+Eco+Surf/data=!4m10!3m9!1s0xd1f494f4a651255:0xb81734b3cf7f19d7!5m2!4m1!1i2!8m2!3d39.3533827!4d-9.2941718!16s%2Fg%2F11dx8ywdvf!19sChIJVRJlSk9JHw0R1xl_z7M0F7g?authuser=0&hl=fr&rclk=1
Hotel MH Atlântico," Av. do Golfe, 2525-150 Atouguia da Baleia, Portugal",Peniche+Portugal,Portugal,Hôtel avec spa,,"4,4", +351 262 757 700,https://www.mh-hotels.pt/,reservas.mhpeniche@mh-hotels.pt,https://www.linkedin.com/company/mh-hotels,https://www.google.com/maps/place/Hotel+MH+Atl%C3%A2ntico/data=!4m10!3m9!1s0xd1f48904a4f7d4f:0x90cbe24dbc520042!5m2!4m1!1i2!8m2!3d39.333971!4d-9.3532434!16s%2Fg%2F113gd7hwp!19sChIJT31PSpBIHw0RQgBSvE3iy5A?authuser=0&hl=fr&rclk=1
Praia D'El Rey Marriott Golf & Beach Resort," Vale De Janelas, Av. Dona Inês de Castro N° 1, 2510-451 Amoreira, Portugal",Peniche+Portugal,Portugal,Hôtel avec spa,,"4,6", +351 262 905 100,https://www.marriott.com/en-us/hotels/lisdr-praia-del-rey-marriott-golf-and-beach-resort/overview/?scid=f2ae0541-1279-4f24-b197-a979c79310b0,,,https://www.google.com/maps/place/Praia+D%27El+Rey+Marriott+Golf+%26+Beach+Resort/data=!4m10!3m9!1s0xd1ec5b37f3abfe1:0x1fc1461265eede6f!5m2!4m1!1i2!8m2!3d39.3908034!4d-9.2875725!16s%2Fg%2F1trpmgrx!19sChIJ4b86f7PFHg0Rb97uZRJGwR8?authuser=0&hl=fr&rclk=1
RIDE Surf Resort & Spa - Surfcamp - Hotel Peniche Portugal - Baleal," R. Bartolomeu Dias 5, 2520-117 Ferrel, Portugal",Peniche+Portugal,Portugal,Hôtel avec spa,,"4,6", +351 262 247 350,https://www.ridesurfresort.com/,booking@ridesurfresort.com,https://www.linkedin.com/company/ridesurfresort,https://www.google.com/maps/place/RIDE+Surf+Resort+%26+Spa+-+Surfcamp+-+Hotel+Peniche+Portugal+-+Baleal/data=!4m10!3m9!1s0xd1f4f32489d2bdf:0xb410500bc8cdb5b2!5m2!4m1!1i2!8m2!3d39.3631603!4d-9.3359182!16s%2Fg%2F11ghtq52rx!19sChIJ3yudSDJPHw0RsrXNyAtQELQ?authuser=0&hl=fr&rclk=1
Villa Termal das Caldas de Monchique," R. de Caldas de Monchique, 8550-232, Portugal",Peniche+Portugal,Portugal,Centre thermal,,"4,1", +351 282 910 910,https://monchiquetermalresort.com/,,,https://www.google.com/maps/place/Villa+Termal+das+Caldas+de+Monchique/data=!4m10!3m9!1s0xd1b2174134954ff:0x4fd55d3aa98db471!5m2!4m1!1i2!8m2!3d37.2852451!4d-8.5536875!16s%2Fg%2F1tj9d811!19sChIJ_1RJE3QhGw0RcbSNqTpd1U8?authuser=0&hl=fr&rclk=1
Massage Peniche," Tv. do Jardim 2, 2520-182 Ferrel, Portugal",Peniche+Portugal,Portugal,Centre thermal,Institut de massages,"5,0", +351 917 139 238,http://www.massagepeniche.pt/,,,https://www.google.com/maps/place/Massage+Peniche/data=!4m7!3m6!1s0xd1f4f33d431a43b:0x425c3678d6106588!8m2!3d39.3670186!4d-9.3179525!16s%2Fg%2F11g72803cc!19sChIJO6Qx1DNPHw0RiGUQ1ng2XEI?authuser=0&hl=fr&rclk=1
"PenichePraia - Bungalows, Campers and SPA"," Estr. Marginal Norte, 2520-605 Peniche, Portugal",Peniche+Portugal,Portugal,Centre thermal,,"3,8", +351 262 783 460,https://www.penichepraia.pt/,booking@maarlab.com,,"https://www.google.com/maps/place/PenichePraia+-+Bungalows,+Campers+and+SPA/data=!4m10!3m9!1s0xd1f45c3fa70cb97:0xbec2ddc5c749baf6!5m2!4m1!1i2!8m2!3d39.3694517!4d-9.3917083!16s%2Fg%2F11b7xlbtk5!19sChIJl8tw-sNFHw0R9rpJx8Xdwr4?authuser=0&hl=fr&rclk=1"
Igreja da Santa Casa da Misericórdia de Peniche," Largo 5 de Outubro 22, 2520-228 Peniche, Portugal",Peniche+Portugal,Portugal,Centre thermal,Église catholique,"4,4", +351 262 001 370,http://mispeniche.blogs.sapo.pt/,,,https://www.google.com/maps/place/Igreja+da+Santa+Casa+da+Miseric%C3%B3rdia+de+Peniche/data=!4m7!3m6!1s0xd1f45e263e58d97:0x54cafc125c3572e2!8m2!3d39.357476!4d-9.3789694!16s%2Fg%2F1tcxqyn6!19sChIJl43lY-JFHw0R4nI1XBL8ylQ?authuser=0&hl=fr&rclk=1
Surfers Lodge Peniche," Av. do Mar 132, 2520-050 Ferrel, Portugal",Peniche+Portugal,Portugal,Centre thermal,,"4,5", +351 262 700 030,https://surferslodgepeniche.com/,booking@surferslodgepeniche.com,,https://www.google.com/maps/place/Surfers+Lodge+Peniche/data=!4m10!3m9!1s0xd2446622c4c4885:0x96f14c1daa1449ac!5m2!4m1!1i2!8m2!3d39.3705769!4d-9.3284299!16s%2Fg%2F1ptxx8h8d!19sChIJhUhMLGJGJA0RrEkUqh1M8ZY?authuser=0&hl=fr&rclk=1
Varanda de Pilatos," Peniche, Portugal",Peniche+Portugal,Portugal,Centre thermal,Point de vue,"4,8",,,,,https://www.google.com/maps/place/Varanda+de+Pilatos/data=!4m7!3m6!1s0xd1f45d23ed3ee3f:0x3bd5ac0d2168b478!8m2!3d39.3621517!4d-9.4073569!16s%2Fg%2F11fy4x29pw!19sChIJP-7TPtJFHw0ReLRoIQ2s1Ts?authuser=0&hl=fr&rclk=1
Baleal Beach," Baleal, 2501-141 Peniche, Portugal",Peniche+Portugal,Portugal,Centre thermal,Attraction touristique,"4,7",,https://www.alexsurfschool.com/,alexsurfschool@gmail.com,,https://www.google.com/maps/place/Baleal+Beach/data=!4m7!3m6!1s0xd1f4fd80c610ee1:0x6f5dc2315c1e3f25!8m2!3d39.3716803!4d-9.3383579!16s%2Fg%2F11jcjfz6vb!19sChIJ4Q5hDNhPHw0RJT8eXDHCXW8?authuser=0&hl=fr&rclk=1
Miradouro da Cruz dos Remédios," Peniche, Portugal",Peniche+Portugal,Portugal,Thalassothérapie,Point de vue,"4,7",,,,,https://www.google.com/maps/place/Miradouro+da+Cruz+dos+Rem%C3%A9dios/data=!4m7!3m6!1s0xd1f45ce122a13ad:0x4830a66d20a788a5!8m2!3d39.3659069!4d-9.4044092!16s%2Fg%2F11c5h30xpn!19sChIJrRMqEs5FHw0RpYinIG2mMEg?authuser=0&hl=fr&rclk=1
Paul&Maria The Rooms," Rua, Largo de São Paulo 1, 2520-235, Portugal",Peniche+Portugal,Portugal,Thalassothérapie,,"4,1", +351 928 030 325,,,,https://www.google.com/maps/place/Paul%26Maria+The+Rooms/data=!4m10!3m9!1s0xd1f457b988dc407:0x4281ef1d8a3db0af!5m2!4m1!1i2!8m2!3d39.3570181!4d-9.3824277!16s%2Fg%2F11flbpy6nq!19sChIJB8SNmHtFHw0Rr7A9ih3vgUI?authuser=0&hl=fr&rclk=1
Casa do Campo," Rua Doutor João de Matos Bilhau, 2520-294 Peniche, Portugal",Peniche+Portugal,Portugal,Thalassothérapie,,"4,7", +351 939 182 401,http://www.casadocampopeniche.com/,casadocampopeniche@gmail.com,,https://www.google.com/maps/place/Casa+do+Campo/data=!4m10!3m9!1s0xd1f45e3059ba315:0x6c36f4bdb63ce521!5m2!4m1!1i2!8m2!3d39.3589198!4d-9.3806553!16s%2Fg%2F11jp1hdr53!19sChIJFaObBeNFHw0RIeU8tr30Nmw?authuser=0&hl=fr&rclk=1
Sandycamps Surf House," R. Camilo Castelo Branco 38b, 2520-119 Ferrel, Portugal",Peniche+Portugal,Portugal,Thalassothérapie,,"4,9", +351 969 092 470,https://www.sandycamps.com/portugal,bookings@sandycamps.com,,https://www.google.com/maps/place/Sandycamps+Surf+House/data=!4m10!3m9!1s0xd1f4fa4bf0c1f3d:0x3ae0d4e787157443!5m2!4m1!1i2!8m2!3d39.3643222!4d-9.3359416!16s%2Fg%2F11mhvp4dcp!19sChIJPR8Mv6RPHw0RQ3QVh-fU4Do?authuser=0&hl=fr&rclk=1
The Ocean Clinic - Osteopathy & Alternative therapies," Tv. dos Lusíadas 2a, 2520-188 Ferrel, Portugal",Peniche+Portugal,Portugal,Thalassothérapie,Praticien de médecine alternative,"5,0", +351 925 009 546,https://pt.joyosteopathyandyoga.com/the-ocean-clinic,li.qimotion@gmail.com,,https://www.google.com/maps/place/The+Ocean+Clinic+-+Osteopathy+%26+Alternative+therapies/data=!4m7!3m6!1s0xd1f4fe91c9ad4ff:0x26c58d1fc59a71a8!8m2!3d39.3637961!4d-9.3243109!16s%2Fg%2F11shf_csmp!19sChIJ_9SaHOlPHw0RqHGaxR-NxSY?authuser=0&hl=fr&rclk=1
Hotel Pinhalmar," Hotel Pinhal Mar, Estr. Marginal Sul, 2520-227 Peniche, Portugal",Peniche+Portugal,Portugal,Thalassothérapie,,"4,1", +351 262 789 349,https://www.pinhalmar.com/,info@hotelpinhalmar.com,,https://www.google.com/maps/place/Hotel+Pinhalmar/data=!4m10!3m9!1s0xd1f45e0175d811d:0xd3dbabf8be7510f4!5m2!4m1!1i2!8m2!3d39.3602842!4d-9.4023199!16s%2Fg%2F1vs5x_cj!19sChIJHYFdF-BFHw0R9BB1vvir29M?authuser=0&hl=fr&rclk=1
Termas Caldas da Saúde," R. Termas 754, 4780-068 Santo Tirso, Portugal",Póvoa de Lanhoso+Portugal,Portugal,Centre thermal,Thermes,"4,4", +351 252 860 860,http://www.caldasdasaude.pt/,,,https://www.google.com/maps/place/Termas+Caldas+da+Sa%C3%BAde/data=!4m7!3m6!1s0xd24f6075918f71f:0xfb6db41986e75ae9!8m2!3d41.3689594!4d-8.4795617!16s%2Fg%2F1tdhg8ls!19sChIJH_cYWQf2JA0R6Vrnhhm0bfs?authuser=0&hl=fr&rclk=1
Termas da Moimenta," Av. D. Manuel I nº18, 4840-100 Braga, Portugal",Póvoa de Lanhoso+Portugal,Portugal,Centre thermal,Station thermale,"4,8", +351 253 353 217,https://www.termasdamoimenta.com/,geral@termasdamoimenta.com,,https://www.google.com/maps/place/Termas+da+Moimenta/data=!4m7!3m6!1s0xd2504b5d5c0e7b1:0x4ac5f02075afa1ae!8m2!3d41.7136999!4d-8.3146269!16s%2Fg%2F1hhxd7gdh!19sChIJsefA1bUEJQ0RrqGvdSDwxUo?authuser=0&hl=fr&rclk=1
Villa Moura - Pool & Jacuzzi," Travessa do Rio n.° 46, Simães, Fontearcada, 4830-781 Póvoa de Lanhoso, Portugal",Póvoa de Lanhoso+Portugal,Portugal,Centre thermal,,"4,6", +351 912 750 149,http://www.villamoura.pt/,,,https://www.google.com/maps/place/Villa+Moura+-+Pool+%26+Jacuzzi/data=!4m10!3m9!1s0xd24e3f265fb3abb:0x81c5c251ea923dc3!5m2!4m1!1i2!8m2!3d41.5718516!4d-8.2372157!16s%2Fg%2F11rspfwgx0!19sChIJuzr7ZfLjJA0Rwz2S6lHCxYE?authuser=0&hl=fr&rclk=1
Centro Interpretativo Maria da Fonte," Largo António Ferreira Lopes 86, 4830-503 Póvoa de Lanhoso, Portugal",Póvoa de Lanhoso+Portugal,Portugal,Centre thermal,Musée,"4,5", +351 253 639 798,http://www.mariadafonte.pt/,ci.mariadafonte@mun-planhoso.pt,,https://www.google.com/maps/place/Centro+Interpretativo+Maria+da+Fonte/data=!4m7!3m6!1s0xd24e30654cac181:0x66cc6a5e56d825ec!8m2!3d41.5748883!4d-8.2676156!16s%2Fg%2F11c6f6679m!19sChIJgcHKVAbjJA0R7CXYVl5qzGY?authuser=0&hl=fr&rclk=1
Aquaplay - Pool Complex," Rua St.ª Maria 428, 4820-608, Portugal",Póvoa de Lanhoso+Portugal,Portugal,Parc aquatique,Piscine extérieure,"4,3", +351 253 779 972,https://aquaplaypiscinas.pt/es/?fbclid=IwY2xjawKhJXpleHRuA2FlbQIxMAABHsWAs_kzZcVOZOg6dQ_1_kLhXhXuVPVL0lqqjf3ovI5iQEx0TVjFQTBD7lXQ_aem_Vs5Aqbz96Eov-Pud-D_0ww,info@aquaplaypiscinas.pt,,https://www.google.com/maps/place/Aquaplay+-+Pool+Complex/data=!4m7!3m6!1s0xd24ea2243b88545:0x40fde339905de166!8m2!3d41.3839174!4d-8.1572728!16s%2Fg%2F11cmtx6jrd!19sChIJRYW4QyLqJA0RZuFdkDnj_UA?authuser=0&hl=fr&rclk=1
Piscinas Scorpio - Guimaraes," Alameda dos Desportos 4805, 4835-235 Guimarães, Portugal",Póvoa de Lanhoso+Portugal,Portugal,Parc aquatique,Parc aquatique,"4,3", +351 253 423 200,https://tempolivre.pt/scorpio/,,,https://www.google.com/maps/place/Piscinas+Scorpio+-+Guimaraes/data=!4m7!3m6!1s0xd24f0254e4722c3:0x34d87f8a70abe653!8m2!3d41.4310583!4d-8.3196035!16s%2Fg%2F11b6cbc1f9!19sChIJwyJHTiXwJA0RU-arcIp_2DQ?authuser=0&hl=fr&rclk=1
Diverlanhoso | Adventure Park," Lugar de Porto de Bois, 4830-602 Oliveira, Portugal",Póvoa de Lanhoso+Portugal,Portugal,Parc aquatique,,"4,4", +351 253 635 763,http://www.diverlanhoso.pt/,,,https://www.google.com/maps/place/Diverlanhoso+%7C+Adventure+Park/data=!4m10!3m9!1s0xd24e187cab2b851:0x65eba722a39dee26!5m2!4m1!1i2!8m2!3d41.5950335!4d-8.2186317!16s%2Fg%2F1vgw9xpy!19sChIJUbiyyofhJA0RJu6doyKn62U?authuser=0&hl=fr&rclk=1
Municipal Swimming Pool," R. 25 de Novembro 4830, Póvoa de Lanhoso, Portugal",Póvoa de Lanhoso+Portugal,Portugal,Parc aquatique,Piscine municipale,"4,3", +351 253 639 707,https://www.povoadelanhoso.pt/locais/piscina-municipal/?mp=679&mc=707,piscinas@mun-planhoso.pt,,https://www.google.com/maps/place/Municipal+Swimming+Pool/data=!4m7!3m6!1s0xd24e305e783d3f7:0xe3479980290c0937!8m2!3d41.5742316!4d-8.2724902!16s%2Fg%2F11ddys5c7h!19sChIJ99OD5wXjJA0RNwkMKYCZR-M?authuser=0&hl=fr&rclk=1
Hotel Rural Maria da Fonte," Quinta do Fundão, 4830-065 Póvoa de Lanhoso, Portugal",Póvoa de Lanhoso+Portugal,Portugal,Thalassothérapie,,"4,3", +351 253 639 600,http://www.mariadafonte.com/pt/?partner=8694utm_source=google&utm_medium=organic&utm_campaign=MyBusiness&utm,,,https://www.google.com/maps/place/Hotel+Rural+Maria+da+Fonte/data=!4m10!3m9!1s0xd24e30387220937:0xecaeb8fe7c6732fa!5m2!4m1!1i2!8m2!3d41.59375!4d-8.262999!16s%2Fg%2F1hc4k9j6z!19sChIJNwkihwPjJA0R-jJnfP64ruw?authuser=0&hl=fr&rclk=1
Centro de Estética Olga Silva," Rua António Francês nº117, 4830-577 Póvoa de Lanhoso, Portugal",Póvoa de Lanhoso+Portugal,Portugal,Thalassothérapie,Esthéticien,"4,9", +351 968 017 772,http://centroolgasilva.com/,centroolgasilva@sapo.pt,,https://www.google.com/maps/place/Centro+de+Est%C3%A9tica+Olga+Silva/data=!4m7!3m6!1s0xd24e3a9ca75837d:0xb784f05b2680038e!8m2!3d41.5750204!4d-8.2633579!16s%2Fg%2F1tfz1d2v!19sChIJfYN1yqnjJA0RjgOAJlvwhLc?authuser=0&hl=fr&rclk=1
BeyondZen," R. Paixão Bastos, 4830-551 Póvoa de Lanhoso, Portugal",Póvoa de Lanhoso+Portugal,Portugal,Thalassothérapie,Spa,"5,0", +351 964 213 944,,,,https://www.google.com/maps/place/BeyondZen/data=!4m7!3m6!1s0xd24e30814e56e09:0x8e25b6366a72dbe8!8m2!3d41.579912!4d-8.2744204!16s%2Fg%2F11w4jmmcjq!19sChIJCW7lFAjjJA0R6Ntyaja2JY4?authuser=0&hl=fr&rclk=1
aqualike," 5360-303, Portugal",Alfândega da Fé+Portugal,Portugal,Parc aquatique,Parc aquatique,"2,1", +351 279 096 000,,,,https://www.google.com/maps/place/aqualike/data=!4m7!3m6!1s0xd3b79d136fd4a4b:0x5c4e9c9d290ccecf!8m2!3d41.1870619!4d-7.11563!16s%2Fg%2F11g19yhhts!19sChIJS0r9NtF5Ow0Rz84MKZ2cTlw?authuser=0&hl=fr&rclk=1
Montado Hotel & Golf Resort," Urbanização do Campo de Golfe do Montado, Lote 1, 2950-051 Palmela, Portugal",Palmela+Portugal,Portugal,Hôtel avec spa,,"4,2", +351 265 708 150,http://www.montadoresort.com/,info@montadoresort.com,,https://www.google.com/maps/place/Montado+Hotel+%26+Golf+Resort/data=!4m10!3m9!1s0xd19698ed155c8d9:0x2f6a71138f6dda07!5m2!4m1!1i2!8m2!3d38.5697162!4d-8.8029851!16s%2Fg%2F1tnl2nyc!19sChIJ2chV0Y5pGQ0RB9ptjxNxai8?authuser=0&hl=fr&rclk=1
Meliá Setúbal," Av. Alexandre Herculano 58, 2900-206 Setúbal, Portugal",Palmela+Portugal,Portugal,Hôtel avec spa,,"4,2", +351 265 240 400,https://www.meliasetubal.com/?utm_campaign=google&utm_content=5637&utm_medium=organic&utm_source=directories,,,https://www.google.com/maps/place/Meli%C3%A1+Set%C3%BAbal/data=!4m10!3m9!1s0xd1943a8c0b4c373:0x9de81a5b506c9bf0!5m2!4m1!1i2!8m2!3d38.528845!4d-8.889789!16s%2Fg%2F1pp2tlb5m!19sChIJc8O0wKhDGQ0R8JtsUFsa6J0?authuser=0&hl=fr&rclk=1
"Hotel Varandazul, Lda."," R. Hermenegildo Capelo 3, 2950-229 Palmela, Portugal",Palmela+Portugal,Portugal,Centre thermal,,"3,9", +351 21 233 1451,http://www.varandazul.pt/,,,"https://www.google.com/maps/place/Hotel+Varandazul,+Lda./data=!4m10!3m9!1s0xd19415e0bafae65:0xa78416ab92cf65bf!5m2!4m1!1i2!8m2!3d38.5701046!4d-8.9038058!16s%2Fg%2F1tr7knk_!19sChIJZa6vC15BGQ0Rv2XPkqsWhKc?authuser=0&hl=fr&rclk=1"
SAYANNA Wellness & Spa - EPIC SANA Lisboa," Av. Eng. Duarte Pacheco 15, 1070-100 Lisboa, Portugal",Palmela+Portugal,Portugal,Centre thermal,Spa,"4,3", +351 21 159 7390,https://www.sanahotels.com/hotel/epic-sana-lisboa/sayanna-wellness-spa/,reservations@sanahotels.com,https://www.linkedin.com/company/sana-hotels,https://www.google.com/maps/place/SAYANNA+Wellness+%26+Spa+-+EPIC+SANA+Lisboa/data=!4m7!3m6!1s0xd1933785ab789f1:0x74edb569e307345b!8m2!3d38.7245416!4d-9.158487!16s%2Fg%2F11mnld2p8b!19sChIJ8Ym3WngzGQ0RWzQH42m17XQ?authuser=0&hl=fr&rclk=1
Elohim Spa," Lgo do Rato 3, 1250-012 Lisboa, Portugal",Palmela+Portugal,Portugal,Centre thermal,Institut de massages,"4,7", +351 21 386 0708,https://www.elohim.pt/,info@elohim.pt,,https://www.google.com/maps/place/Elohim+Spa/data=!4m7!3m6!1s0xd19337afc17b237:0x8aa2b7ea93d92b21!8m2!3d38.7204474!4d-9.1543667!16s%2Fg%2F1vmr2n1j!19sChIJN7IX_HozGQ0RISvZk-q3ooo?authuser=0&hl=fr&rclk=1
Taverna O Bobo da Corte," Castelo de Palmela, 2950-317 Palmela, Portugal",Palmela+Portugal,Portugal,Centre thermal,Restaurant,"4,7", +351 935 205 936,http://www.facebook.com/bobodacorte.palmela,,,https://www.google.com/maps/place/Taverna+O+Bobo+da+Corte/data=!4m7!3m6!1s0xd1941602481a49f:0xda2ddf5affb66e52!8m2!3d38.5659191!4d-8.8998049!16s%2Fg%2F11cs4yqnqq!19sChIJn6SBJGBBGQ0RUm62_1rfLdo?authuser=0&hl=fr&rclk=1
Castelo de Palmela," Av. dos Cavaleiros de Santiago e Espada, 2950-317 Palmela, Portugal",Palmela+Portugal,Portugal,Centre thermal,Château,"4,7", +351 21 232 2122,http://www.cm-palmela.pt/,geral@cm-palmela.pt,,https://www.google.com/maps/place/Castelo+de+Palmela/data=!4m7!3m6!1s0xd1eb4ca532cdced:0xfcc680bd21be7b97!8m2!3d38.5659136!4d-8.9008231!16s%2Fm%2F0h6866t!19sChIJ7dwsU8q0Hg0Rl3u-Ib2Axvw?authuser=0&hl=fr&rclk=1
Aldeamento Turístico de Palmela," R. Manuel Carromeu, 2965-515, Portugal",Palmela+Portugal,Portugal,Centre thermal,,"3,5", +351 265 930 000,http://www.fpalmela.com/,geral@fpalmela.com,,https://www.google.com/maps/place/Aldeamento+Tur%C3%ADstico+de+Palmela/data=!4m10!3m9!1s0xd196ea7e8ee4cfb:0x1b4d5cfaac89fb4a!5m2!4m1!1i2!8m2!3d38.5798677!4d-8.7861887!16s%2Fg%2F1v9gwr2v!19sChIJ-0zu6KduGQ0RSvuJrPpcTRs?authuser=0&hl=fr&rclk=1
Pousada Castelo Palmela," Castelo de Palmela, 2950-317 Palmela, Portugal",Palmela+Portugal,Portugal,Centre thermal,,"4,5", +351 21 235 1226,https://www.pousadas.pt/en/hotel/pousada-palmela?utm_campaign=pousada-palmela-partoo&utm_medium=organicsearch,recepcao.palmela@pestana.com,,https://www.google.com/maps/place/Pousada+Castelo+Palmela/data=!4m10!3m9!1s0xd194160035572c1:0x2e7c0bdb42c21183!5m2!4m1!1i2!8m2!3d38.565683!4d-8.901749!16s%2Fg%2F121d1wmr!19sChIJwXJVA2BBGQ0RgxHCQtsLfC4?authuser=0&hl=fr&rclk=1
Mandalay Spa - Liberdade," R. Rosa Araújo 8, 1250-195 Lisboa, Portugal",Palmela+Portugal,Portugal,Centre thermal,Spa,"4,8", +351 21 001 5740,https://www.mandalay-spa.com/mandalay-spa-liberdade,liberdade@mandalay-spa.com,,https://www.google.com/maps/place/Mandalay+Spa+-+Liberdade/data=!4m7!3m6!1s0xd1933ff32a1a5c1:0x83a52ac87a78a060!8m2!3d38.7222062!4d-9.1488946!16s%2Fg%2F11fmp76c75!19sChIJwaWhMv8zGQ0RYKB4esgqpYM?authuser=0&hl=fr&rclk=1
Quinta do Piloto," Rua Helena Cardoso, Quinta do Piloto, 2950-131 PALMELA - PORTUGAL, Portugal",Palmela+Portugal,Portugal,Centre thermal,,"4,6", +351 21 233 3030,https://www.quintadopiloto.pt/,info@quintadopiloto.pt,,https://www.google.com/maps/place/Quinta+do+Piloto/data=!4m10!3m9!1s0xd194159cfa3ebe5:0xea5a81718a4056a3!5m2!4m1!1i2!8m2!3d38.5671766!4d-8.9136078!16s%2Fg%2F1q62n51tl!19sChIJ5eujz1lBGQ0Ro1ZAinGBWuo?authuser=0&hl=fr&rclk=1
Palmela Village - Arrábida Resort & Golf Academy," R. das Margaridas, 2950-580 Q.ta do Anjo, Portugal",Palmela+Portugal,Portugal,Centre thermal,Appartement avec services,"4,1",,,,,https://www.google.com/maps/place/Palmela+Village+-+Arr%C3%A1bida+Resort+%26+Golf+Academy/data=!4m7!3m6!1s0xd194691f4b07125:0x1d67df6a0c6dcce4!8m2!3d38.5763215!4d-8.9565142!16s%2Fg%2F11grc38_bg!19sChIJJXGw9JFGGQ0R5MxtDGrfZx0?authuser=0&hl=fr&rclk=1
Caco Palmela," Estr. dos Restauradores do Concelho de Palmela 379 2, 2950-041 Palmela, Portugal",Palmela+Portugal,Portugal,Centre thermal,Restaurant,"4,4", +351 967 884 761,https://www.cacopalmela.pt/,,,https://www.google.com/maps/place/Caco+Palmela/data=!4m7!3m6!1s0xd1947467d338323:0x4690237e9b57244f!8m2!3d38.5937165!4d-8.9251768!16s%2Fg%2F11fk1j_pmd!19sChIJI4MzfUZHGQ0RTyRXm34jkEY?authuser=0&hl=fr&rclk=1
Float in Spa Lisboa - RATO - Spa Massagens e Flutuação," Rua de São Filipe Néri 37A, 1250-225 Lisboa, Portugal",Palmela+Portugal,Portugal,Centre thermal,Spa,"4,7", +351 915 785 821,http://www.float-in.pt/,,,https://www.google.com/maps/place/Float+in+Spa+Lisboa+-+RATO+-+Spa+Massagens+e+Flutua%C3%A7%C3%A3o/data=!4m7!3m6!1s0xd19337af3964b5b:0xea9c2b8f1dec8e3b!8m2!3d38.7210486!4d-9.1543167!16s%2Fg%2F1tg5_xcv!19sChIJW0uW83ozGQ0RO47sHY8rnOo?authuser=0&hl=fr&rclk=1
Termas da Ferraria," Ginetes, Portugal",Palmela+Portugal,Portugal,Centre thermal,Thermes,"4,3", +351 296 295 669,https://www.facebook.com/termas.ferraria.90/?locale=pt_PT,,,https://www.google.com/maps/place/Termas+da+Ferraria/data=!4m7!3m6!1s0xb433075effc4a91:0xed304ac0a0ff8440!8m2!3d37.8608255!4d-25.8525276!16s%2Fg%2F11byhj2zgd!19sChIJkUr873UwQwsRQIT_oMBKMO0?authuser=0&hl=fr&rclk=1
Oazis Massage," R. da Madalena 219, 1100-321 Lisboa, Portugal",Palmela+Portugal,Portugal,Centre thermal,Massothérapeute,"4,9", +351 967 042 156,https://oazismassage.com/?utm_source=google&utm_medium=organic&utm_campaign=gbp_profile,info.oazismassage@gmail.com,,https://www.google.com/maps/place/Oazis+Massage/data=!4m7!3m6!1s0xd19357681987347:0x66d841298fa72460!8m2!3d38.7123473!4d-9.1361958!16s%2Fg%2F11kpnhljlv!19sChIJR3OYgXY1GQ0RYCSnjylB2GY?authuser=0&hl=fr&rclk=1
Hotel Casa Palmela," Quinta do Esteval, N10 km 33.5, 2900-725 Setúbal, Portugal",Palmela+Portugal,Portugal,Centre thermal,,"4,6", +351 265 249 650,https://hotelcasapalmela.pt/,,,https://www.google.com/maps/place/Hotel+Casa+Palmela/data=!4m10!3m9!1s0xd194460675affef:0xc2933ab3137f9d24!5m2!4m1!1i2!8m2!3d38.5226174!4d-8.9448785!16s%2Fg%2F11cnbtwwhb!19sChIJ7_9aZ2BEGQ0RJJ1_E7M6k8I?authuser=0&hl=fr&rclk=1
Termas da Sulfurea," Sitio das Termas, 7460-002 Cabeço de Vide, Portugal",Palmela+Portugal,Portugal,Centre thermal,,"4,3", +351 245 634 027,https://sites.google.com/view/termas-da-sulfurea/,,,https://www.google.com/maps/place/Termas+da+Sulfurea/data=!4m10!3m9!1s0xd179ced42f694a5:0xe32f2b14c7643bd8!5m2!4m1!1i2!8m2!3d39.135283!4d-7.5797296!16s%2Fg%2F11dfgrbvd5!19sChIJpZT2Qu2cFw0R2DtkxxQrL-M?authuser=0&hl=fr&rclk=1
Aquadome (Termas de Unhais da Serra)," Av. das Termas, 6200-999 Covilhã, Portugal",Palmela+Portugal,Portugal,Centre thermal,Spa,"4,7", +351 275 970 030,http://www.aquadome.pt/,ppires@assec.pt,,https://www.google.com/maps/place/Aquadome+%28Termas+de+Unhais+da+Serra%29/data=!4m7!3m6!1s0xd3d2f771da158cd:0x77f49baf53fbdf88!8m2!3d40.2653058!4d-7.6245872!16s%2Fg%2F1hdzrvbny!19sChIJzVihHXcvPQ0RiN_7U6-b9Hc?authuser=0&hl=fr&rclk=1
BSpa by Karin Herzog," Doca do Bom Sucesso, 1400-038 Lisboa, Portugal",Palmela+Portugal,Portugal,Centre thermal,Spa,"4,8", +351 21 040 0220,https://www.topspa.pt/pt/spas/bspa-karin-herzog,,,https://www.google.com/maps/place/BSpa+by+Karin+Herzog/data=!4m7!3m6!1s0xd1ecb42153b8583:0x5616c8326acca53a!8m2!3d38.6932449!4d-9.2105979!16s%2Fg%2F1tg3ccdz!19sChIJg4U7FULLHg0ROqXMajLIFlY?authuser=0&hl=fr&rclk=1
The Botanical Massage & therapies," Calçada do Sacramento 20, 1200-394 Lisboa, Portugal",Palmela+Portugal,Portugal,Centre thermal,Institut de massages,"4,9", +351 917 777 160,https://www.thebotanicalmassage.com/,reservations@thebotanicalmassage.com,,https://www.google.com/maps/place/The+Botanical+Massage+%26+therapies/data=!4m7!3m6!1s0xd19357709a3a3fb:0xf13bb51c47cb7ded!8m2!3d38.7112186!4d-9.1401474!16s%2Fg%2F11s3v58f9m!19sChIJ-6OjCXc1GQ0R7X3LRxy1O_E?authuser=0&hl=fr&rclk=1
Moments Lounge," Est do Lau, 2950-034 Palmela, Portugal",Palmela+Portugal,Portugal,Centre thermal,Restaurant,"4,5", +351 928 142 269,https://momentslounge.netlify.app/,,,https://www.google.com/maps/place/Moments+Lounge/data=!4m7!3m6!1s0xd19416b266e2a55:0x4a45320dccef412c!8m2!3d38.5829184!4d-8.8649467!16s%2Fg%2F11rfc8q_3y!19sChIJVSpuJmtBGQ0RLEHvzA0yRUo?authuser=0&hl=fr&rclk=1
"Palmela Desporto, E. E. L. G. E. Eq. Desportivos Municipais, Empresa Unip. Lda."," R. Orlando Ribeiro 62, 2955-211 Pinhal Novo, Portugal",Palmela+Portugal,Portugal,Parc aquatique,Complexe sportif,"4,8", +351 21 238 9900,,,,"https://www.google.com/maps/place/Palmela+Desporto,+E.+E.+L.+G.+E.+Eq.+Desportivos+Municipais,+Empresa+Unip.+Lda./data=!4m7!3m6!1s0xd1940bac085dc2b:0x4802328f3564cc45!8m2!3d38.6368127!4d-8.9092035!16s%2Fg%2F11bbrsx5_m!19sChIJK9yFwLpAGQ0RRcxkNY8yAkg?authuser=0&hl=fr&rclk=1"
Parque de Palmela (Ringue)," 2950-211 Palmela, Portugal",Palmela+Portugal,Portugal,Parc aquatique,Parc,"4,0",,,,,https://www.google.com/maps/place/Parque+de+Palmela+%28Ringue%29/data=!4m7!3m6!1s0xd19416717fd0135:0x858f14e030007a32!8m2!3d38.5719016!4d-8.9004245!16s%2Fg%2F11clvblz4b!19sChIJNQH9F2dBGQ0RMnoAMOAUj4U?authuser=0&hl=fr&rclk=1
Municipal Park José Afonso," R. Bento de Jesus Caraça 14, Baixa da Banheira, Portugal",Palmela+Portugal,Portugal,Parc aquatique,Parc,"4,4",,https://www.cm-moita.pt/viver/informacao-municipal/mare-cheia-agenda-de-eventos/poi/parque-municipal-jose-afonso-baixa-da-banheira,cmmoita@mail.cm-moita.pt,,https://www.google.com/maps/place/Municipal+Park+Jos%C3%A9+Afonso/data=!4m7!3m6!1s0xd1937b8cbeef03b:0x2a45e43ad65e4004!8m2!3d38.6605112!4d-9.0409694!16s%2Fg%2F119v0hgl4!19sChIJO_Duy7g3GQ0RBEBe1jrkRSo?authuser=0&hl=fr&rclk=1
Municipal pool De Palmela," Praceta da Liberdade 295, 2950-202 Palmela, Portugal",Palmela+Portugal,Portugal,Parc aquatique,Piscine municipale,"4,2", +351 21 233 7140,http://www.palmeladesporto.pt/empresa/equipamentos/piscina-de-palmela,geral@palmeladesporto.pt,,https://www.google.com/maps/place/Municipal+pool+De+Palmela/data=!4m7!3m6!1s0xd19416714bdf37b:0x36333f45bb68e50d!8m2!3d38.5722123!4d-8.9008122!16s%2Fg%2F11cllrtr75!19sChIJe_O9FGdBGQ0RDeVou0U_MzY?authuser=0&hl=fr&rclk=1
Lagus Field & Adventure," EN 379.2 KM 7,5, 2950-571, Portugal",Palmela+Portugal,Portugal,Parc aquatique,Parc d'attractions,"4,4", +351 963 829 191,http://www.laguscampoeaventura.pt/,,,https://www.google.com/maps/place/Lagus+Field+%26+Adventure/data=!4m7!3m6!1s0xd19470d270ef4eb:0xa021b5ec61a389a3!8m2!3d38.6186506!4d-8.9561676!16s%2Fg%2F11bwfm782w!19sChIJ6_QOJw1HGQ0Ro4mjYey1IaA?authuser=0&hl=fr&rclk=1
Parc Santiago," Av. António Sérgio, 2910-230 Setúbal, Portugal",Palmela+Portugal,Portugal,Parc aquatique,Parc,"4,1",,,,,https://www.google.com/maps/place/Parc+Santiago/data=!4m7!3m6!1s0xd19428dcda9c3e5:0xc4fc1fa3ecb67150!8m2!3d38.5212078!4d-8.8538688!16s%2Fg%2F11h0jh0nf!19sChIJ5cOpzY1CGQ0RUHG27KMf_MQ?authuser=0&hl=fr&rclk=1
Clínica Raquel Saraiva - Saúde e Bem Estar," Av. Alberto Valente 10 RC esq, Volta da Pedra, 2950-313 Palmela, Portugal",Palmela+Portugal,Portugal,Thalassothérapie,Clinique,"4,7", +351 967 313 681,http://www.raquelsaraiva.pt/,,,https://www.google.com/maps/place/Cl%C3%ADnica+Raquel+Saraiva+-+Sa%C3%BAde+e+Bem+Estar/data=!4m7!3m6!1s0xd19415d6277fefd:0xf64a6205e60a8d6c!8m2!3d38.5770361!4d-8.8900483!16s%2Fg%2F1td6ny3z!19sChIJ_f53Yl1BGQ0RbI0K5gViSvY?authuser=0&hl=fr&rclk=1
Centro Terapêutico da Dor," Portais da Arrábida, Av. dos Descobrimentos 177 Loja B, 2950-751 Q.ta do Anjo, Portugal",Palmela+Portugal,Portugal,Thalassothérapie,Institut de massages,"4,8", +351 931 645 830,https://centroterapeuticodador.com/,,,https://www.google.com/maps/place/Centro+Terap%C3%AAutico+da+Dor/data=!4m7!3m6!1s0xd1947e3bdafa109:0x338aad7a76014c14!8m2!3d38.5659541!4d-8.9516827!16s%2Fg%2F11qndsb8j4!19sChIJCaGvveNHGQ0RFEwBdnqtijM?authuser=0&hl=fr&rclk=1
EL SPA by Meliá Setúbal," Av. Alexandre Herculano 58, -1, 2900-206 Setúbal, Portugal",Palmela+Portugal,Portugal,Thalassothérapie,Spa,"5,0", +351 265 240 400,https://www.meliasetubal.com/spa-health-club/,,,https://www.google.com/maps/place/EL+SPA+by+Meli%C3%A1+Set%C3%BAbal/data=!4m7!3m6!1s0xd19434779fe4baf:0x935196d76093902!8m2!3d38.528755!4d-8.8898078!16s%2Fg%2F11njqdsc1f!19sChIJr0v-eUdDGQ0RAjkJdm0ZNQk?authuser=0&hl=fr&rclk=1
VILLASPA," Rua Carlos Alberto Ferreira Júnior, R. Q.ta dos Foios 2 Nº 9, 2925-609, Portugal",Palmela+Portugal,Portugal,Thalassothérapie,Spa,"4,9", +351 924 295 158,http://www.villaspa.pt/,,,https://www.google.com/maps/place/VILLASPA/data=!4m7!3m6!1s0xd194f79076bd65b:0xa1d62579e4dd848b!8m2!3d38.5175506!4d-9.0213586!16s%2Fg%2F1tfdfqyp!19sChIJW9ZrB3lPGQ0Ri4Td5Hkl1qE?authuser=0&hl=fr&rclk=1
Village Spa by Sandra Henriques," Av. da Liberdade, 2950-246 Palmela, Portugal",Palmela+Portugal,Portugal,Thalassothérapie,Esthéticien,"5,0", +351 934 288 184,https://instagram.com/villagespa2023?igshid=YmMyMTA2M2Y=,,,https://www.google.com/maps/place/Village+Spa+by+Sandra+Henriques/data=!4m7!3m6!1s0xd1941353a24e265:0xb180c1bdb150249b!8m2!3d38.5737957!4d-8.9017986!16s%2Fg%2F11k9bg6zm1!19sChIJZeIkOjVBGQ0RmyRQsb3BgLE?authuser=0&hl=fr&rclk=1
Quinta Lagus Resort," Estrada Nacional 379 2 - KM 7,5, Olhos d'Água, Palmela, Portugal",Palmela+Portugal,Portugal,Thalassothérapie,Salle de banquet,"4,0", +351 961 212 415,http://www.quintalagusresort.com/,,,https://www.google.com/maps/place/Quinta+Lagus+Resort/data=!4m7!3m6!1s0xd19470d70f4e2ab:0xd7e094d0c1ae639a!8m2!3d38.6214688!4d-8.9571988!16s%2Fg%2F11b73s75g_!19sChIJq-L0cA1HGQ0RmmOuwdCU4Nc?authuser=0&hl=fr&rclk=1
Mondim Hotel & Spa," 161, Av. da Igreja 19, Mondim de Basto, Portugal",Mondim de Basto+Portugal,Portugal,Hôtel avec spa,,"4,1", +351 255 381 062,http://www.mondimalespa.pt/,,,https://www.google.com/maps/place/Mondim+Hotel+%26+Spa/data=!4m10!3m9!1s0xd24cf546a53319d:0x808d7b2e82c75596!5m2!4m1!1i2!8m2!3d41.4100978!4d-7.9525875!16s%2Fg%2F12vt9bx3m!19sChIJnTFTalTPJA0RllXHgi57jYA?authuser=0&hl=fr&rclk=1
Água Hotels Mondim de Basto," Monte da Paradela, S/N, 4880 Mondim de Basto, Portugal",Mondim de Basto+Portugal,Portugal,Hôtel avec spa,,"4,5", +351 255 389 040,https://www.aguahotels.pt/en/mondim-de-basto/,bookings@aguahotels.pt,,https://www.google.com/maps/place/%C3%81gua+Hotels+Mondim+de+Basto/data=!4m10!3m9!1s0xd24c6051782c6e9:0x583db26e1a7e0783!5m2!4m1!1i2!8m2!3d41.3960628!4d-7.9707175!16s%2Fg%2F1tdx0v36!19sChIJ6caCFwXGJA0Rgwd-Gm6yPVg?authuser=0&hl=fr&rclk=1
Piscina Municipal de Mondim de Basto," R. 25 de Abril 107, Mondim de Basto, Portugal",Mondim de Basto+Portugal,Portugal,Parc aquatique,Piscine municipale,"4,5",,https://municipio.mondimdebasto.pt/,geral@cm-mondimdebasto.pt,,https://www.google.com/maps/place/Piscina+Municipal+de+Mondim+de+Basto/data=!4m7!3m6!1s0xd24cf566d6502a5:0x239831c1f5621e6!8m2!3d41.4114575!4d-7.9566763!16s%2Fg%2F11fy5j1m9k!19sChIJpQJlbVbPJA0R5iFWHxyDOQI?authuser=0&hl=fr&rclk=1
Palace Hotel & Spa Monte Rio," Cruzamento com a variante - Várzea, Estr. da Lameira, 3660-692 São Pedro do Sul, Portugal",Vouzela+Portugal,Portugal,Hôtel avec spa,,"3,6", +351 232 720 040,http://www.hotelmonterio.com.pt/,,,https://www.google.com/maps/place/Palace+Hotel+%26+Spa+Monte+Rio/data=!4m10!3m9!1s0xd23419e67afa069:0x1e6e9beb1c61f5fa!5m2!4m1!1i2!8m2!3d40.7404659!4d-8.0842381!16s%2Fg%2F1ttq3cq5!19sChIJaaCvZ55BIw0R-vVhHOubbh4?authuser=0&hl=fr&rclk=1
Montebelo Viseu Congress Hotel," Urbanização, Q.ta do Bosque, 3510-020 Viseu, Portugal",Vouzela+Portugal,Portugal,Hôtel avec spa,,"4,5", +351 232 420 000,http://www.montebelohotels.com/,reservasmontebelo@montebelohotels.com,https://www.linkedin.com/company/montebelo-hotels-,https://www.google.com/maps/place/Montebelo+Viseu+Congress+Hotel/data=!4m10!3m9!1s0xd231e28146d6ba1:0x8372b5600b7abedf!5m2!4m1!1i2!8m2!3d40.6556241!4d-7.9262301!16s%2Fg%2F1pw3xv_1d!19sChIJoWttFCgeIw0R3756C2C1coM?authuser=0&hl=fr&rclk=1
Hotel Do Parque - Health Club & Spa," Termas de S. Pedro do Sul, Rua do Serrado, 3660-692 Várzea, Portugal",Vouzela+Portugal,Portugal,Hôtel avec spa,,"4,1", +351 232 723 461,http://hoteldoparque.pt/,,,https://www.google.com/maps/place/Hotel+Do+Parque+-+Health+Club+%26+Spa/data=!4m10!3m9!1s0xd234166b4af575b:0x3eb4935189cccf4b!5m2!4m1!1i2!8m2!3d40.7383539!4d-8.0939533!16s%2Fg%2F1tdfjzcq!19sChIJW1evtGZBIw0RS8_MiVGTtD4?authuser=0&hl=fr&rclk=1
Palace Hotel & Spa Astúrias," Rua dos Balneários nº 334, Termas do Carvalhal, 3600-398 Castro Daire, Portugal",Vouzela+Portugal,Portugal,Hôtel avec spa,,"4,1", +351 232 319 190,http://www.hotelasturias.pt/,,,https://www.google.com/maps/place/Palace+Hotel+%26+Spa+Ast%C3%BArias/data=!4m10!3m9!1s0xd23502186ffc2e5:0xf806b9c9b1a456f6!5m2!4m1!1i2!8m2!3d40.8522236!4d-7.9349195!16s%2Fg%2F11c1nswwcx!19sChIJ5cL_hiFQIw0R9lakscm5Bvg?authuser=0&hl=fr&rclk=1
Grande Hotel Thermas," R. Principal, 3660-692 São Pedro do Sul, Portugal",Vouzela+Portugal,Portugal,Hôtel avec spa,,"4,3", +351 232 243 908,https://grandehotelthermas.pt/,,,https://www.google.com/maps/place/Grande+Hotel+Thermas/data=!4m10!3m9!1s0xd23419e025b8e63:0x2b4a9052b5cf6fe9!5m2!4m1!1i2!8m2!3d40.7402191!4d-8.0902481!16s%2Fg%2F1tgqkpw0!19sChIJY45bAp5BIw0R6W_PtVKQSis?authuser=0&hl=fr&rclk=1
Termas de Vizela - Centro Tesal," Caldas de, 4815-416 Vizela, Portugal",Vouzela+Portugal,Portugal,Centre thermal,Complexe hôtelier,"4,2", +351 253 565 117,http://www.termasdevizela.com/,tesalvizela@tesal.com,,https://www.google.com/maps/place/Termas+de+Vizela+-+Centro+Tesal/data=!4m7!3m6!1s0xd24f33d4bec5ef7:0x4aa12222dc50c33b!8m2!3d41.3742433!4d-8.3090973!16s%2Fg%2F11jbtyqm0h!19sChIJ917sSz3zJA0RO8NQ3CIioUo?authuser=0&hl=fr&rclk=1
Caldas da Felgueira," Caldas da Felgueira, 3525-201 Canas de Senhorim, Portugal",Vouzela+Portugal,Portugal,Centre thermal,Spa,"4,4", +351 232 945 000,http://www.termasdafelgueira.pt/,,,https://www.google.com/maps/place/Caldas+da+Felgueira/data=!4m7!3m6!1s0xd232c2d2b3c7983:0xa41e17dd0a01b82a!8m2!3d40.4889115!4d-7.8629278!16s%2Fg%2F12qfnsgdp!19sChIJg3k8Ky0sIw0RKrgBCt0XHqQ?authuser=0&hl=fr&rclk=1
Carvalhal Spa," Mamouros, Portugal",Vouzela+Portugal,Portugal,Centre thermal,,"4,4", +351 232 382 342,http://termasdocarvalhal.com/,,,https://www.google.com/maps/place/Carvalhal+Spa/data=!4m10!3m9!1s0xd235026ab818359:0xb8fac136168f3b58!5m2!4m1!1i2!8m2!3d40.8520383!4d-7.9318684!16s%2Fg%2F1hb_gs02_!19sChIJWYOBqyZQIw0RWDuPFjbB-rg?authuser=0&hl=fr&rclk=1
Balneário Rainha D. Amélia," Praça Raínha Dona Amélia 54, 3660-683 São Pedro do Sul, Portugal",Vouzela+Portugal,Portugal,Centre thermal,Spa,"4,2", +351 232 720 300,https://termas-spsul.com/,,,https://www.google.com/maps/place/Balne%C3%A1rio+Rainha+D.+Am%C3%A9lia/data=!4m7!3m6!1s0xd23419e5e35c8db:0x880a95145b20d9cb!8m2!3d40.7391572!4d-8.0927541!16s%2Fg%2F11csqbj6fp!19sChIJ28g1Xp5BIw0Ry9kgWxSVCog?authuser=0&hl=fr&rclk=1
Thermal Spa of Sangemil,,Vouzela+Portugal,,Centre thermal,Spa,, +351 232 672 460,http://termasdesangemil.cm-tondela.pt/,,,https://www.google.com/maps/place/Thermal+Spa+of+Sangemil/data=!4m4!3m3!1s0xca19408d093f5a9:0xdadbc3d56a24499b!16s%2Fg%2F11t7z9ffmf!19sChIJqfWT0AiUoQwRm0kkatXD29o?authuser=0&hl=fr&rclk=1
Camping Vouzela Park," Monte do Castelo, Vouzela, Portugal",Vouzela+Portugal,Portugal,Parc aquatique,Terrain de camping,"4,4", +351 232 740 020,http://aquapolis.com.pt/parque-de-campismo-de-vouzela-parque-4-estrelas-e-certificacao-qualidade/,arquecampismo@cm-vouzela.pt,,https://www.google.com/maps/place/Camping+Vouzela+Park/data=!4m7!3m6!1s0xd2341ab02e0f46d:0x1485eb3833ebd633!8m2!3d40.7175021!4d-8.0932445!16s%2Fg%2F119wxnlvw!19sChIJbfTgAqtBIw0RM9brMzjrhRQ?authuser=0&hl=fr&rclk=1
Piscina do Bioparque," bioparque, Carvalhais, Portugal",Vouzela+Portugal,Portugal,Parc aquatique,Parc,"4,0",,https://bioparque.org/parque-aquatico/,bioparque@gmail.com,,https://www.google.com/maps/place/Piscina+do+Bioparque/data=!4m7!3m6!1s0xd23437a1a63fce3:0x1ba9bfa5f0c188a8!8m2!3d40.798345!4d-8.128942!16s%2Fg%2F11kpjh9dpm!19sChIJ4_xjGnpDIw0RqIjB8KW_qRs?authuser=0&hl=fr&rclk=1
Funtasticall," Parque Industrial de Coimbrões, Rua N Lote 125, 3500-618 Viseu, Portugal",Vouzela+Portugal,Portugal,Parc aquatique,Parc d'attractions,"4,9", +351 929 374 456,http://www.funtasticall.pt/,,,https://www.google.com/maps/place/Funtasticall/data=!4m7!3m6!1s0xd2335449960c29d:0x857f1dab24099bd7!8m2!3d40.630299!4d-7.8658134!16s%2Fg%2F11yl92nswd!19sChIJncJgmUQ1Iw0R15sJJKsdf4U?authuser=0&hl=fr&rclk=1
Parc de Fontelo," Av. José Relvas, Viseu, Portugal",Vouzela+Portugal,Portugal,Parc aquatique,Parc,"4,6",,https://www.cm-viseu.pt/index.php/diretorio/desporto/instalcoes-esp-desp-municipais/parque-despotivo-fontelo,geral@cmviseu.pt,,https://www.google.com/maps/place/Parc+de+Fontelo/data=!4m7!3m6!1s0xd233644daea5253:0xcaf1217716728d6c!8m2!3d40.6595736!4d-7.9004138!16s%2Fg%2F121c55l2!19sChIJU1Lq2kQ2Iw0RbI1yFnch8co?authuser=0&hl=fr&rclk=1
Bioparque de Carvalhais," Carvalhais, 3660-061 São Pedro do Sul, Portugal",Vouzela+Portugal,Portugal,Parc aquatique,Parc rural,"4,4", +351 232 016 297,http://bioparque.org/,bioparque@gmail.com,,https://www.google.com/maps/place/Bioparque+de+Carvalhais/data=!4m7!3m6!1s0xd234283beb9c755:0x6cc4c4a105ef7597!8m2!3d40.798345!4d-8.128942!16s%2Fg%2F119w1l4p0!19sChIJVce5voNCIw0Rl3XvBaHExGw?authuser=0&hl=fr&rclk=1
Carvalhal Spa," Mamouros, Portugal",Vouzela+Portugal,Portugal,Thalassothérapie,,"4,4", +351 232 382 342,http://termasdocarvalhal.com/,,,https://www.google.com/maps/place/Carvalhal+Spa/data=!4m7!3m6!1s0xd235026ab818359:0xb8fac136168f3b58!8m2!3d40.8520383!4d-7.9318684!16s%2Fg%2F1hb_gs02_!19sChIJWYOBqyZQIw0RWDuPFjbB-rg?authuser=0&hl=fr&rclk=1
Palácio da Lousã Boutique Hotel," R. Viscondessa do Espinhal, 3200-257 Lousã, Portugal",Lousã+Portugal,Portugal,Hôtel avec spa,,"4,5", +351 239 990 800,http://www.palaciodalousa.com/,reservations@palaciodalousa.com,,https://www.google.com/maps/place/Pal%C3%A1cio+da+Lous%C3%A3+Boutique+Hotel/data=!4m10!3m9!1s0xd22ee9702cb64df:0x3f694f8a2c3b019e!5m2!4m1!1i2!8m2!3d40.1091757!4d-8.2465059!16s%2Fg%2F121ffj68!19sChIJ32TLApfuIg0RngE7LIpPaT8?authuser=0&hl=fr&rclk=1
Quinta do Areal," Vale de Pereira, R. da Quinta do Areal 22, 3200-129 Lousã, Portugal",Lousã+Portugal,Portugal,Hôtel avec spa,,"4,9",,http://www.quintadoareal.com/,,,https://www.google.com/maps/place/Quinta+do+Areal/data=!4m10!3m9!1s0xd22efa9ca6a0459:0x78d54f230a5b79e7!5m2!4m1!1i2!8m2!3d40.1126036!4d-8.2703317!16s%2Fg%2F11j669cd68!19sChIJWQRqyqnvIg0R53lbCiNP1Xg?authuser=0&hl=fr&rclk=1
Hotel Parque Serra da Lousã," Parque Biológico da Serra da Lousã, 3220-231 Miranda do Corvo, Portugal",Lousã+Portugal,Portugal,Centre thermal,,"4,5", +351 239 095 054,http://www.hotelparqueserradalousa.pt/,geral@hotelparqueserradalousa.pt,,https://www.google.com/maps/place/Hotel+Parque+Serra+da+Lous%C3%A3/data=!4m10!3m9!1s0xd22f2239163e4ab:0xda5b01cfab7fa2aa!5m2!4m1!1i2!8m2!3d40.0841614!4d-8.3350985!16s%2Fg%2F11bwkds3n7!19sChIJq-RjkSPyIg0RqqJ_q88BW9o?authuser=0&hl=fr&rclk=1
Hotel Bem Estar," Av. Coelho da Gama 11, 3200-200 Lousã, Portugal",Lousã+Portugal,Portugal,Centre thermal,,"4,1", +351 239 194 473,https://sites.google.com/view/hotel-bem-estar/,,,https://www.google.com/maps/place/Hotel+Bem+Estar/data=!4m10!3m9!1s0xd22ee965ca9dc79:0x1276db4e1d68bd86!5m2!4m1!1i2!8m2!3d40.1106342!4d-8.2452343!16s%2Fg%2F1vmr2nbv!19sChIJedypXJbuIg0Rhr1oHU7bdhI?authuser=0&hl=fr&rclk=1
Cascata da Praia Fluvial de Nossa Senhora da Piedade," Lousã, Portugal",Lousã+Portugal,Portugal,Parc aquatique,Attraction touristique,"4,5",,,,,https://www.google.com/maps/place/Cascata+da+Praia+Fluvial+de+Nossa+Senhora+da+Piedade/data=!4m7!3m6!1s0xd22eea7b090d0d5:0x1d97b0d3eb0b39b4!8m2!3d40.0995806!4d-8.233914!16s%2Fg%2F11fy_37kl6!19sChIJ1dCQsKfuIg0RtDkL69Owlx0?authuser=0&hl=fr&rclk=1
Piscina Municipal da Lousã," Rua José Pereira da Cruz 14, 3200-266 Lousã, Portugal",Lousã+Portugal,Portugal,Parc aquatique,Piscine municipale,"5,0", +351 239 995 777,https://cm-lousa.pt/atividades-municipais/desporto/piscina-municipal-da-lousa/,piscina@cm-lousa.pt,,https://www.google.com/maps/place/Piscina+Municipal+da+Lous%C3%A3/data=!4m7!3m6!1s0xd22ef0065c6fcad:0x28076fde46ef707a!8m2!3d40.1190434!4d-8.241898!16s%2Fg%2F11yt7ghlrt!19sChIJrfzGZQDvIg0RenDvRt5vByg?authuser=0&hl=fr&rclk=1
Cascata da Senhora da Piedade," Lousã, Portugal",Lousã+Portugal,Portugal,Parc aquatique,Attraction touristique,"4,7",,,,,https://www.google.com/maps/place/Cascata+da+Senhora+da+Piedade/data=!4m7!3m6!1s0xd22ef60684312a9:0xb777d32e3a6d1303!8m2!3d40.0981135!4d-8.2364641!16s%2Fg%2F11ff5099y_!19sChIJqRJDaGDvIg0RAxNtOi7Td7c?authuser=0&hl=fr&rclk=1
Praia Fluvial de Nossa Senhora da Piedade," EM580, Portugal",Lousã+Portugal,Portugal,Parc aquatique,,"4,6",,http://aquapolis.com.pt/praia-fluvial-senhora-da-piedade-lousa/,,,https://www.google.com/maps/place/Praia+Fluvial+de+Nossa+Senhora+da+Piedade/data=!4m7!3m6!1s0xd22eea652cee01b:0x68a008b2e4eeb80!8m2!3d40.1002647!4d-8.2343988!16s%2Fg%2F11bzwp4yfg!19sChIJG-DOUqbuIg0RgOtOLosAigY?authuser=0&hl=fr&rclk=1
château de Lousã," Lousã, Portugal",Lousã+Portugal,Portugal,Parc aquatique,Château,"4,5", +351 239 990 370,https://cm-lousa.pt/locais/castelo-de-arouce/?mp=2359&mc=2371,maia.costa@cm-lousa.pt,,https://www.google.com/maps/place/ch%C3%A2teau+de+Lous%C3%A3/data=!4m7!3m6!1s0xd22eea6fc8bbdc9:0x1e892c18d56fc090!8m2!3d40.1004146!4d-8.2355043!16s%2Fm%2F0h639r3!19sChIJyb2L_KbuIg0RkMBv1RgsiR4?authuser=0&hl=fr&rclk=1
Ecological park Serra da Lousã," Parque de Lazer da Quinta da Paiva, 3220-154 Miranda do Corvo, Portugal",Lousã+Portugal,Portugal,Parc aquatique,Parc écologique,"4,4", +351 915 361 527,https://parquebiologicoserralousa.pt/,parquebiologicoserradalousa@adfp.pt,,https://www.google.com/maps/place/Ecological+park+Serra+da+Lous%C3%A3/data=!4m7!3m6!1s0xd22f222d36cf0f9:0x86a1a74086ee8a9!8m2!3d40.0820999!4d-8.3330116!16s%2Fg%2F113k5n97v!19sChIJ-fBs0yLyIg0RqehuCHQaagg?authuser=0&hl=fr&rclk=1
Piscina do Parque Carlos Reis," R. Prof. António Batista Almeida 11, 3200-201 Lousã, Portugal",Lousã+Portugal,Portugal,Parc aquatique,Piscine extérieure,"4,3", +351 968 564 074,http://www.cm-lousa.pt/,geral@cm-lousa.pt,,https://www.google.com/maps/place/Piscina+do+Parque+Carlos+Reis/data=!4m7!3m6!1s0xd22ee961d673717:0x166c6eda54cda7be!8m2!3d40.1115109!4d-8.2427124!16s%2Fg%2F11c55rhlxz!19sChIJFzdnHZbuIg0RvqfNVNpubBY?authuser=0&hl=fr&rclk=1
Piscina Natural do Amiosinho," Largo Comissão de Melhoramentos de Amiosinho 3330, Portugal",Lousã+Portugal,Portugal,Parc aquatique,Parc aquatique,"5,0",,,,,https://www.google.com/maps/place/Piscina+Natural+do+Amiosinho/data=!4m7!3m6!1s0xd22c1584687d86f:0xa96874042453ac3c!8m2!3d40.0358137!4d-8.0967094!16s%2Fg%2F11hzcj1_h_!19sChIJb9iHRljBIg0RPKxTJAR0aKk?authuser=0&hl=fr&rclk=1
"Aznais - Mente, Corpo e Alma"," R. Gil Vicente nº6 r/c 3, 3200-243 Lousã, Portugal",Lousã+Portugal,Portugal,Thalassothérapie,Centre de bien-être,"4,9", +351 912 370 827,https://www.aznais.com/,,,"https://www.google.com/maps/place/Aznais+-+Mente,+Corpo+e+Alma/data=!4m7!3m6!1s0xd22f1f12d6f7c49:0x2383c936c39a6fac!8m2!3d40.1176088!4d-8.2411465!16s%2Fg%2F11fv3bnclq!19sChIJSXxvLfHxIg0RrG-awzbJgyM?authuser=0&hl=fr&rclk=1"
Clinica Das Massagens," Av. Dr. José Maria Cardoso 12, 3200-202 Lousã, Portugal",Lousã+Portugal,Portugal,Thalassothérapie,Centre de bien-être,"4,0", +351 913 447 093,https://m.facebook.com/Cl%C3%ADnica-das-Massagens-164954316926660/,,,https://www.google.com/maps/place/Clinica+Das+Massagens/data=!4m7!3m6!1s0xd22ee95bcd96b13:0xc0de24fa5718a21!8m2!3d40.113848!4d-8.2444646!16s%2Fg%2F11cm7n9t97!19sChIJE2vZvJXuIg0RIYpxpU_iDQw?authuser=0&hl=fr&rclk=1
9Arches," Largo da Capela, Venda Nova, 3350-213 Vila Nova de Poiares, Portugal",Pampilhosa da Serra+Portugal,Portugal,Hôtel avec spa,,"4,5", +351 933 545 474,https://www.9arelax.com/,9archesvn@gmail.com,,https://www.google.com/maps/place/9Arches/data=!4m10!3m9!1s0xd22e6828fd5a8c3:0x1f45130b854439a4!5m2!4m1!1i2!8m2!3d40.2289367!4d-8.2209897!16s%2Fg%2F11c5bx55pf!19sChIJw6jVj4LmIg0RpDlEhQsTRR8?authuser=0&hl=fr&rclk=1
Quinta da Palmeira," Rua Principal 36, 3305-050 Cerdeira, Portugal",Pampilhosa da Serra+Portugal,Portugal,Hôtel avec spa,,"4,2", +351 911 017 455,http://www.qportugal.com/,,,https://www.google.com/maps/place/Quinta+da+Palmeira/data=!4m10!3m9!1s0xd22d095232c379d:0xa91140792f675984!5m2!4m1!1i2!8m2!3d40.2590015!4d-7.9396351!16s%2Fg%2F1v7tmn8f!19sChIJnTcsI5XQIg0RhFlnL3lAEak?authuser=0&hl=fr&rclk=1
Fragas do Cabril Eco & Wellness Lodge," Rua do Cabril nº 2, 3200-310 Serpins, Portugal",Pampilhosa da Serra+Portugal,Portugal,Hôtel avec spa,,"4,9", +351 966 582 829,http://www.fragasdocabril.com/,,,https://www.google.com/maps/place/Fragas+do+Cabril+Eco+%26+Wellness+Lodge/data=!4m10!3m9!1s0xd22e90054f0622d:0x4ac1d7d1b099a726!5m2!4m1!1i2!8m2!3d40.1761519!4d-8.1789615!16s%2Fg%2F11x315std6!19sChIJLWLwVADpIg0RJqeZsNHXwUo?authuser=0&hl=fr&rclk=1
Hotel Santa Margarida," Torna, 6160-498, Portugal",Pampilhosa da Serra+Portugal,Portugal,Hôtel avec spa,,"4,5", +351 272 680 010,https://hotelsantamargarida.com/,,,https://www.google.com/maps/place/Hotel+Santa+Margarida/data=!4m10!3m9!1s0xd22b1aa0fffebd3:0xde4dd16d842aa1d5!5m2!4m1!1i2!8m2!3d39.9156754!4d-7.9108566!16s%2Fg%2F1hd_4yyvr!19sChIJ0-v_D6qxIg0R1aEqhG3RTd4?authuser=0&hl=fr&rclk=1
Hotel da Montanha," Rua Nossa Srª da Confiança Nº 1200, 6100-532, Portugal",Pampilhosa da Serra+Portugal,Portugal,Hôtel avec spa,,"4,2", +351 236 480 000,https://www.hoteldamontanha.com/,,,https://www.google.com/maps/place/Hotel+da+Montanha/data=!4m10!3m9!1s0xd22bd8884c1dfb1:0xb76c34cdd05695fb!5m2!4m1!1i2!8m2!3d39.9116866!4d-8.1297437!16s%2Fg%2F1vhlzgbk!19sChIJsd_BhIi9Ig0R-5VW0M00bLc?authuser=0&hl=fr&rclk=1
Villa Pampilhosa Hotel," Rua Arlindo de Almeida Esteves Lote 8E, 3320-232 Pampilhosa da Serra, Portugal",Pampilhosa da Serra+Portugal,Portugal,Centre thermal,,"4,5", +351 235 590 010,,,,https://www.google.com/maps/place/Villa+Pampilhosa+Hotel/data=!4m7!3m6!1s0xd22c81ae716e53f:0xa25758954316870e!8m2!3d40.0438439!4d-7.9465773!16s%2Fg%2F11g_f00_3!19sChIJP-UW5xrIIg0RDocWQ5VYV6I?authuser=0&hl=fr&rclk=1
Piscinas Municipais de Pampilhosa da Serra," Av. Bombeiros Voluntários, 3320-229 Pampilhosa da Serra, Portugal",Pampilhosa da Serra+Portugal,Portugal,Parc aquatique,Piscine,"4,4", +351 235 590 339,https://www.cm-pampilhosadaserra.pt/,municipio@cm-pampilhosadaserra.pt,,https://www.google.com/maps/place/Piscinas+Municipais+de+Pampilhosa+da+Serra/data=!4m7!3m6!1s0xd22c80f8ac3e807:0xb954d95b6c889cfe!8m2!3d40.0468666!4d-7.949772!16s%2Fg%2F1ptvt33_3!19sChIJB-jDig_IIg0R_pyIbFvZVLk?authuser=0&hl=fr&rclk=1
Greko Spa," R. Dr. Abel da Silva Lindo 12, 3050-429 Pampilhosa do Botão, Portugal",Pampilhosa da Serra+Portugal,Portugal,Spa / bien-être,Spa,"4,9", +351 910 929 109,,,,https://www.google.com/maps/place/Greko+Spa/data=!4m7!3m6!1s0xd2301b504167b31:0x6d9f74a780bc8667!8m2!3d40.3377459!4d-8.4293108!16s%2Fg%2F11ty709jdb!19sChIJMXsWBLUBIw0RZ4a8gKd0n20?authuser=0&hl=fr&rclk=1
Quinta da Telheira," Quinta da Telheira, 5000-391 Vila Real, Portugal",Sabrosa+Portugal,Portugal,Hôtel avec spa,,"4,7", +351 914 811 610,http://www.quintadatelheira.com/,geral@quintadatelheira.com,,https://www.google.com/maps/place/Quinta+da+Telheira/data=!4m10!3m9!1s0xd3b4c41a56ed521:0x8b4556b9c6b5f965!5m2!4m1!1i2!8m2!3d41.2415139!4d-7.7232917!16s%2Fg%2F1vhq4_n5!19sChIJIdVupUFMOw0RZfm1xrlWRYs?authuser=0&hl=fr&rclk=1
Quinta São José do Barrilário - Douro Wine Hotel & Spa," R. de São Joaninho, 5110-661 Vacalar, Portugal",Sabrosa+Portugal,Portugal,Hôtel avec spa,,"4,9", +351 254 103 328,https://barrilario.com/,,,https://www.google.com/maps/place/Quinta+S%C3%A3o+Jos%C3%A9+do+Barril%C3%A1rio+-+Douro+Wine+Hotel+%26+Spa/data=!4m10!3m9!1s0xd3b511b67fec2a5:0x68fda75b821d1ef6!5m2!4m1!1i2!8m2!3d41.1360176!4d-7.6956714!16s%2Fg%2F11vs3s8_gz!19sChIJpcL-ZxtROw0R9h4dglun_Wg?authuser=0&hl=fr&rclk=1
Hotel Vila Galé Collection Douro," Lugar dos Varais - Cambres, 5100-426 Lamego, Portugal",Sabrosa+Portugal,Portugal,Hôtel avec spa,,"4,4", +351 254 780 700,https://www.vilagale.com/pt-pt/hoteis-portugal/hoteis-porto-e-norte/vila-gale-collection-douro/,douro@vilagale.com,https://www.linkedin.com/company/vila-gale-s-a-,https://www.google.com/maps/place/Hotel+Vila+Gal%C3%A9+Collection+Douro/data=!4m10!3m9!1s0xd3b52cb5198b875:0xaa3acf89bf507489!5m2!4m1!1i2!8m2!3d41.1537256!4d-7.7849388!16s%2Fg%2F11bv5vjflr!19sChIJdbiYUctSOw0RiXRQv4nPOqo?authuser=0&hl=fr&rclk=1
"Borralha Hotel, Restaurante & Spa"," Tv. Moreira de Carvalho nº2, 5000-423 Vila Real, Portugal",Sabrosa+Portugal,Portugal,Hôtel avec spa,,"4,5", +351 259 375 158,https://borralhahotel.com/,,,"https://www.google.com/maps/place/Borralha+Hotel,+Restaurante+%26+Spa/data=!4m10!3m9!1s0xd3b4a5bccc64dcb:0x3f20e909e746d82a!5m2!4m1!1i2!8m2!3d41.3138032!4d-7.7348797!16s%2Fg%2F11dyzc69tk!19sChIJy03GzFtKOw0RKthG5wnpID8?authuser=0&hl=fr&rclk=1"
Casario do Vale Hospedagem & Eventos," R. Vale de Cales 205, 5030-064 Cumieira, Portugal",Sabrosa+Portugal,Portugal,Hôtel avec spa,,"4,8", +351 914 086 028,https://casariodovale.webnode.pt/,casariodovale@hotmail.com,,https://www.google.com/maps/place/Casario+do+Vale+Hospedagem+%26+Eventos/data=!4m10!3m9!1s0xd3b4ca658c40001:0x25e9ad0358660e2b!5m2!4m1!1i2!8m2!3d41.2556463!4d-7.7716591!16s%2Fg%2F11jyw1r8yq!19sChIJAQDEWKZMOw0RKw5mWAOt6SU?authuser=0&hl=fr&rclk=1
MW Douro Wine & Spa," R. Mal. Teixeira Rebelo, 5030-059, Portugal",Sabrosa+Portugal,Portugal,Hôtel avec spa,,"4,0", +351 259 104 910,https://www.hotelmwdouro.com/,reservas@mwdouro.com,,https://www.google.com/maps/place/MW+Douro+Wine+%26+Spa/data=!4m10!3m9!1s0xd3b4d6d375e8235:0xea23e877657b3bd1!5m2!4m1!1i2!8m2!3d41.2564682!4d-7.769241!16s%2Fg%2F11rmyw29dp!19sChIJNYJeN21NOw0R0Tt7ZXfoI-o?authuser=0&hl=fr&rclk=1
Tojeira," EM564 67, 5000-325, Portugal",Sabrosa+Portugal,Portugal,Hôtel avec spa,,"4,8",,http://www.tojeira.pt/,info@tojeira.pt,,https://www.google.com/maps/place/Tojeira/data=!4m10!3m9!1s0xd3b495d3b97f0d3:0xe25b1f928eeee326!5m2!4m1!1i2!8m2!3d41.2919314!4d-7.7810849!16s%2Fg%2F11qbkskv2r!19sChIJ0_CXO11JOw0RJuPujpIfW-I?authuser=0&hl=fr&rclk=1
Quinta Vale das Papas," Lugar de, 5085-010 Casal de Loivos, Portugal",Sabrosa+Portugal,Portugal,Hôtel avec spa,,"4,6", +351 936 370 132,http://valedaspapas.pt/,booking@valedaspapas.pt,,https://www.google.com/maps/place/Quinta+Vale+das+Papas/data=!4m10!3m9!1s0xd3b45b412f4e3eb:0xda705d8c5ec31577!5m2!4m1!1i2!8m2!3d41.1987787!4d-7.5275513!16s%2Fg%2F11j4wmq_gw!19sChIJ6-P0ErRFOw0RdxXDXoxdcNo?authuser=0&hl=fr&rclk=1
Quinta dos Românticos," Largo 27 de Maio 84, 5050-442 Canelas, Portugal",Sabrosa+Portugal,Portugal,Hôtel avec spa,,"4,4", +351 926 833 699,https://quintavaledesousa.pt/,reservas@valedesousa.pt,,https://www.google.com/maps/place/Quinta+dos+Rom%C3%A2nticos/data=!4m10!3m9!1s0xd3b53402371ca21:0x1532e801b3b5fe32!5m2!4m1!1i2!8m2!3d41.1650915!4d-7.7288468!16s%2Fg%2F11fsln51dk!19sChIJIcpxI0BTOw0RMv61swHoMhU?authuser=0&hl=fr&rclk=1
Piscinas Municipais de Sabrosa," R. Sebastián Elcano 48, 5060-335 Sabrosa, Portugal",Sabrosa+Portugal,Portugal,Centre thermal,Piscine municipale,"4,3", +351 259 937 120,,,,https://www.google.com/maps/place/Piscinas+Municipais+de+Sabrosa/data=!4m7!3m6!1s0xd3b45d154ad8943:0xaf581a485d4e5206!8m2!3d41.267206!4d-7.5742196!16s%2Fg%2F11c1nt8hzn!19sChIJQ4mtVNFFOw0RBlJOXUgaWK8?authuser=0&hl=fr&rclk=1
Casa dos Barros," R. Fernão de Magalhães 7, 5060-315 Sabrosa, Portugal",Sabrosa+Portugal,Portugal,Thalassothérapie,,"4,6", +351 938 057 444,https://casadosbarros.dourovinhateiro.com/,info@dourovinhateiro.com,,https://www.google.com/maps/place/Casa+dos+Barros/data=!4m10!3m9!1s0xd3b45bfffffffff:0xd67f8b7f7f10b486!5m2!4m1!1i2!8m2!3d41.2647546!4d-7.5753213!16s%2Fg%2F1tfbk0bc!19sChIJ_____79FOw0RhrQQf3-Lf9Y?authuser=0&hl=fr&rclk=1
Hotel Solar dos Canavarros," Av. dos Combatentes da Grande Guerra 2, 5060-303 Sabrosa, Portugal",Sabrosa+Portugal,Portugal,Thalassothérapie,,"3,6", +351 259 937 400,,,,https://www.google.com/maps/place/Hotel+Solar+dos+Canavarros/data=!4m10!3m9!1s0xd3b45d1246712b3:0x2aba4b1461256a9e!5m2!4m1!1i2!8m2!3d41.2665828!4d-7.5753003!16s%2Fg%2F1td2cmtk!19sChIJsxJnJNFFOw0RnmolYRRLuio?authuser=0&hl=fr&rclk=1
Hotel Rural Refúgio da Vila," Largo Dr. Miguel Bombarda 8, 7220-369 Portel, Portugal",Portel+Portugal,Portugal,Hôtel avec spa,,"4,0", +351 266 619 010,,,,https://www.google.com/maps/place/Hotel+Rural+Ref%C3%BAgio+da+Vila/data=!4m7!3m6!1s0xd10a9523c9d8e13:0xab313b929125099!8m2!3d38.3072469!4d-7.7023832!16s%2Fg%2F1xpwl0p8!19sChIJE46dPFKpEA0RmVASKbkTswo?authuser=0&hl=fr&rclk=1
Herdade do Rio Torto," estrada nacional 384, 7220-411 Portel, Portugal",Portel+Portugal,Portugal,Hôtel avec spa,,"4,7", +351 916 932 087,http://www.herdaderiotorto.com/?utm_source=google&utm_medium=wix_google_business_profile&utm_campaign=10322165571176830225,Geral@herdaderiotorto.com,,https://www.google.com/maps/place/Herdade+do+Rio+Torto/data=!4m10!3m9!1s0xd10ae4fbdcb291f:0xfeb058fd2d27abfb!5m2!4m1!1i2!8m2!3d38.2872772!4d-7.6419305!16s%2Fg%2F1td5sjmn!19sChIJHynLvU-uEA0R-6snLf1YsP4?authuser=0&hl=fr&rclk=1
O Chafariz," Largo do Chafariz 4, 7220-368 Portel, Portugal",Portel+Portugal,Portugal,Centre thermal,Restaurant,"3,9",,https://ochafariz.shop/,placejoys.com@gmail.com,https://www.linkedin.com/company/placejoys,https://www.google.com/maps/place/O+Chafariz/data=!4m7!3m6!1s0xd10a9520cd3c675:0x4789fa3338e69b9f!8m2!3d38.30613!4d-7.7023389!16s%2Fg%2F11bwysh5rs!19sChIJdcbTDFKpEA0Rn5vmODP6iUc?authuser=0&hl=fr&rclk=1
Pavilhão Temático A Bolota," 426, R. 1º de Maio 32, 7220-426 Portel, Portugal",Portel+Portugal,Portugal,Centre thermal,Musée,"4,6", +351 266 619 041,http://www.cm-portel.pt/,,,https://www.google.com/maps/place/Pavilh%C3%A3o+Tem%C3%A1tico+A+Bolota/data=!4m7!3m6!1s0xd10a94d485ad33f:0x13c2aa66cd5a07e2!8m2!3d38.3042261!4d-7.6977541!16s%2Fg%2F11b75n82rt!19sChIJP9NaSE2pEA0R4gdazWaqwhM?authuser=0&hl=fr&rclk=1
"Sportágua - Water Amusement Park, Lda."," Avenida Monsenhor Manuel Bastos, 2520-206 Peniche, Portugal",Portel+Portugal,Portugal,Parc aquatique,,"4,2", +351 262 789 125,http://www.sportagua.com/,,,"https://www.google.com/maps/place/Sport%C3%A1gua+-+Water+Amusement+Park,+Lda./data=!4m7!3m6!1s0xd1f4916d16ea2af:0x9f753d326d8c31f7!8m2!3d39.3542233!4d-9.3619154!16s%2Fg%2F1pp2twlxg!19sChIJr6Ju0RZJHw0R9zGMbTI9dZ8?authuser=0&hl=fr&rclk=1"
Camping de Lamas de Mouro," Lugar de Porto Ribeiro, Parque de Campismo de, 4960-170, Portugal",Melgaço+Portugal,Portugal,Parc aquatique,,"4,3", +351 251 466 041,https://www.facebook.com/campinglamasdemouro/,,,https://www.google.com/maps/place/Camping+de+Lamas+de+Mouro/data=!4m10!3m9!1s0xd256969682ba03b:0x9c999aaeb6164d67!5m2!4m1!1i2!8m2!3d42.0357514!4d-8.1961475!16s%2Fg%2F119vfrt5y!19sChIJO6AraGlpJQ0RZ00Wtq6amZw?authuser=0&hl=fr&rclk=1
Timeout Aventura - Parque Aventura," R. de Santa Luzia, 4990-725 Vilar do Monte, Portugal",Melgaço+Portugal,Portugal,Parc aquatique,Centre de sports d'aventure,"4,7", +351 919 580 287,http://www.timeoutaventura.com/,info@timeoutaventura.com,,https://www.google.com/maps/place/Timeout+Aventura+-+Parque+Aventura/data=!4m7!3m6!1s0xd25afb0ddb933f7:0x5e2e18ec23acbc33!8m2!3d41.8529205!4d-8.5582905!16s%2Fg%2F11df0qxjzw!19sChIJ9zO53bCvJQ0RM7ysI-wYLl4?authuser=0&hl=fr&rclk=1
Parc national de Peneda-Gerês, Portugal,Melgaço+Portugal, Portugal,Parc aquatique,Parc national,"4,8", +351 253 203 480,https://pnpgeres.pt/,,,https://www.google.com/maps/place/Parc+national+de+Peneda-Ger%C3%AAs/data=!4m7!3m6!1s0xd256917fd47c523:0x6d193b91beb28db6!8m2!3d41.7282173!4d-8.1626317!16zL20vMDNoN2xt!19sChIJI8VH_RdpJQ0Rto2yvpE7GW0?authuser=0&hl=fr&rclk=1
Aquapark Meis," G73V+5V, 36637 Penente, Pontevedra, Espagne",Melgaço+Portugal,Espagne,Parc aquatique,Parc aquatique,"3,0",,,,,https://www.google.com/maps/place/Aquapark+Meis/data=!4m7!3m6!1s0xd2f6d007ceb7c2b:0x9f11597b004b1627!8m2!3d42.5029832!4d-8.7053122!16s%2Fg%2F11nq8q7x97!19sChIJK3zrfABtLw0RJxZLAHtZEZ8?authuser=0&hl=fr&rclk=1
Piscina Municipal de Melgaço," Prado, Portugal",Melgaço+Portugal,Portugal,Parc aquatique,Piscine municipale,"4,4",,,,,https://www.google.com/maps/place/Piscina+Municipal+de+Melga%C3%A7o/data=!4m7!3m6!1s0xd25650ebbe41519:0xb9b0426b9828e8c!8m2!3d42.1211063!4d-8.2714967!16s%2Fg%2F11cllgz806!19sChIJGRXkuw5lJQ0RjI6CuSYEmws?authuser=0&hl=fr&rclk=1
Thermal spa of Peso," Parque do Peso, 4960-207, Portugal",Melgaço+Portugal,Portugal,Parc aquatique,Station thermale,"4,2", +351 251 404 404,http://www.termasdemelgaco.pt/,,,https://www.google.com/maps/place/Thermal+spa+of+Peso/data=!4m7!3m6!1s0xd256568dbc18b6d:0x6e1a77c2ec343b77!8m2!3d42.1062323!4d-8.282035!16s%2Fg%2F11bw_4xtx0!19sChIJbYvB22hlJQ0Rdzs07MJ3Gm4?authuser=0&hl=fr&rclk=1
Monterrei's Waterpark," complejo deportivo, Ourense, Espagne",Melgaço+Portugal,Espagne,Parc aquatique,Parc aquatique,"3,3", +34 645 80 91 75,https://complexodeportivomonterrei.es/,,,https://www.google.com/maps/place/Monterrei%27s+Waterpark/data=!4m7!3m6!1s0xd2fffc966ab52bd:0xe1b26a071931db0f!8m2!3d42.3190642!4d-7.8045966!16s%2Fg%2F11c1mz9dwf!19sChIJvVKrZsn_Lw0RD9sxGQdqsuE?authuser=0&hl=fr&rclk=1
Aquamuseu do Rio Minho," Vila Nova de Cerveira, Portugal",Melgaço+Portugal,Portugal,Parc aquatique,Musée,"4,4", +351 251 708 026,http://aquamuseu.cm-vncerveira.pt/,aquamuseu@cm-vncerveira.pt,,https://www.google.com/maps/place/Aquamuseu+do+Rio+Minho/data=!4m7!3m6!1s0xd2595d5e9d1cf33:0xfb6aeefaba0d2910!8m2!3d41.9379358!4d-8.7494544!16s%2Fg%2F120k19cl!19sChIJM8_R6dWVJQ0RECkNuvruavs?authuser=0&hl=fr&rclk=1
praia fluvial de Vilar Das Almas," EM539 252, Portugal",Melgaço+Portugal,Portugal,Parc aquatique,,"4,6",,,,,https://www.google.com/maps/place/praia+fluvial+de+Vilar+Das+Almas/data=!4m7!3m6!1s0xd25aba49609fdcb:0xfde3781fd142087c!8m2!3d41.6502452!4d-8.5436068!16s%2Fg%2F11dxrz1gc3!19sChIJy_0JlqSrJQ0RfAhC0R944_0?authuser=0&hl=fr&rclk=1
Presa do Monte," Lugar As Insuas, 1, 36418, 36418, Pontevedra, Espagne",Melgaço+Portugal,Espagne,Parc aquatique,Parc aquatique,"4,6",,,,,https://www.google.com/maps/place/Presa+do+Monte/data=!4m7!3m6!1s0xd258599765325e7:0x919fedb9e30e5cc7!8m2!3d42.142389!4d-8.595052!16s%2Fg%2F11h02ch146!19sChIJ5yVTdpmFJQ0Rx1wO47ntn5E?authuser=0&hl=fr&rclk=1
Monte Prado Hotel & SPA," Rua Monte, 4960-320 Prado Melgaco, Portugal",Melgaço+Portugal,Portugal,Thalassothérapie,,"4,2", +351 251 400 130,http://www.hotelmonteprado.pt/,reservas@hotelmonteprado.pt,,https://www.google.com/maps/place/Monte+Prado+Hotel+%26+SPA/data=!4m10!3m9!1s0xd25650e0ca38993:0x691bd0d1ec2ac662!5m2!4m1!1i2!8m2!3d42.1212084!4d-8.2742775!16s%2Fg%2F11c2k3wx3p!19sChIJk4mjDA5lJQ0RYsYq7NHQG2k?authuser=0&hl=fr&rclk=1
Hotel Vila d'Óbidos," Quinta Santo Antão Estrada Nossa Senhora da Luz, 2510-192 Óbidos, Portugal",Caldas da Rainha+Portugal,Portugal,Hôtel avec spa,,"4,1", +351 262 003 100,http://www.hotelviladobidos.pt/,geral@hotelviladobidos.pt,,https://www.google.com/maps/place/Hotel+Vila+d%27%C3%93bidos/data=!4m10!3m9!1s0xd18b482b2a3d3d1:0x6d11aa2f38dde264!5m2!4m1!1i2!8m2!3d39.3725871!4d-9.1566759!16s%2Fg%2F12hq09kt2!19sChIJ0dOjsoK0GA0RZOLdOC-qEW0?authuser=0&hl=fr&rclk=1
Alto da Garça - Prime Villas & Spa," R. Nobre 1, 2500-593 Caldas da Rainha, Portugal",Caldas da Rainha+Portugal,Portugal,Hôtel avec spa,,"4,7", +351 262 841 096,http://www.altodagarca.pt/,geral@bordalloapartments.pt,,https://www.google.com/maps/place/Alto+da+Gar%C3%A7a+-+Prime+Villas+%26+Spa/data=!4m10!3m9!1s0xd18b35d79c3ab91:0xb5536ab96a2afa0c!5m2!4m1!1i2!8m2!3d39.4237381!4d-9.1731531!16s%2Fg%2F11j43f0wcv!19sChIJkavDeV2zGA0RDPoqarlqU7U?authuser=0&hl=fr&rclk=1
Desjoyaux Piscinas Oeste," R. Dr. Artur Figueiroa Rego 104 Fração A, 2500-187 Caldas da Rainha, Portugal",Caldas da Rainha+Portugal,Portugal,Parc aquatique,Société de construction de piscine,"4,3", +351 919 331 824,http://piscinasdesjoyauxoeste.com/,,,https://www.google.com/maps/place/Desjoyaux+Piscinas+Oeste/data=!4m7!3m6!1s0xd18b3ae9e6b5d87:0xaa1be2aa334b2e12!8m2!3d39.4191455!4d-9.1314597!16s%2Fg%2F11gdthgzch!19sChIJh11rnq6zGA0REi5LM6riG6o?authuser=0&hl=fr&rclk=1
Spas & Comp.," R. Dr. Artur Figueiroa Rego 104 Fração A, 2500-187 Caldas da Rainha, Portugal",Caldas da Rainha+Portugal,Portugal,Parc aquatique,Magasin,"5,0", +351 910 105 953,http://www.spas-e-companhia.com/,,,https://www.google.com/maps/place/Spas+%26+Comp./data=!4m7!3m6!1s0xd18b35aa75e9065:0x3990a5ddfa67555!8m2!3d39.4194686!4d-9.1313953!16s%2Fg%2F11g0dv91mz!19sChIJZZBep1qzGA0RVXWm310KmQM?authuser=0&hl=fr&rclk=1
Hotel Cristal Caldas," R. Antonio Sergio 31, 2500-130 Caldas da Rainha, Portugal",Caldas da Rainha+Portugal,Portugal,Parc aquatique,,"3,7", +351 262 840 260,https://www.hoteiscristal.pt/en/cristal-caldas/,booking3@hoteiscristal.pt,,https://www.google.com/maps/place/Hotel+Cristal+Caldas/data=!4m10!3m9!1s0xd18b3afb0600743:0x2358e24508b2ed30!5m2!4m1!1i2!8m2!3d39.4082413!4d-9.1366816!16s%2Fg%2F1tdl7d4z!19sChIJQwdgsK-zGA0RMO2yCEXiWCM?authuser=0&hl=fr&rclk=1
Laserquest - Centro de Aventura," Rua Sítio do Marco 515, Pousos, 2420-283 Leiria, Portugal",Caldas da Rainha+Portugal,Portugal,Parc aquatique,Centre de laser game,"4,7", +351 917 555 199,https://www.laserquest.pt/,,,https://www.google.com/maps/place/Laserquest+-+Centro+de+Aventura/data=!4m7!3m6!1s0xd2273ff1bc66ef9:0xea2d3fbf50ade00b!8m2!3d39.7380941!4d-8.7420484!16s%2Fg%2F1thkszpn!19sChIJ-W7GG_9zIg0RC-CtUL8_Leo?authuser=0&hl=fr&rclk=1
Parque Dom Carlos I," R. de Camões 37, Caldas da Rainha, Portugal",Caldas da Rainha+Portugal,Portugal,Parc aquatique,Parc,"4,6", +351 262 240 000,,,,https://www.google.com/maps/place/Parque+Dom+Carlos+I/data=!4m7!3m6!1s0xd18b3a490a05dd3:0x717e1e6e113d0d3e!8m2!3d39.4018257!4d-9.1339436!16s%2Fg%2F1q5bn7qjr!19sChIJ012gkKSzGA0RPg09EW4efnE?authuser=0&hl=fr&rclk=1
Parque Aquático do Crato," R. 25 de Abril, 7430-174 Crato, Portugal",Caldas da Rainha+Portugal,Portugal,Parc aquatique,Parc aquatique,"4,4", +351 245 990 110,http://www.cm-crato.pt/,geral@cm-crato.pt,,https://www.google.com/maps/place/Parque+Aqu%C3%A1tico+do+Crato/data=!4m7!3m6!1s0xd178e5ee0dd86c9:0xd5bfbf1628a7b1bb!8m2!3d39.2932519!4d-7.6515712!16s%2Fg%2F11b8zj21mq!19sChIJyYbd4F6OFw0Ru7GnKBa_v9U?authuser=0&hl=fr&rclk=1
Herdade Da Retorta," Monte Da Retorta, Apartado 59, 7830-305 Serpa, Portugal",Serpa+Portugal,Portugal,Centre thermal,,"4,8", +351 284 544 774,,,,https://www.google.com/maps/place/Herdade+Da+Retorta/data=!4m10!3m9!1s0xd1090a383989147:0x2025918028fe436f!5m2!4m1!1i2!8m2!3d37.9703135!4d-7.6032225!16s%2Fg%2F1tdfdbsg!19sChIJR5GYg6OQEA0Rb0P-KICRJSA?authuser=0&hl=fr&rclk=1
Castle of Serpa," R. do Cano 2, 7830-412 Serpa, Portugal",Serpa+Portugal,Portugal,Centre thermal,Château,"4,5",,,,,https://www.google.com/maps/place/Castle+of+Serpa/data=!4m7!3m6!1s0xd1090627eeb5fe5:0x98ab9af107f969d6!8m2!3d37.9444873!4d-7.597635!16s%2Fg%2F1hhzgcw7k!19sChIJ5V_rfmKQEA0R1mn5B_Gaq5g?authuser=0&hl=fr&rclk=1
Melrinitas," Unnamed Rd, Portugal",Serpa+Portugal,Portugal,Centre thermal,,"4,9", +351 965 880 823,,,,https://www.google.com/maps/place/Melrinitas/data=!4m10!3m9!1s0xd109a936bdfb195:0x6dcf1042dca665d8!5m2!4m1!1i2!8m2!3d37.9277228!4d-7.6315104!16s%2Fg%2F11bw5x1ld1!19sChIJlbHfa5OaEA0R2GWm3EIQz20?authuser=0&hl=fr&rclk=1
Residencial Serpínia," R. Serpa Pinto 34, 7830-439 Serpa, Portugal",Serpa+Portugal,Portugal,Centre thermal,,"4,2", +351 969 315 506,,,,https://www.google.com/maps/place/Residencial+Serp%C3%ADnia/data=!4m10!3m9!1s0xd1090898ca9840d:0x614d75a8b7e75088!5m2!4m1!1i2!8m2!3d37.9471175!4d-7.5957998!16s%2Fg%2F1tkc3c68!19sChIJDYSpjImQEA0RiFDnt6h1TWE?authuser=0&hl=fr&rclk=1
Monte Da Morena Agro-Turismo," Monte Da Morena Apartado 189, 7830-909 Serpa, Portugal",Serpa+Portugal,Portugal,Centre thermal,,"4,8", +351 917 629 010,http://www.montemorena.com/,info@montemorena.com,,https://www.google.com/maps/place/Monte+Da+Morena+Agro-Turismo/data=!4m10!3m9!1s0xd109a85d426149d:0xcc058526054dae95!5m2!4m1!1i2!8m2!3d37.938034!4d-7.6197937!16s%2Fg%2F1tgwc4nw!19sChIJnRQm1IWaEA0Rla5NBSaFBcw?authuser=0&hl=fr&rclk=1
Serpa Hotel," R. do Parque de Campismo, 7830-303 Serpa, Portugal",Serpa+Portugal,Portugal,Centre thermal,,"4,6", +351 284 243 340,http://serpahotel.pt/,,,https://www.google.com/maps/place/Serpa+Hotel/data=!4m10!3m9!1s0xd109114f6303cbb:0xb25a93eaa6268be!5m2!4m1!1i2!8m2!3d37.9413795!4d-7.6046344!16s%2Fg%2F11s226b2nr!19sChIJuzww9hSREA0Rvmhiqj6pJQs?authuser=0&hl=fr&rclk=1
Aqueduct," R. do Arcos, 7830-425 Serpa, Portugal",Serpa+Portugal,Portugal,Centre thermal,Site historique,"4,7",,https://www.roteirodoalqueva.com/poi/aqueduto-de-serpa,,,https://www.google.com/maps/place/Aqueduct/data=!4m7!3m6!1s0xd109062b7cdc9c3:0x1ddb84911d15bb0b!8m2!3d37.9434857!4d-7.5997821!16s%2Fg%2F11hczx871k!19sChIJw8nNt2KQEA0RC7sVHZGE2x0?authuser=0&hl=fr&rclk=1
Chapel of St. Sebastian," Serpa, Portugal",Serpa+Portugal,Portugal,Centre thermal,Chapelle,"4,8",,,,,https://www.google.com/maps/place/Chapel+of+St.+Sebastian/data=!4m7!3m6!1s0xd109086f17fc9dd:0xc58986600fe7ae1!8m2!3d37.9479253!4d-7.6038053!16s%2Fg%2F11g8zymdbj!19sChIJ3cl_8YaQEA0R4Xr-AGaYWAw?authuser=0&hl=fr&rclk=1
Mourão Watersports," Praia Fluvial de Mourão, 7240-233 Mourão, Portugal",Serpa+Portugal,Portugal,Parc aquatique,Parc aquatique,"5,0", +351 965 672 335,https://praiasfluviais.pt/praia?id=praia-fluvial-de-mourao,,,https://www.google.com/maps/place/Mour%C3%A3o+Watersports/data=!4m7!3m6!1s0xd10cbe295687e7d:0x9a1b922a7a529dca!8m2!3d38.367361!4d-7.3562329!16s%2Fg%2F11v9c04jbg!19sChIJfX5oleLLEA0Ryp1SeiqSG5o?authuser=0&hl=fr&rclk=1
WaterSeason Experience," Av. da Liberdade 29, 7300-065 Portalegre, Portugal",Serpa+Portugal,Portugal,Parc aquatique,Parc aquatique,,,,,,https://www.google.com/maps/place/WaterSeason+Experience/data=!4m7!3m6!1s0xd17bdf1b081e309:0xc24fed59442f48e1!8m2!3d39.2975591!4d-7.4302531!16s%2Fg%2F11n4ssxxrm!19sChIJCeOBsPG9Fw0R4UgvRFntT8I?authuser=0&hl=fr&rclk=1
Hotel Santa Clara," R. do Matadouro 1, 7960-263 Vidigueira, Portugal",Vidigueira+Portugal,Portugal,Hôtel avec spa,,"4,3", +351 284 436 146,http://www.hotelsantaclaravidigueira.com/,,,https://www.google.com/maps/place/Hotel+Santa+Clara/data=!4m10!3m9!1s0xd1a0813685bcedb:0x2711e135b927b9c!5m2!4m1!1i2!8m2!3d38.2106666!4d-7.8050199!16s%2Fg%2F11b6dr8sgp!19sChIJ285baBMIGg0RnHuSWxMecQI?authuser=0&hl=fr&rclk=1
Quinta do Paral - The Wine Hotel," 7960-131 Vidigueira, Portugal",Vidigueira+Portugal,Portugal,Hôtel avec spa,,"4,9", +351 284 243 762,https://quintadoparal.com/wine-hotel/,loja@quintadoparal.com,https://www.linkedin.com/company/quinta-do-paral,https://www.google.com/maps/place/Quinta+do+Paral+-+The+Wine+Hotel/data=!4m10!3m9!1s0xd1a095df2b62e63:0x8639e2e41f70b0e5!5m2!4m1!1i2!8m2!3d38.1752732!4d-7.8319124!16s%2Fg%2F11gl1nhg01!19sChIJYy628l0JGg0R5bBwH-TiOYY?authuser=0&hl=fr&rclk=1
Herdade Do Sobroso Wine & Country House," Pedrogão, Portugal",Vidigueira+Portugal,Portugal,Hôtel avec spa,,"4,7", +351 961 732 958,http://www.herdadedosobroso.pt/,geral@herdadedosobroso.pt,,https://www.google.com/maps/place/Herdade+Do+Sobroso+Wine+%26+Country+House/data=!4m10!3m9!1s0xd10bb3e4597dd67:0xb1ecb89a54e1031f!5m2!4m1!1i2!8m2!3d38.1818452!4d-7.5927842!16s%2Fg%2F1tc_0s4f!19sChIJZ92XRT67EA0RHwPhVJq47LE?authuser=0&hl=fr&rclk=1
Termas de Prexigueiro," Lugar de Prexigueiro s/n, 32418 Ribadavia, Ourense, Espagne",Vidigueira+Portugal,Espagne,Centre thermal,Thermes,"4,4", +34 988 47 09 50,http://www.termasprexigueiro.com/,,,https://www.google.com/maps/place/Termas+de+Prexigueiro/data=!4m7!3m6!1s0xd25602f6f0b735d:0xb5a107b122f810fe!8m2!3d42.2534017!4d-8.1673174!16s%2Fg%2F1hjhbrx55!19sChIJXXMLby9gJQ0R_hD4IrEHobU?authuser=0&hl=fr&rclk=1
Municipal pools Da Vidigueira," N258 26, Vidigueira, Portugal",Vidigueira+Portugal,Portugal,Centre thermal,Piscine,"4,6", +351 284 089 866,http://cm-vidigueira.pt/,geral@cm-vidigueira.pt,,https://www.google.com/maps/place/Municipal+pools+Da+Vidigueira/data=!4m7!3m6!1s0xd1a0814b1e14659:0xf46876264bf8024d!8m2!3d38.2089932!4d-7.8067464!16s%2Fg%2F11c1mzjjqx!19sChIJWUbhsRQIGg0RTQL4SyZ2aPQ?authuser=0&hl=fr&rclk=1
Casa das Talhas," Bairro Industrial, 7960-305 Vidigueira, Portugal",Vidigueira+Portugal,Portugal,Centre thermal,Centre d'information,"4,1", +351 284 437 240,https://adegavidigueira.pt/casa-das-talhas/?doing_wp_cron=1653296534.2034890651702880859375,,,https://www.google.com/maps/place/Casa+das+Talhas/data=!4m7!3m6!1s0xd1a098bf8f1892d:0xbd28f9f20983b277!8m2!3d38.2069547!4d-7.7996487!16s%2Fg%2F11s1tvjz6f!19sChIJLYnx-IsJGg0Rd7KDCfL5KL0?authuser=0&hl=fr&rclk=1
Câmara Municipal de Vidigueira," Praça da República, 7960-225 Vidigueira, Portugal",Vidigueira+Portugal,Portugal,Centre thermal,Hôtel de ville,"3,7", +351 284 437 400,http://www.cm-vidigueira.pt/,geral@cm-vidigueira.pt,,https://www.google.com/maps/place/C%C3%A2mara+Municipal+de+Vidigueira/data=!4m7!3m6!1s0xd1a0816c81e3bbd:0x47ff5e62cec5c403!8m2!3d38.2095237!4d-7.7995793!16s%2Fg%2F1w97wn3n!19sChIJvTseyBYIGg0RA8TFzmJe_0c?authuser=0&hl=fr&rclk=1
"Curia Palace, Hotel Spa & Golf"," Av. Plátanos, 3780-541 Anadia, Portugal",Anadia+Portugal,Portugal,Hôtel avec spa,,"4,3", +351 231 510 300,https://www.almeidahotels.pt/en/hotel-curia-in-coimbra/?partner=8087utm_source=google&utm_medium=organic&utm_campaign=MyBusiness&utm,curia@almeidahotels.pt,,"https://www.google.com/maps/place/Curia+Palace,+Hotel+Spa+%26+Golf/data=!4m10!3m9!1s0xd23073c2f0c629f:0x24ee02203db53f4d!5m2!4m1!1i2!8m2!3d40.4242547!4d-8.4625061!16s%2Fg%2F12yygdvjd!19sChIJn2IMLzwHIw0RTT-1PSAC7iQ?authuser=0&hl=fr&rclk=1"
Hotel Termas da Curia," 3780-541 Tamengos, Portugal",Anadia+Portugal,Portugal,Hôtel avec spa,,"4,0", +351 231 519 800,http://www.termasdacuria.com/,reservas@termasdacuria.com,https://www.linkedin.com/company/hotel-termas-da-curia,https://www.google.com/maps/place/Hotel+Termas+da+Curia/data=!4m10!3m9!1s0xd23076ab82065d7:0x1b75fce75e534ee7!5m2!4m1!1i2!8m2!3d40.4265676!4d-8.4641151!16s%2Fg%2F1th836sf!19sChIJ12UguGoHIw0R505TXuf8dRs?authuser=0&hl=fr&rclk=1
Alegre Hotel Bussaco," Emidio Navarro nr2, R. Eng. Ernesto Navarro 3050, 3050-224 Luso, Portugal",Anadia+Portugal,Portugal,Hôtel avec spa,,"4,3", +351 231 930 256,http://www.alegrehotels.com/,webmaster@alegrehotels.com,,https://www.google.com/maps/place/Alegre+Hotel+Bussaco/data=!4m10!3m9!1s0xd2303c7ccbf4e09:0x7afcbb0575973f4b!5m2!4m1!1i2!8m2!3d40.382921!4d-8.37745!16s%2Fg%2F1tgwnzbc!19sChIJCU6_zMcDIw0RSz-XdQW7_Ho?authuser=0&hl=fr&rclk=1
Parque das histórias," R. das Sobreiras 4, 3780-203 Anadia, Portugal",Anadia+Portugal,Portugal,Parc aquatique,Parc,"4,4",,,,,https://www.google.com/maps/place/Parque+das+hist%C3%B3rias/data=!4m7!3m6!1s0xd2307ca31293487:0xa07f6bcabc0cb1ed!8m2!3d40.4355155!4d-8.4393135!16s%2Fg%2F11pghtyg81!19sChIJhzQpMcoHIw0R7bEMvMprf6A?authuser=0&hl=fr&rclk=1
Anadiasplash," Calçada Monte Crasto 41, 3780-202 Anadia, Portugal",Anadia+Portugal,Portugal,Parc aquatique,Piscine extérieure,"4,2",,,,,https://www.google.com/maps/place/Anadiasplash/data=!4m7!3m6!1s0xd23070006ce8577:0xd3e064cb5c35e2a4!8m2!3d40.4446816!4d-8.4386889!16s%2Fg%2F11xndqrg_q!19sChIJd4XOBgAHIw0RpOI1XMtk4NM?authuser=0&hl=fr&rclk=1
Vale Santo," Av. José Luciano de Castro, 3780-202 Anadia, Portugal",Anadia+Portugal,Portugal,Parc aquatique,Parc,"4,3",,,,,https://www.google.com/maps/place/Vale+Santo/data=!4m7!3m6!1s0xd2306fe66b6914b:0xe4044eee556e5c11!8m2!3d40.444228!4d-8.437983!16s%2Fg%2F11h1my93s!19sChIJS5G2Zv4GIw0REVxuVe5OBOQ?authuser=0&hl=fr&rclk=1
Parque Urbano de Anadia," Av. das Laranjeiras A, 3780-202 Anadia, Portugal",Anadia+Portugal,Portugal,Parc aquatique,Parc,"4,6", +351 969 922 847,,,,https://www.google.com/maps/place/Parque+Urbano+de+Anadia/data=!4m7!3m6!1s0xd2307b576e78fdb:0x1d15c6f3dbbacd24!8m2!3d40.447066!4d-8.4366278!16s%2Fg%2F11n7k7q_ky!19sChIJ24_ndrUHIw0RJM262_PGFR0?authuser=0&hl=fr&rclk=1
Hair Spa," Av. Engenheiro Tavares da Silva, 3780-000 Anadia, Portugal",Anadia+Portugal,Portugal,Thalassothérapie,Institut de beauté,"5,0",,,,,https://www.google.com/maps/place/Hair+Spa/data=!4m7!3m6!1s0xd23079ec76994ad:0xf36b62d1f9b2f7b6!8m2!3d40.4390928!4d-8.4367484!16s%2Fg%2F11s53w1kq0!19sChIJrZRpx54HIw0Rtvey-dFia_M?authuser=0&hl=fr&rclk=1
Tais SPA," Av. 25 de Abril 49 Fra/c - R/CH, 3780-205 Anadia, Portugal",Anadia+Portugal,Portugal,Thalassothérapie,Institut de massages,"5,0", +351 936 638 652,https://www.instagram.com/taisnascimento_massoterapeuta?igsh=OHdia3p3aXZ0NWZy,,,https://www.google.com/maps/place/Tais+SPA/data=!4m7!3m6!1s0xd23075c504851b5:0xe541e3ebc3853835!8m2!3d40.4387551!4d-8.4470672!16s%2Fg%2F11x8fh1md9!19sChIJtVFIUFwHIw0RNTiFw-vjQeU?authuser=0&hl=fr&rclk=1
Ceylon Ayurvedic Spa (Spa Ayurvédico do Ceilão)," Edifício Marialva, R. Padre Américo 1-E, 3780-236 Anadia, Portugal",Anadia+Portugal,Portugal,Thalassothérapie,Institut de spa et bien-être,"5,0", +351 927 030 887,https://ceylonspa.pt/,,,https://www.google.com/maps/place/Ceylon+Ayurvedic+Spa+%28Spa+Ayurv%C3%A9dico+do+Ceil%C3%A3o%29/data=!4m7!3m6!1s0xd2307a25ba3c05b:0x86a2a8d4782fb9dd!8m2!3d40.4431934!4d-8.4361157!16s%2Fg%2F11lynf91d1!19sChIJW8CjW6IHIw0R3bkveNSoooY?authuser=0&hl=fr&rclk=1
Hotel Cabecinho Anadia," Av. Engenheiro Tavares da Silva, 3780-202 Anadia, Portugal",Anadia+Portugal,Portugal,Thalassothérapie,,"4,0", +351 231 510 940,http://www.hotel-cabecinho.com/,reservas@hotel-cabecinho.com,,https://www.google.com/maps/place/Hotel+Cabecinho+Anadia/data=!4m10!3m9!1s0xd2306e283a9e3ed:0x170fb28da7521553!5m2!4m1!1i2!8m2!3d40.4366228!4d-8.4395681!16s%2Fg%2F1th5dvkr!19sChIJ7eOpg-IGIw0RUxVSp42yDxc?authuser=0&hl=fr&rclk=1
Camping de Calheta Sao Jorge," Ponta Vicente Dias, Fajã Grande, 9850-079, Portugal",Calheta de São Jorge+Portugal,Portugal,Centre thermal,Terrain de camping,"4,7", +351 913 736 767,,,,https://www.google.com/maps/place/Camping+de+Calheta+Sao+Jorge/data=!4m7!3m6!1s0xb47b158eb7ec35b:0x7d0a7c6bed976eb7!8m2!3d38.6069831!4d-28.0338631!16s%2Fg%2F11h54kpv25!19sChIJW8N-61ixRwsRt26X7Wt8Cn0?authuser=0&hl=fr&rclk=1
Centro de Saúde da Calheta," Relvinha, Portugal",Calheta de São Jorge+Portugal,Portugal,Centre thermal,Hôpital,"3,9", +351 295 460 120,,,,https://www.google.com/maps/place/Centro+de+Sa%C3%BAde+da+Calheta/data=!4m7!3m6!1s0xb47b3d747dba557:0xe8de6e021209afd3!8m2!3d38.6054788!4d-28.0135169!16s%2Fg%2F11c5_64dhl!19sChIJV6XbR9ezRwsR068JEgJu3ug?authuser=0&hl=fr&rclk=1
Termas de S. Jorge," Praça de S. Jorge, 4505-679 Caldas de São Jorge, Portugal",Calheta de São Jorge+Portugal,Portugal,Centre thermal,Station thermale,"4,4", +351 256 910 360,http://www.termas-sjorge.com/,,,https://www.google.com/maps/place/Termas+de+S.+Jorge/data=!4m7!3m6!1s0xd247ff60abb0307:0x264d404162a34718!8m2!3d40.968571!4d-8.5005249!16s%2Fg%2F1225km8z!19sChIJBwO7CvZ_JA0RGEejYkFATSY?authuser=0&hl=fr&rclk=1
Abrigo da Cascata," Fajã dos Bodes, Sao jorge, Portugal",Calheta de São Jorge+Portugal,Portugal,Centre thermal,,"4,8", +351 936 250 231,http://www.abrigodacascata.com/,,,https://www.google.com/maps/place/Abrigo+da+Cascata/data=!4m10!3m9!1s0xb47b3ddcaa0e7db:0x22a729d5e10f387c!5m2!4m1!1i2!8m2!3d38.5724772!4d-27.9140258!16s%2Fg%2F11g_rm750h!19sChIJ2-egyt2zRwsRfDgP4dUppyI?authuser=0&hl=fr&rclk=1
Sete Fontes Forest Park," Unnamed Road, Portugal",Calheta de São Jorge+Portugal,Portugal,Parc aquatique,Parc,"4,7",,,,,https://www.google.com/maps/place/Sete+Fontes+Forest+Park/data=!4m7!3m6!1s0xb47c23024526203:0x536756d9c5c3a1e6!8m2!3d38.7355165!4d-28.2623583!16s%2Fg%2F123852qn!19sChIJA2JSJDDCRwsR5qHDxdlWZ1M?authuser=0&hl=fr&rclk=1
Piscina Natural da Pontinha do Topo," Pontinha, do, 9875 Topo, Portugal",Calheta de São Jorge+Portugal,Portugal,Parc aquatique,Piscine extérieure,"4,6",,,,,https://www.google.com/maps/place/Piscina+Natural+da+Pontinha+do+Topo/data=!4m7!3m6!1s0xb46511ed27247d7:0x39c3fb85a88758b9!8m2!3d38.5477682!4d-27.7532033!16s%2Fg%2F11j8vfqppy!19sChIJ10dy0h5RRgsRuViHqIX7wzk?authuser=0&hl=fr&rclk=1
"Piscina Natural ""Simão Dias"""," Faja Ouvidor Fajã Do Ouvidor, Ilha De São Jorge, 9800, Norte Grande, Portugal",Calheta de São Jorge+Portugal,Portugal,Parc aquatique,Piscine extérieure,"4,8",,,,,https://www.google.com/maps/place/Piscina+Natural+%22Sim%C3%A3o+Dias%22/data=!4m7!3m6!1s0xb47b6461b0f7371:0x69fe70d6defa1bc9!8m2!3d38.6792878!4d-28.0533458!16s%2Fg%2F11fx_1616p!19sChIJcXMPG0a2RwsRyRv63tZw_mk?authuser=0&hl=fr&rclk=1
Terapias Relaxantes," Av. D. Manuel I, 9370-133 Calheta, Portugal",Calheta de São Jorge+Portugal,Portugal,Thalassothérapie,Massothérapeute,"4,9", +351 963 316 667,http://www.terapiasrelaxantes.com/,,,https://www.google.com/maps/place/Terapias+Relaxantes/data=!4m7!3m6!1s0xc605172184922ff:0x764fffb4fffbde4d!8m2!3d32.7205738!4d-17.1773928!16s%2Fg%2F11c30tj3g0!19sChIJ_yJJGHJRYAwRTd77_7T_T3Y?authuser=0&hl=fr&rclk=1
Calheta Beach," Av. D. Manuel I 3, 9370-133 Estreito da Calheta, Portugal",Calheta de São Jorge+Portugal,Portugal,Thalassothérapie,,"4,4", +351 291 820 300,https://www.savoysignature.com/calhetabeachhotel/en/?utm_source=google&utm_medium=googlemybusiness&utm_campaign=calheta,,,https://www.google.com/maps/place/Calheta+Beach/data=!4m10!3m9!1s0xb47b17d90000001:0xd3e456552a43ea18!5m2!4m1!1i2!8m2!3d32.719136!4d-17.1734222!16s%2Fg%2F1trc6658!19sChIJAQAAkH2xRwsRGOpDKlVW5NM?authuser=0&hl=fr&rclk=1
Saccharum," Rua da Serra D'Água, nº1, 9370-087 Arco da Calheta, Madeira, Portugal",Calheta de São Jorge+Portugal,Portugal,Thalassothérapie,,"4,6", +351 291 820 800,https://www.savoysignature.com/saccharumhotel/en/?utm_source=google&utm_medium=googlemybusiness&utm_campaign=saccharum,,,https://www.google.com/maps/place/Saccharum/data=!4m10!3m9!1s0xc605113a38ba5c5:0xdf042bd8a5479226!5m2!4m1!1i2!8m2!3d32.7167807!4d-17.1684636!16s%2Fg%2F11ckqt0hz5!19sChIJxaWLoxNRYAwRJpJHpdgrBN8?authuser=0&hl=fr&rclk=1
Hotel Segredos de Vale Manso," Rua de Vale Manso, 2200-601 Aldeia do Mato, Portugal",Vila Nova da Barquinha+Portugal,Portugal,Hôtel avec spa,,"4,3", +351 917 147 964,,,,https://www.google.com/maps/place/Hotel+Segredos+de+Vale+Manso/data=!4m10!3m9!1s0xd187749bfbcfa55:0x2cc1a52b401d9cb1!5m2!4m1!1i2!8m2!3d39.5457149!4d-8.2925212!16s%2Fg%2F1td7vf_t!19sChIJVfq8v0l3GA0RsZwdQCulwSw?authuser=0&hl=fr&rclk=1
Hotel Lusitano," R. Gil Vicente 4, 2150-193 Golegã, Portugal",Vila Nova da Barquinha+Portugal,Portugal,Hôtel avec spa,,"4,7", +351 249 979 170,http://www.hotellusitano.com/,info@hotellusitano.com,,https://www.google.com/maps/place/Hotel+Lusitano/data=!4m10!3m9!1s0xd188a734eb2a57f:0x875ba71c7dcb35b8!5m2!4m1!1i2!8m2!3d39.402693!4d-8.4881576!16s%2Fg%2F1v832cg8!19sChIJf6WyTnOKGA0RuDXLfRynW4c?authuser=0&hl=fr&rclk=1
Centro de Saúde Vila Nova da Barquinha," R. de Dissay 14, 2260-400 Vila Nova da Barquinha, Portugal",Vila Nova da Barquinha+Portugal,Portugal,Centre thermal,Clinique,"2,5", +351 249 720 900,https://www.centrosaude.pt/santarem/centro-de-saude-vila-nova-da-barquinha-usf-barquinha,,,https://www.google.com/maps/place/Centro+de+Sa%C3%BAde+Vila+Nova+da+Barquinha/data=!4m7!3m6!1s0xd1863adad314799:0xc1e593d37f4c0dc0!8m2!3d39.4607198!4d-8.4367404!16s%2Fg%2F11c0_k0k3z!19sChIJmUcxra1jGA0RwA1Mf9OT5cE?authuser=0&hl=fr&rclk=1
Centro Cultural de Vila Nova da Barquinha," 2260-432 Vila Nova da Barquinha, Portugal",Vila Nova da Barquinha+Portugal,Portugal,Centre thermal,Centre culturel,"4,5",,,,,https://www.google.com/maps/place/Centro+Cultural+de+Vila+Nova+da+Barquinha/data=!4m7!3m6!1s0xd186312fb46e62d:0xe31b3da27874d587!8m2!3d39.4578044!4d-8.4325179!16s%2Fg%2F11fgm6_sps!19sChIJLeZG-xJjGA0Rh9V0eKI9G-M?authuser=0&hl=fr&rclk=1
Barquinha Nature House," Largo do Primeiro de Dezembro 4, 2260-403 Vila Nova da Barquinha, Portugal",Vila Nova da Barquinha+Portugal,Portugal,Centre thermal,,"4,5", +351 918 735 242,http://www.naturehouse.pt/,info@riverhouse.pt,,https://www.google.com/maps/place/Barquinha+Nature+House/data=!4m10!3m9!1s0xd1863b1c9d20927:0x8335019b8326610f!5m2!4m1!1i2!8m2!3d39.4581603!4d-8.4326151!16s%2Fg%2F11btsvhl_6!19sChIJJwnSybFjGA0RD2Emg5sBNYM?authuser=0&hl=fr&rclk=1
Barquinha Riverhouse," Largo do Primeiro de Dezembro 9, 2260-403 Vila Nova da Barquinha, Portugal",Vila Nova da Barquinha+Portugal,Portugal,Centre thermal,,"4,5", +351 918 735 242,https://barquinhariverhouse.alfirdaousgroup.com/,,,https://www.google.com/maps/place/Barquinha+Riverhouse/data=!4m10!3m9!1s0xd1863b1c7f963d1:0xfb4b363b21a10159!5m2!4m1!1i2!8m2!3d39.4582155!4d-8.4328447!16s%2Fg%2F11byl71wxr!19sChIJ0WP5x7FjGA0RWQGhITs2S_s?authuser=0&hl=fr&rclk=1
Parque de Escultura Contemporânea Almourol," Praça da República 1, 2260-411 Vila Nova da Barquinha, Portugal",Vila Nova da Barquinha+Portugal,Portugal,Centre thermal,Parc,"4,5",,https://visitbarquinha.pt/o-que-fazer/parque-de-escultura-contemporanea-almourol/,,,https://www.google.com/maps/place/Parque+de+Escultura+Contempor%C3%A2nea+Almourol/data=!4m7!3m6!1s0xd1863b0608fea1d:0xc4e5f10f88113612!8m2!3d39.4571115!4d-8.431867!16s%2Fg%2F11g8_4sv__!19sChIJHeqPYLBjGA0REjYRiA_x5cQ?authuser=0&hl=fr&rclk=1
Centro de Interpretação Templário de Almourol (CITA)," Largo do Primeiro de Dezembro, 2260-403 Vila Nova da Barquinha, Portugal",Vila Nova da Barquinha+Portugal,Portugal,Centre thermal,Musée d'histoire,"4,5", +351 249 720 353,https://visitbarquinha.pt/,,,https://www.google.com/maps/place/Centro+de+Interpreta%C3%A7%C3%A3o+Templ%C3%A1rio+de+Almourol+%28CITA%29/data=!4m7!3m6!1s0xd186302d6f6b281:0xbc85badf4e7ad0b8!8m2!3d39.4578172!4d-8.4324752!16s%2Fg%2F11svghl3tr!19sChIJgbL21gJjGA0RuNB6Tt-6hbw?authuser=0&hl=fr&rclk=1
Parque de pernoita de Autocaravanas," Largo do Primeiro de Dezembro 15a, 2260-432 Vila Nova da Barquinha, Portugal",Vila Nova da Barquinha+Portugal,Portugal,Parc aquatique,Aire de stationnement pour mobile homes,"4,2",,,,,https://www.google.com/maps/place/Parque+de+pernoita+de+Autocaravanas/data=!4m7!3m6!1s0xd186300545802e1:0x8ee46279222d1c21!8m2!3d39.4562389!4d-8.4338619!16s%2Fg%2F11lcf4rqbw!19sChIJ4QJYVABjGA0RIRwtInli5I4?authuser=0&hl=fr&rclk=1
Parque de Lazer do Castelinho," Vila Nova de Cerveira, 4920-290 Vila Nova de Cerveira, Portugal",Vila Nova da Barquinha+Portugal,Portugal,Parc aquatique,Parc,"4,6", +351 251 708 020,http://aquamuseu.cm-vncerveira.pt/pages/481,aquamuseu@cm-vncerveira.pt,,https://www.google.com/maps/place/Parque+de+Lazer+do+Castelinho/data=!4m7!3m6!1s0xd2595d5932cd46f:0xf4a204f13d536338!8m2!3d41.9390554!4d-8.748372!16s%2Fg%2F119x1yzc9!19sChIJb9Qsk9WVJQ0ROGNTPfEEovQ?authuser=0&hl=fr&rclk=1
Câmara Municipal de Vila Nova da Barquinha," Praça da República 7, 2260-432 Vila Nova da Barquinha, Portugal",Vila Nova da Barquinha+Portugal,Portugal,Parc aquatique,Hôtel de ville,"4,2", +351 249 720 350,http://www.cm-vnbarquinha.pt/,,,https://www.google.com/maps/place/C%C3%A2mara+Municipal+de+Vila+Nova+da+Barquinha/data=!4m7!3m6!1s0xd1863b1d40913c5:0x45be232358dea7eb!8m2!3d39.4581336!4d-8.4310722!16s%2Fg%2F1hg4rp_ql!19sChIJxRMJ1LFjGA0R66feWCMjvkU?authuser=0&hl=fr&rclk=1
Vila Nova da Barquinha Municipal pools," R. do Poço Novo 8, 2260-572 Moita do Norte, Portugal",Vila Nova da Barquinha+Portugal,Portugal,Parc aquatique,Salle de gym,"4,4", +351 249 719 067,,,,https://www.google.com/maps/place/Vila+Nova+da+Barquinha+Municipal+pools/data=!4m7!3m6!1s0xd1863003fe40703:0xdd7e91af41590ea3!8m2!3d39.4705579!4d-8.4392793!16s%2Fg%2F11cnw8q2gt!19sChIJAwfkPwBjGA0Row5ZQa-Rft0?authuser=0&hl=fr&rclk=1
Nobre Dharma Spa," R. de Dissay, 2260-400 Vila Nova da Barquinha, Portugal",Vila Nova da Barquinha+Portugal,Portugal,Thalassothérapie,Institut de beauté,"5,0",,,,,https://www.google.com/maps/place/Nobre+Dharma+Spa/data=!4m7!3m6!1s0xd1863deee89c697:0x2add3b248b0dea31!8m2!3d39.4617472!4d-8.4388639!16s%2Fg%2F11vlnhqx_9!19sChIJl8aJ7t5jGA0RMeoNiyQ73So?authuser=0&hl=fr&rclk=1
Casas das Piçarras - Alentejo," R. 25 de Abril 10, Piçarras, 7080-342 Vendas Novas, Portugal",Coruche+Portugal,Portugal,Hôtel avec spa,,"5,0",,http://www.casasdaspicarras.com/,ncasasdaspicarras@gmail.com,,https://www.google.com/maps/place/Casas+das+Pi%C3%A7arras+-+Alentejo/data=!4m10!3m9!1s0xd19739115c7039d:0xdf2f89a5db8feb91!5m2!4m1!1i2!8m2!3d38.6532929!4d-8.5813119!16s%2Fg%2F11l39znvbt!19sChIJnQPHFZFzGQ0RkeuP26WJL98?authuser=0&hl=fr&rclk=1
Sorraia Hotel Rural," Herdade Do, Monte Novo, 2100-376 Couço, Portugal",Coruche+Portugal,Portugal,Hôtel avec spa,,"4,5", +351 243 249 969,http://www.sorraiahotel.com/,,,https://www.google.com/maps/place/Sorraia+Hotel+Rural/data=!4m10!3m9!1s0xd19b29811080fd7:0xb3fec05a1b055c4e!5m2!4m1!1i2!8m2!3d38.9988535!4d-8.2857967!16s%2Fg%2F11bbrjcg9b!19sChIJ1w8IEZiyGQ0RTlwFG1rA_rM?authuser=0&hl=fr&rclk=1
Sleep & Nature Hotel," Monte do Vagar, 7050-463 Lavre, Portugal",Coruche+Portugal,Portugal,Hôtel avec spa,,"4,6", +351 266 009 970,https://www.sleepandnature.pt/,res@sleepandnature.com,,https://www.google.com/maps/place/Sleep+%26+Nature+Hotel/data=!4m10!3m9!1s0xd19a3cc47bf3de1:0x49263d06eb13e420!5m2!4m1!1i2!8m2!3d38.7533321!4d-8.3628046!16s%2Fg%2F11h_15sq50!19sChIJ4T2_R8yjGQ0RIOQT6wY9Jkk?authuser=0&hl=fr&rclk=1
Salvaterra Country House & Spa," N114-3 839, 2120-194 Foros de Salvaterra, Portugal",Coruche+Portugal,Portugal,Hôtel avec spa,,"4,8", +351 915 355 566,http://www.salvaterracountryhouse.com/,info@salvaterracountryhouse.com,,https://www.google.com/maps/place/Salvaterra+Country+House+%26+Spa/data=!4m10!3m9!1s0xd18e3c96abba551:0x6b8b657e4bf8f93b!5m2!4m1!1i2!8m2!3d38.9970208!4d-8.7321352!16s%2Fg%2F11fszzm4pt!19sChIJUaW7asnjGA0RO_n4S35li2s?authuser=0&hl=fr&rclk=1
Museu Municipal de Coruche," R. Julio Maria de Sousa 14, 2100-167 Coruche, Portugal",Coruche+Portugal,Portugal,Centre thermal,Musée,"4,4", +351 243 610 820,http://www.museu-coruche.org/,,,https://www.google.com/maps/place/Museu+Municipal+de+Coruche/data=!4m7!3m6!1s0xd1900fd4a249ad5:0x35d0578c053e0dde!8m2!3d38.9572821!4d-8.5268979!16s%2Fg%2F121c09f1!19sChIJ1ZokSv0AGQ0R3g0-BYxX0DU?authuser=0&hl=fr&rclk=1
Cork Oak and Cork Observatory," Coruche, Portugal",Coruche+Portugal,Portugal,Centre thermal,Musée,"4,5", +351 243 611 210,http://www.cm-coruche.pt/portal-do-investidor/observatorio-do-sobreiro-e-da-cortica,,,https://www.google.com/maps/place/Cork+Oak+and+Cork+Observatory/data=!4m7!3m6!1s0xd1900a9e90890dd:0x1cb51be769f3e01d!8m2!3d38.9361972!4d-8.4861779!16s%2Fm%2F011qczys!19sChIJ3ZAI6akAGQ0RHeDzaecbtRw?authuser=0&hl=fr&rclk=1
Church of Our Lady of the Castle," Igreja de Nossa Senhora do Castelo,, Coruche, Portugal",Coruche+Portugal,Portugal,Centre thermal,Église catholique,"4,6",,,,,https://www.google.com/maps/place/Church+of+Our+Lady+of+the+Castle/data=!4m7!3m6!1s0xd1900fd7e350249:0xbb88ed50e6d19906!8m2!3d38.9590151!4d-8.5280648!16s%2Fg%2F121r6ydn!19sChIJSQI1fv0AGQ0RBpnR5lDtiLs?authuser=0&hl=fr&rclk=1
Aventura Radical," Beco do Açude, Coruche, Portugal",Coruche+Portugal,Portugal,Parc aquatique,Attraction touristique,"4,3", +351 936 425 366,,,,https://www.google.com/maps/place/Aventura+Radical/data=!4m7!3m6!1s0xd1900fc503f9593:0xb2c0183e0c1ebb0b!8m2!3d38.8582809!4d-8.4506823!16s%2Fg%2F11cjkpxz62!19sChIJk5U_UPwAGQ0RC7seDD4YwLI?authuser=0&hl=fr&rclk=1
Municipal pools Coruche," Rua Capitão Salgueiro Maia - Santo Antonino, 2100-142 Coruche, Portugal",Coruche+Portugal,Portugal,Parc aquatique,Piscine municipale,"4,4", +351 243 610 591,http://www.cm-coruche.pt/atividade-municipal/desporto/piscinasmunicipais,,,https://www.google.com/maps/place/Municipal+pools+Coruche/data=!4m7!3m6!1s0xd190103eeb33c71:0x22aa6e708fb6d3c5!8m2!3d38.960741!4d-8.5326162!16s%2Fg%2F11clr_j476!19sChIJcTyz7gMBGQ0RxdO2j3BuqiI?authuser=0&hl=fr&rclk=1
Municipal Aquatic Complex Santarém," R. Prof. Américo Marinho 2, 2005-444 Santarém, Portugal",Coruche+Portugal,Portugal,Parc aquatique,Centre aquatique,"4,1", +351 243 300 900,http://viversantarem.pt/,geral@viversantarem.pt,,https://www.google.com/maps/place/Municipal+Aquatic+Complex+Santar%C3%A9m/data=!4m7!3m6!1s0xd18edea2077fbc7:0x1d1909d63d34ab0!8m2!3d39.2603755!4d-8.6809205!16s%2Fg%2F11cmhxq77j!19sChIJx_t3IOrtGA0RsErTY52Q0QE?authuser=0&hl=fr&rclk=1
AP Lago Montargil Conference & SPA," Estrada Nacional 2 Km 459, 7425-144 Montargil, Portugal",Mora+Portugal,Portugal,Hôtel avec spa,,"4,5", +351 242 241 250,https://ap-hotelsresorts.com/montargil/,,,https://www.google.com/maps/place/AP+Lago+Montargil+Conference+%26+SPA/data=!4m10!3m9!1s0xd184af7bbe23231:0x443fa02dd163d4ef!5m2!4m1!1i2!8m2!3d39.0738795!4d-8.1665986!16s%2Fg%2F11bbv1705x!19sChIJMTLiu_dKGA0R79Rj0S2gP0Q?authuser=0&hl=fr&rclk=1
Monte Velho Equo-Resort," Herdade do Monte Velho, Arraiolos, 7040-130 Arraiolos, Portugal",Mora+Portugal,Portugal,Hôtel avec spa,,"4,7", +351 912 371 837,https://www.montevelho.pt/,reservas@montevelho.pt,,https://www.google.com/maps/place/Monte+Velho+Equo-Resort/data=!4m10!3m9!1s0xd19c3ea9179b371:0xf75891d20003e137!5m2!4m1!1i2!8m2!3d38.7753715!4d-8.0261402!16s%2Fg%2F1pp2t_fr9!19sChIJcbN5kerDGQ0RN-EDANKRWPc?authuser=0&hl=fr&rclk=1
Termas de Chaves / Complexo Termal Aquae Salutem," Largo Tito Flávio Vespasiano 1, 5400-534 Chaves, Portugal",Mora+Portugal,Portugal,Centre thermal,Thermes,"4,2", +351 276 332 445,http://www.termasdechaves.com/,,,https://www.google.com/maps/place/Termas+de+Chaves+%2F+Complexo+Termal+Aquae+Salutem/data=!4m7!3m6!1s0xd3adff5e6b6a4cb:0x8fb0e007b1c4e399!8m2!3d41.7384603!4d-7.4729256!16s%2Fg%2F11j2yb70tb!19sChIJy6S25vXfOg0RmePEsQfgsI8?authuser=0&hl=fr&rclk=1
Termas de Moura," Pátio dos Rolins 4, 7860-033 Moura, Portugal",Mora+Portugal,Portugal,Centre thermal,Institut de spa et bien-être,"4,4",,,,,https://www.google.com/maps/place/Termas+de+Moura/data=!4m7!3m6!1s0xd10bf42a6729fc5:0x884c4f3670159914!8m2!3d38.1439232!4d-7.4497445!16s%2Fg%2F11c1p2k2_s!19sChIJxZ9ypkK_EA0RFJkVcDZPTIg?authuser=0&hl=fr&rclk=1
Tesal Thermal Monção," Av. das Caldas s/n, 4950-405 Monção, Portugal",Mora+Portugal,Portugal,Centre thermal,,"3,5", +351 251 648 367,http://www.termasdemoncao.com/,tesalmoncao@tesal.com,,https://www.google.com/maps/place/Tesal+Thermal+Mon%C3%A7%C3%A3o/data=!4m10!3m9!1s0xd2577f7886fc599:0xf32819d7a37caecb!5m2!4m1!1i2!8m2!3d42.0791525!4d-8.4732528!16s%2Fg%2F1txfqfjh!19sChIJmcVviPd3JQ0Ry658o9cZKPM?authuser=0&hl=fr&rclk=1
Termas da Fadagosa de Nisa," Nisa, Portugal",Mora+Portugal,Portugal,Centre thermal,Thermes,"4,1", +351 245 799 050,http://www.cm-nisa.pt/termasdenisa.html,,,https://www.google.com/maps/place/Termas+da+Fadagosa+de+Nisa/data=!4m7!3m6!1s0xd17f389ad384551:0xfcb8294e800e0ac9!8m2!3d39.4514398!4d-7.6960988!16s%2Fg%2F11bzr8ldjj!19sChIJUUU4rYnzFw0RyQoOgE4puPw?authuser=0&hl=fr&rclk=1
Poça da Dona Beija," Lomba Das Barracas s/n, 9675-044 Furnas, Portugal",Mora+Portugal,Portugal,Centre thermal,Thermes,"4,6",,http://www.pocadonabeija.com/,,,https://www.google.com/maps/place/Po%C3%A7a+da+Dona+Beija/data=!4m7!3m6!1s0xb5d204fd4ff7497:0xf57d47bd7f436b77!8m2!3d37.7692714!4d-25.3193111!16s%2Fg%2F11cfhnkc_!19sChIJl3T_1E8gXQsRd2tDf71HffU?authuser=0&hl=fr&rclk=1
Solar dos Lilases," R. de Santo António 8, 7490-236 Mora, Portugal",Mora+Portugal,Portugal,Centre thermal,,"4,3", +351 961 756 887,http://www.lilasesmora.com/,,,https://www.google.com/maps/place/Solar+dos+Lilases/data=!4m10!3m9!1s0xd19b7bc0fc05ad1:0x45fd1469a7b91a9!5m2!4m1!1i2!8m2!3d38.9441351!4d-8.1668058!16s%2Fg%2F11jgncbdyp!19sChIJ0VrAD7y3GQ0RqZF7mkbRXwQ?authuser=0&hl=fr&rclk=1
Taipas Termal," Largo das Termas, 4805-079 Caldelas, Portugal",Mora+Portugal,Portugal,Centre thermal,Thermes,"4,3", +351 253 577 845,http://taipastermal.com/,info@stagheaddesigns.com,,https://www.google.com/maps/place/Taipas+Termal/data=!4m7!3m6!1s0xd24fafaa7423461:0x2f534a54cd47af2e!8m2!3d41.4879285!4d-8.3424626!16s%2Fg%2F1td4q_8m!19sChIJYTRCp_r6JA0RLq9HzVRKUy8?authuser=0&hl=fr&rclk=1
Parque Ecológico do Gameiro," Cabeção, Portugal",Mora+Portugal,Portugal,Parc aquatique,Parc écologique,"4,5", +351 968 613 744,,,,https://www.google.com/maps/place/Parque+Ecol%C3%B3gico+do+Gameiro/data=!4m7!3m6!1s0xd19c98a18991e03:0xc2e25f5dc48f1437!8m2!3d38.954589!4d-8.1078255!16s%2Fg%2F120_4p1g!19sChIJAx6ZGIrJGQ0RNxSPxF1f4sI?authuser=0&hl=fr&rclk=1
Hotel Occidental Faro," Praça Dom Francisco Gomes 2, 8000-168 Faro, Portugal",Faro+Portugal,Portugal,Hôtel avec spa,,"4,2", +351 289 830 830,https://www.barcelo.com/en-gb/occidental-faro/?utm_source=google&utm_medium=organic&utm_campaign=my_business&utm_content=95924,faro@occidentalhotels.com,,https://www.google.com/maps/place/Hotel+Occidental+Faro/data=!4m10!3m9!1s0xd0552c12a475119:0x921321c180f0fc8e!5m2!4m1!1i2!8m2!3d37.0164877!4d-7.9347675!16s%2Fg%2F1hc1q1xdc!19sChIJGVFHKsFSBQ0RjvzwgMEhE5I?authuser=0&hl=fr&rclk=1
3HB Faro," R. Vasco da Gama 33 Rooftop, 8000-442 Faro, Portugal",Faro+Portugal,Portugal,Hôtel avec spa,,"4,8", +351 289 240 000,https://3hb.com/home/3hb-faro/?partner=6259&utm_source=google&utm_medium=organic&utm_campaign=MyBusiness&utm,,,https://www.google.com/maps/place/3HB+Faro/data=!4m10!3m9!1s0xd0553706ba2d3c7:0xc00dd8df0f5d031a!5m2!4m1!1i2!8m2!3d37.0169127!4d-7.932579!16s%2Fg%2F11mtwkdz0d!19sChIJx9Oia3BTBQ0RGgNdD9_YDcA?authuser=0&hl=fr&rclk=1
AP Eva senses," Av. da República 1, 8000-078 Faro, Portugal",Faro+Portugal,Portugal,Hôtel avec spa,,"4,3", +351 289 001 000,https://ap-hotelsresorts.com/eva,,,https://www.google.com/maps/place/AP+Eva+senses/data=!4m10!3m9!1s0xd0552c73acd933d:0xf3cb39366676f7fc!5m2!4m1!1i2!8m2!3d37.0167728!4d-7.9367213!16s%2Fg%2F1tc_s826!19sChIJPZPNOsdSBQ0R_Pd2ZjY5y_M?authuser=0&hl=fr&rclk=1
Real Marina Hotel & Spa," Av. 5 de Outubro, 8700-307 Olhão, Portugal",Faro+Portugal,Portugal,Hôtel avec spa,,"4,5", +351 289 091 300,http://www.realmarina.realhotelsgroup.com/?partner=9862utm_source=google&utm_medium=organic&utm_campaign=MyBusiness&utm,rmo@realhotelsgroup.com,https://www.linkedin.com/company/hoteis-real-portugal,https://www.google.com/maps/place/Real+Marina+Hotel+%26+Spa/data=!4m10!3m9!1s0xd0555d63965e6e3:0x6e07bba0349f994!5m2!4m1!1i2!8m2!3d37.023701!4d-7.8471857!16s%2Fg%2F11n_z1_443!19sChIJ4-ZlOdZVBQ0RlPlJA7p74AY?authuser=0&hl=fr&rclk=1
Viceroy at Ombria Algarve," Ombria Algarve, Rua da Ombria 9, 8100-396 Loulé, Portugal",Faro+Portugal,Portugal,Hôtel avec spa,,"4,6", +351 289 078 300,https://www.viceroyhotelsandresorts.com/ombria-algarve?utm_source=google-gbp&utm_medium=organic&utm_campaign=gbp,,https://www.linkedin.com/company/viceroyhotelandresorts,https://www.google.com/maps/place/Viceroy+at+Ombria+Algarve/data=!4m10!3m9!1s0xd1ab1141dc39d49:0xef650e7e11087592!5m2!4m1!1i2!8m2!3d37.1910484!4d-8.0127516!16s%2Fg%2F11b6bj4hjt!19sChIJSZ3DHRSxGg0RknUIEX4OZe8?authuser=0&hl=fr&rclk=1
SAYANNA Wellness & Spa - EPIC SANA Algarve," Pinhal do Concelho, Praia da Falésia, Olhos de Água, 8200-593 Albufeira, Portugal",Faro+Portugal,Portugal,Centre thermal,Spa,"4,6", +351 289 104 530,https://www.sanahotels.com/hotel/epic-sana-algarve/sayanna-wellness-spa/,reservations@sanahotels.com,https://www.linkedin.com/company/sana-hotels,https://www.google.com/maps/place/SAYANNA+Wellness+%26+Spa+-+EPIC+SANA+Algarve/data=!4m7!3m6!1s0xd1aca3a8370a7db:0x6e656f9e86bf24ef!8m2!3d37.0886089!4d-8.1663641!16s%2Fg%2F11b7f3pw9m!19sChIJ26dwgzrKGg0R7yS_hp5vZW4?authuser=0&hl=fr&rclk=1
Wyndham Grand Algarve Quinta Do Lago," Av. André Jordan 39, 8135-024 Almancil, Portugal",Faro+Portugal,Portugal,Centre thermal,,"4,7", +351 289 000 300,https://www.wyndhamhotels.com/wyndham-grand/algarve-portugal/wyndham-grand-algarve-quinta-do-lago/overview?CID=LC:46q62bu8edfbx3y:54541&iata=00093796,accessibility@wyndham.com,,https://www.google.com/maps/place/Wyndham+Grand+Algarve+Quinta+Do+Lago/data=!4m10!3m9!1s0xd1ab325733d66f3:0xc7570d98426e150c!5m2!4m1!1i2!8m2!3d37.0408933!4d-8.0145698!16s%2Fg%2F1tfbpllq!19sChIJ82Y9cyWzGg0RDBVuQpgNV8c?authuser=0&hl=fr&rclk=1
Faro Boutique Hotel," R. do Bocage 66, 8000-296 Faro, Portugal",Faro+Portugal,Portugal,Centre thermal,,"4,0", +351 289 037 300,http://www.faroboutiquehotel.pt/,frontoffice@faroboutiquehotel.pt,,https://www.google.com/maps/place/Faro+Boutique+Hotel/data=!4m10!3m9!1s0xd0552c3ea7b15b9:0x8eec4655e4d59af7!5m2!4m1!1i2!8m2!3d37.0147289!4d-7.9309115!16s%2Fg%2F1vlk2tj3!19sChIJuRV76sNSBQ0R95rV5FVG7I4?authuser=0&hl=fr&rclk=1
SPA Salino - Água-mãe Lda," Salina da Barquinha, EN 122, 8950-999 Castro Marim, Portugal",Faro+Portugal,Portugal,Centre thermal,Spa,"4,7", +351 965 404 888,http://www.facebook.com/aguamae.cm,,,https://www.google.com/maps/place/SPA+Salino+-+%C3%81gua-m%C3%A3e+Lda/data=!4m7!3m6!1s0xd10237882cf9321:0x4b3414286d48a32c!8m2!3d37.2137572!4d-7.4348618!16s%2Fg%2F11f8hwr38_!19sChIJIZPPgngjEA0RLKNIbSgUNEs?authuser=0&hl=fr&rclk=1
7 SEVEN SPA VILAMOURA," R. da Torre d'Água 4 11.1B, Vilamoura, 8125-615 Quarteira, Portugal",Faro+Portugal,Portugal,Centre thermal,Institut de spa et bien-être,"4,2", +351 289 320 950,https://www3.hilton.com/en/hotels/portugal/hilton-vilamoura-as-cascatas-golf-resort-and-spa-FAOHIHI/spa/index.html,,,https://www.google.com/maps/place/7+SEVEN+SPA+VILAMOURA/data=!4m7!3m6!1s0xd1ab5c3662c6329:0x69719d6026fd4cb2!8m2!3d37.0927752!4d-8.1121865!16s%2Fg%2F1hc8dfz08!19sChIJKWMsZsO1Gg0Rskz9JmCdcWk?authuser=0&hl=fr&rclk=1
Quinta do Lago," Quinta do Lago Off Roundabout 7, 8135-162 Almancil, Portugal",Faro+Portugal,Portugal,Centre thermal,,"4,7", +351 289 350 350,https://www.hotelquintadolago.com/,,https://www.linkedin.com/company/hotel-quinta-do-lago,https://www.google.com/maps/place/Quinta+do+Lago/data=!4m10!3m9!1s0xd1ab3949c306c6d:0x45908b7260b6bede!5m2!4m1!1i2!8m2!3d37.0309793!4d-8.0222548!16s%2Fg%2F113jx0vpm!19sChIJbWwwnJSzGg0R3r62YHKLkEU?authuser=0&hl=fr&rclk=1
Sensorial Spa," Lugar do Montinho, 8550-232, Portugal",Faro+Portugal,Portugal,Centre thermal,Spa,"4,4", +351 282 240 155,https://www.monchiqueresort.com/spa,info@monchiqueresort.com,,https://www.google.com/maps/place/Sensorial+Spa/data=!4m7!3m6!1s0xd1b21e67b2fffff:0x7e4fe186ac42a3b4!8m2!3d37.2793664!4d-8.5512426!16s%2Fg%2F11g9m9c34n!19sChIJ__8ve-YhGw0RtKNCrIbhT34?authuser=0&hl=fr&rclk=1
"Eclat - Medicina e Cirurgia Estética, Lda"," R. Veríssimo de Almeida 18, 8000-444 Faro, Portugal",Faro+Portugal,Portugal,Centre thermal,Spa,"4,8", +351 289 803 075,http://www.eclat.pt/,info@eclat.pt,,"https://www.google.com/maps/place/Eclat+-+Medicina+e+Cirurgia+Est%C3%A9tica,+Lda/data=!4m7!3m6!1s0xd0552c1673291b5:0x290d5e5c175183c0!8m2!3d37.0145291!4d-7.9324404!16s%2Fg%2F1tgjb1_b!19sChIJtZEyZ8FSBQ0RwINRF1xeDSk?authuser=0&hl=fr&rclk=1"
Decathlon," R. Eng. Nuno Abecassis 2, 8005-548 Faro, Portugal",Faro+Portugal,Portugal,Centre thermal,Magasin d'articles de sports,"4,4", +351 289 892 050,https://www.decathlon.pt/store-view/loja-de-desporto-faro-0070073000730,,https://www.linkedin.com/company/decathlon-group,https://www.google.com/maps/place/Decathlon/data=!4m7!3m6!1s0xd0552b4799e5195:0xeae32ea0cfb8e6e3!8m2!3d37.0282089!4d-7.9419551!16s%2Fg%2F1pty7rxy5!19sChIJlVGeebRSBQ0R4-a4z6Au4-o?authuser=0&hl=fr&rclk=1
Conrad Algarve," Estr. da Quinta do Lago, 8135-106 Almancil, Portugal",Faro+Portugal,Portugal,Centre thermal,,"4,8", +351 289 350 700,https://www.hilton.com/en/hotels/faoapci-conrad-algarve/?SEO_id=GMB-EMEA-CI-FAOAPCI,,,https://www.google.com/maps/place/Conrad+Algarve/data=!4m10!3m9!1s0xd1ab373014dfeef:0x8e02928a8b4aad2f!5m2!4m1!1i2!8m2!3d37.0632425!4d-8.0289784!16s%2Fm%2F011mz8gg!19sChIJ7_5NAXOzGg0RL61Ki4qSAo4?authuser=0&hl=fr&rclk=1
Vila Termal das Caldas de Monchique," R. de Caldas de Monchique, 8550-232, Portugal",Faro+Portugal,Portugal,Centre thermal,,"3,3", +351 282 910 910,https://villatermalspahotel.com/,sales@unlockhotels.com,,https://www.google.com/maps/place/Vila+Termal+das+Caldas+de+Monchique/data=!4m10!3m9!1s0xd1b21759699a013:0x9e77faab58e149d4!5m2!4m1!1i2!8m2!3d37.2841874!4d-8.5542473!16s%2Fg%2F11c2k643lm!19sChIJE6CZlnUhGw0R1EnhWKv6d54?authuser=0&hl=fr&rclk=1
Monchique Resort & Spa," Lugar do Montinho, 8550-232, Portugal",Faro+Portugal,Portugal,Centre thermal,,"4,5", +351 282 240 100,https://www.monchiqueresort.com/,info@monchiqueresort.com,,https://www.google.com/maps/place/Monchique+Resort+%26+Spa/data=!4m10!3m9!1s0xd1b21e67b2fffff:0xcae67e0f432ea9ac!5m2!4m1!1i2!8m2!3d37.2796151!4d-8.5515364!16s%2Fg%2F11cm_gt_6s!19sChIJ__8ve-YhGw0RrKkuQw9-5so?authuser=0&hl=fr&rclk=1
Parque Ribeirinho de Faro," Faro, Portugal",Faro+Portugal,Portugal,Parc aquatique,Parc,"4,3",,,,,https://www.google.com/maps/place/Parque+Ribeirinho+de+Faro/data=!4m7!3m6!1s0xd0552b1bbdf70eb:0x1f98c6bfdb72cd6a!8m2!3d37.023126!4d-7.9473335!16s%2Fg%2F11bwp1slr5!19sChIJ63Dfu7FSBQ0Ras1y27_GmB8?authuser=0&hl=fr&rclk=1
Vidamar Algarve Resort," Estr. dos Salgados 1, 8200-424 Guia, Portugal",Faro+Portugal,Portugal,Thalassothérapie,,"4,4", +351 289 038 000,https://algarve.winebookshotels.com/,,,https://www.google.com/maps/place/Vidamar+Algarve+Resort/data=!4m10!3m9!1s0xd1ad1f62bbcc76f:0x26b86cfbc74dd257!5m2!4m1!1i2!8m2!3d37.0904984!4d-8.3252235!16s%2Fg%2F12hmltq2m!19sChIJb8e8K_bRGg0RV9JNx_tsuCY?authuser=0&hl=fr&rclk=1
Hotel PortoBay Falésia," Quinta do Milharó, Olhos de Água, 8200-591 Albufeira, Portugal",Faro+Portugal,Portugal,Thalassothérapie,,"4,5", +351 289 007 700,https://www.portobay.com/en/hotels/algarve-hotels/portobay-falesia/,falesia@portobay.pt,https://www.linkedin.com/company/porto-bay-hotels-,https://www.google.com/maps/place/Hotel+PortoBay+Fal%C3%A9sia/data=!4m10!3m9!1s0xd1aca31030360ff:0xe7b5c6214cf43c0a!5m2!4m1!1i2!8m2!3d37.09261!4d-8.184696!16s%2Fg%2F1vy7hvrr!19sChIJ_2ADAzHKGg0RCjz0TCHGtec?authuser=0&hl=fr&rclk=1
Pestana Viking," Escadinhas da Cova Redonda Praia Senhora da Rocha, Porches, 8400-450 Armação de Pêra, Portugal",Faro+Portugal,Portugal,Thalassothérapie,,"4,3", +351 282 320 500,https://www.pestana.com/en/hotel/pestana-viking?utm_campaign=pestana-viking-partoo&utm_medium=organicsearch,fo.viking@pestana.com,,https://www.google.com/maps/place/Pestana+Viking/data=!4m10!3m9!1s0xd1ad14ffb8baf9b:0xcb567cc3b25281c1!5m2!4m1!1i2!8m2!3d37.0980551!4d-8.384202!16s%2Fg%2F1vtqxcb4!19sChIJm6-L-0_RGg0RwYFSssN8Vss?authuser=0&hl=fr&rclk=1
HOTEL MÓNACO," Urbanização Monte da Ria, R. Baptista Severino, 8005-237 Faro, Portugal",Faro+Portugal,Portugal,Thalassothérapie,,"3,7", +351 289 895 060,http://www.hotelmonaco.pt/#utm_medium=organic&utm_source=google&utm_campaign=google-my-business&utm_term=google-local&utm_id=hotel-monaco,reservas@hotelmonaco.pt,,https://www.google.com/maps/place/HOTEL+M%C3%93NACO/data=!4m10!3m9!1s0xd1aad567044d0ef:0x163a32fc8a41bb02!5m2!4m1!1i2!8m2!3d37.0350416!4d-7.9580552!16s%2Fg%2F1td3h8yy!19sChIJ79BEcFatGg0RArtBivwyOhY?authuser=0&hl=fr&rclk=1
Grande Real Santa Eulalia Resort & Hotel Spa," Estr. de Albufeira, 8200-916 Albufeira, Portugal",Faro+Portugal,Portugal,Thalassothérapie,,"4,5", +351 289 598 000,http://www.granderealsantaeulalia.realhotelsgroup.com/?partner=9862utm_source=google&utm_medium=organic&utm_campaign=MyBusiness&utm,GRSE@realhotelsgroup.com,https://www.linkedin.com/company/hoteis-real-portugal,https://www.google.com/maps/place/Grande+Real+Santa+Eulalia+Resort+%26+Hotel+Spa/data=!4m10!3m9!1s0xd1acc25c6ee128f:0xca1c4c519b463017!5m2!4m1!1i2!8m2!3d37.0910708!4d-8.2119381!16s%2Fg%2F1td7pl7h!19sChIJjxLuxiXMGg0RFzBGm1FMHMo?authuser=0&hl=fr&rclk=1
Jupiter Albufeira Hotel - Family & Fun," R. Alexandre O'Neil, 8200-343 Albufeira, Portugal",Faro+Portugal,Portugal,Thalassothérapie,,"4,5", +351 289 009 300,http://www.jupiteralbufeirahotel.com/,info.albufeira@jupiterhotelgroup.com,https://www.linkedin.com/company/jupiterhotelgroup,https://www.google.com/maps/place/Jupiter+Albufeira+Hotel+-+Family+%26+Fun/data=!4m10!3m9!1s0xd1acf02c4450537:0x49569e4fcddda440!5m2!4m1!1i2!8m2!3d37.1003451!4d-8.2284537!16s%2Fg%2F1tgnsxms!19sChIJNwVFxALPGg0RQKTdzU-eVkk?authuser=0&hl=fr&rclk=1
Porta Árabe," R. do Municipio, 8000-269 Faro, Portugal",Faro+Portugal,Portugal,Thalassothérapie,Site historique,"4,2",,,,,https://www.google.com/maps/place/Porta+%C3%81rabe/data=!4m7!3m6!1s0xd05539b10ba5d75:0xdc199341cc655fcb!8m2!3d37.0145996!4d-7.9348882!16s%2Fg%2F11fjs97445!19sChIJdV26EJtTBQ0Ry19lzEGTGdw?authuser=0&hl=fr&rclk=1
Vilalara Grand Hotel Algarve," Praia das Gaivotas, 8400-450 Porches, Portugal",Faro+Portugal,Portugal,Thalassothérapie,,"4,7", +351 282 320 000,https://www.vilalara.com/,,,https://www.google.com/maps/place/Vilalara+Grand+Hotel+Algarve/data=!4m10!3m9!1s0xd1ad143867b9ea9:0x995e80cbaa1d97cb!5m2!4m1!1i2!8m2!3d37.1000664!4d-8.3801173!16s%2Fg%2F1v_s743_!19sChIJqZ57hkPRGg0Ry5cdqsuAXpk?authuser=0&hl=fr&rclk=1
Sleeping Beauty or BELA ADORMECIDA B&B," R. de Caldas de Monchique, 8550-232 FARO, Portugal",Monchique+Portugal,Portugal,Hôtel avec spa,,"4,7",,https://www.booking.com/hotel/pt/bela-adormecida.nl.html?label=gen173nr-1FCAEoggI46AdIM1gEaLsBiAEBmAEcuAEYyAEM2AEB6AEB-AELiAIBqAIEuAKOu_bqBcACAQ;sid=96eb7e18ae3095ec27b2f3a03f2ce97a;all_sr_blocks=465606404_192265195_2_2_0;checkin=2019-08-22;checkout=2019-08-23;dest_id=16149;dest_type=landmark;dist=0;hapos=1;highlighted_blocks=465606404_192265195_2_2_0;hpos=1;room1=A%2CA;sb_price_type=total;sr_order=popularity;srepoch=1566417030;srpvid=23168b82e8b900ff;type=total;ucfs=1&#hotelTmpl,,,https://www.google.com/maps/place/Sleeping+Beauty+or+BELA+ADORMECIDA+B%26B/data=!4m10!3m9!1s0xd1b21d000dbc375:0xb6bb8346962d84b0!5m2!4m1!1i2!8m2!3d37.2847484!4d-8.5548758!16s%2Fg%2F11h6r_pm5z!19sChIJdcPbANAhGw0RsIQtlkaDu7Y?authuser=0&hl=fr&rclk=1
Enigma - Nature & Water Hotel," Vale do Juncal s/n, 7630-908, Portugal",Monchique+Portugal,Portugal,Hôtel avec spa,,"4,1", +351 283 098 186,https://www.enigma-hotel.pt/,,,https://www.google.com/maps/place/Enigma+-+Nature+%26+Water+Hotel/data=!4m10!3m9!1s0xd1b11eb9dbe301f:0x4e64a87d1c2e79f9!5m2!4m1!1i2!8m2!3d37.4671516!4d-8.7301225!16s%2Fg%2F11cmcyr3f2!19sChIJHzC-nesRGw0R-XkuHH2oZE4?authuser=0&hl=fr&rclk=1
Central Suites & Apartments Monchique," Caldas de Monchique, 8550-232 Monchique, Portugal",Monchique+Portugal,Portugal,Hôtel avec spa,,"3,8", +351 282 910 910,https://centralmonchiquehotel.com/,sales@unlockhotels.com,,https://www.google.com/maps/place/Central+Suites+%26+Apartments+Monchique/data=!4m10!3m9!1s0xd1b2175976ccf21:0x90f9ef56c7ec324c!5m2!4m1!1i2!8m2!3d37.2852374!4d-8.5536832!16s%2Fg%2F11h111czyx!19sChIJIc9sl3UhGw0RTDLsx1bv-ZA?authuser=0&hl=fr&rclk=1
Penina Hotel & Golf Resort," N125, 8501-952 Portimão, Portugal",Monchique+Portugal,Portugal,Hôtel avec spa,,"4,3", +351 282 420 200,http://www.penina.com/,,,https://www.google.com/maps/place/Penina+Hotel+%26+Golf+Resort/data=!4m10!3m9!1s0xd1b289aafb52129:0x98c7c065bb58d1e1!5m2!4m1!1i2!8m2!3d37.161549!4d-8.5803536!16s%2Fm%2F05pb03n!19sChIJKSG1r5ooGw0R4dFYu2XAx5g?authuser=0&hl=fr&rclk=1
Algarve Race Resort," Sítio do Escampadinho, 8500-148 Portimão, Portugal",Monchique+Portugal,Portugal,Hôtel avec spa,,"4,3", +351 282 249 600,https://www.algarveraceresort.com/,,,https://www.google.com/maps/place/Algarve+Race+Resort/data=!4m10!3m9!1s0xd1b23793cb3655d:0xb2026c21cd14a71a!5m2!4m1!1i2!8m2!3d37.2424763!4d-8.6246649!16s%2Fg%2F11c0w9fysn!19sChIJXWWzPHkjGw0RGqcUzSFsArI?authuser=0&hl=fr&rclk=1
Pure Monchique Hotel," Caldas de Monchique, 8550-232 Monchique, Portugal",Monchique+Portugal,Portugal,Hôtel avec spa,,"3,7", +351 282 910 910,http://www.puremonchiquehotel.com/,sales@unlockhotels.com,,https://www.google.com/maps/place/Pure+Monchique+Hotel/data=!4m10!3m9!1s0xd1b2175bd092997:0xbd8f25d16ea71a0e!5m2!4m1!1i2!8m2!3d37.2848526!4d-8.5535833!16s%2Fg%2F11f5ly8z_7!19sChIJlykJvXUhGw0RDhqnbtElj70?authuser=0&hl=fr&rclk=1
Monchique Spa Termal," R. de Caldas de Monchique, 8550-232, Portugal",Monchique+Portugal,Portugal,Centre thermal,Spa,, +351 282 910 910,https://monchiquetermalresort.com/pt/monchique-spa-termal,,,https://www.google.com/maps/place/Monchique+Spa+Termal/data=!4m7!3m6!1s0xd1b219b35eb6639:0x216f18100aa4368c!8m2!3d37.284069!4d-8.5544405!16s%2Fg%2F11ywht8jcx!19sChIJOWbrNZshGw0RjDakChAYbyE?authuser=0&hl=fr&rclk=1
Parque da Mina," Sítio do Vale de Boi, CCI 171, 8550-391, Portugal",Monchique+Portugal,Portugal,Parc aquatique,Espace événementiel,"4,3", +351 282 096 657,https://www.parquedamina.com/,reservas@parquedamina.com,,https://www.google.com/maps/place/Parque+da+Mina/data=!4m7!3m6!1s0xd1b213aa1939f07:0xb3cde11eb08eb746!8m2!3d37.2549607!4d-8.5396278!16s%2Fg%2F119tfz69n!19sChIJB5-ToTohGw0RRreOsB7hzbM?authuser=0&hl=fr&rclk=1
Parque Da Mina - Parques Temáticos Lda," Sitio Do Do Boi, Monchique, Portugal",Monchique+Portugal,Portugal,Parc aquatique,Parc à thème,"4,2", +351 282 911 622,,,,https://www.google.com/maps/place/Parque+Da+Mina+-+Parques+Tem%C3%A1ticos+Lda/data=!4m7!3m6!1s0xd1b21c2e557bb63:0x4350708516f83ed!8m2!3d37.2554023!4d-8.5400681!16s%2Fg%2F1q62n4_tr!19sChIJY7tX5cIhGw0R7YNvUQgHNQQ?authuser=0&hl=fr&rclk=1
Aquashow Park Hotel," Aquashow Hotel, Hotel Aquashow, Volta do Parque n.º 2, 8125-313 Quarteira, Portugal",Monchique+Portugal,Portugal,Parc aquatique,,"4,5", +351 289 315 129,http://www.aquashowparkhotel.com/,reservas@aquashowpark.com,,https://www.google.com/maps/place/Aquashow+Park+Hotel/data=!4m10!3m9!1s0xd1ab449b86bb007:0xaf81f8cfd5302a0f!5m2!4m1!1i2!8m2!3d37.0913756!4d-8.0736079!16s%2Fm%2F0k5xqfv!19sChIJB7BruEm0Gg0RDyow1c_4ga8?authuser=0&hl=fr&rclk=1
Aquasplash," Guia, Portugal",Monchique+Portugal,Portugal,Parc aquatique,Attraction touristique,"3,7",,https://www.zoomarine.pt/en/discover-the-park/amusements/aquasplash/,,,https://www.google.com/maps/place/Aquasplash/data=!4m7!3m6!1s0xd1ad11270b404f7:0xb1dd4e0acc04b31e!8m2!3d37.1257513!4d-8.3152928!16s%2Fg%2F11hz_kgvlb!19sChIJ9wS0cBLRGg0RHrMEzApO3bE?authuser=0&hl=fr&rclk=1
Vila Galé Collection Alter Real," Tapada do Arneiro, 7440-152, Portugal",Alter do Chão+Portugal,Portugal,Hôtel avec spa,,"4,6", +351 245 240 130,https://www.vilagale.com/pt-pt/hoteis-portugal/hoteis-alentejo/vila-gale-collection-alter-real/,alter@vilagale.com,https://www.linkedin.com/company/vila-gale-s-a-,https://www.google.com/maps/place/Vila+Gal%C3%A9+Collection+Alter+Real/data=!4m10!3m9!1s0xd1785a92a112355:0x67b441589665138d!5m2!4m1!1i2!8m2!3d39.2223812!4d-7.6871384!16s%2Fg%2F11j5485ft5!19sChIJVSMRKqmFFw0RjRNlllhBtGc?authuser=0&hl=fr&rclk=1
Villa Alter," Av. Dr. João Pestana 11, 7440-013 Alter do Chão, Portugal",Alter do Chão+Portugal,Portugal,Hôtel avec spa,,"4,9", +351 912 389 772,https://www.villacollection.pt/villaalter/,villaalter@villacollection.pt,,https://www.google.com/maps/place/Villa+Alter/data=!4m10!3m9!1s0xd1785aa336b9cfb:0x43baaa1f9fc553a1!5m2!4m1!1i2!8m2!3d39.1977062!4d-7.6574476!16s%2Fg%2F11t62t9qll!19sChIJ-5xrM6qFFw0RoVPFnx-qukM?authuser=0&hl=fr&rclk=1
Hotel Convento d'Alter," R. de Santo António 23, 7440-059 Alter do Chão, Portugal",Alter do Chão+Portugal,Portugal,Hôtel avec spa,,"4,5", +351 245 619 120,https://www.flagworldhotels.com/lam-hotel-convento-dalter.html?utm_medium=organic&utm_source=google&utm_campaign=google-my-business&utm_term=google-local&utm_id=flagworld-alter-do-chao,booking@maarlab.com,,https://www.google.com/maps/place/Hotel+Convento+d%27Alter/data=!4m10!3m9!1s0xd1785abafcfad95:0x12d425a1fda6e1f6!5m2!4m1!1i2!8m2!3d39.1972387!4d-7.6583576!16s%2Fg%2F1w456w6m!19sChIJla3Pr6uFFw0R9uGm_aEl1BI?authuser=0&hl=fr&rclk=1
"Estalagem Alter Do Chão - Varandas De Alter - Industria Hoteleira, Lda"," Alter do Chão, Portugal",Alter do Chão+Portugal,Portugal,Hôtel avec spa,,"4,1", +351 245 612 024,https://sites.google.com/view/varandas-de-alter-hotel-spa/,,,"https://www.google.com/maps/place/Estalagem+Alter+Do+Ch%C3%A3o+-+Varandas+De+Alter+-+Industria+Hoteleira,+Lda/data=!4m10!3m9!1s0xd1785a93c5f9029:0x325e5c0f6d6f60f7!5m2!4m1!1i2!8m2!3d39.1968676!4d-7.6669874!16s%2Fg%2F1tcxwhhv!19sChIJKZBfPKmFFw0R92BvbQ9cXjI?authuser=0&hl=fr&rclk=1"
Castle of Alter do Chão," Largo Barreto Caldeira, 7440-049 Alter do Chão, Portugal",Alter do Chão+Portugal,Portugal,Centre thermal,Château,"4,4", +351 245 610 004,https://www.visitalentejo.pt/pt/catalogo/detalhes_produto.php?id=521,geral@cm-alter-chao.pt,,https://www.google.com/maps/place/Castle+of+Alter+do+Ch%C3%A3o/data=!4m7!3m6!1s0xd1785a9796ab4df:0x6eab2341cc09bb4a!8m2!3d39.1989871!4d-7.658619!16s%2Fm%2F0h652wp!19sChIJ37RqeamFFw0RSrsJzEEjq24?authuser=0&hl=fr&rclk=1
Satsanga Spa Collection Alter Real," Alter do Chão, Portugal",Alter do Chão+Portugal,Portugal,Spa / bien-être,Institut de beauté,"4,8",,https://www.vilagale.com/br/hoteis/alentejo/vila-gale-collection-alter-real,,https://www.linkedin.com/company/vila-gale-s-a-,https://www.google.com/maps/place/Satsanga+Spa+Collection+Alter+Real/data=!4m7!3m6!1s0xd1785e47d20117d:0x57a386e88529982c!8m2!3d39.2228336!4d-7.6875113!16s%2Fg%2F11sfqksx_p!19sChIJfREgfeSFFw0RLJgpheiGo1c?authuser=0&hl=fr&rclk=1
M&C Spa Terapias - Head Spa," Urbanização Quinta e são roque Lote 13 Entrada 4/c piso 4, 2000-850 Santarém, Portugal",Alter do Chão+Portugal,Portugal,Spa / bien-être,Spa,"5,0", +351 937 635 343,https://mcspaterapias.com/,,,https://www.google.com/maps/place/M%26C+Spa+Terapias+-+Head+Spa/data=!4m7!3m6!1s0xd18effa088e90f5:0xa1e721ad7c4797df!8m2!3d39.2311197!4d-8.6879978!16s%2Fg%2F11z3058pbq!19sChIJ9ZCOCPrvGA0R35dHfK0h56E?authuser=0&hl=fr&rclk=1
Termas de São Pedro do Sul," Praça Dr. António José de Almeida Termas de, 3660-692 São Pedro do Sul, Portugal",Pombal+Portugal,Portugal,Centre thermal,Thermes,"4,6", +351 232 720 300,http://www.termas-spsul.com/,geral@termas-spsul.com,,https://www.google.com/maps/place/Termas+de+S%C3%A3o+Pedro+do+Sul/data=!4m7!3m6!1s0xd23419e6b3a7687:0xe61a24ad81fb6642!8m2!3d40.7393418!4d-8.0928189!16s%2Fg%2F11g7_fp5qm!19sChIJh3Y6a55BIw0RQmb7ga0kGuY?authuser=0&hl=fr&rclk=1
Monte Real Termas," R. de Leiria, 2425-039 Monte Real, Portugal",Pombal+Portugal,Portugal,Centre thermal,Institut de spa et bien-être,"4,4", +351 244 618 900,http://www.termasdemontereal.pt/,info@termasdemontereal.pt,,https://www.google.com/maps/place/Monte+Real+Termas/data=!4m7!3m6!1s0xd227364213fb66f:0x987cc30dfcbdb2bd!8m2!3d39.8543765!4d-8.8701233!16s%2Fg%2F1q62d2dry!19sChIJb7Y_IWRzIg0RvbK9_A3DfJg?authuser=0&hl=fr&rclk=1
Acquavilla," R. do Lagar N8, 3100-357 Pombal, Portugal",Pombal+Portugal,Portugal,Centre thermal,,"4,8", +351 927 784 611,http://www.acquavillahouse.com/,reservas.acquavilla@gmail.com,,https://www.google.com/maps/place/Acquavilla/data=!4m10!3m9!1s0xd22644e6c180d79:0xdbec0bd46051593a!5m2!4m1!1i2!8m2!3d39.8781929!4d-8.609762!16s%2Fg%2F11ckqrc0fh!19sChIJeQ0YbE5kIg0ROllRYNQL7Ns?authuser=0&hl=fr&rclk=1
Panorâmico Aquaparque," R. Eiras de Belém 20, 3100-319 Pombal, Portugal",Pombal+Portugal,Portugal,Centre thermal,Parc aquatique,"4,1", +351 236 217 774,http://www.panoramicoaquaparque.com/,%20panoramico.aquaparque@gmail.com,,https://www.google.com/maps/place/Panor%C3%A2mico+Aquaparque/data=!4m7!3m6!1s0xd2266707c37d90d:0x76c18e2b4fba5d4b!8m2!3d39.9228286!4d-8.5957675!16s%2Fg%2F1v29d92_!19sChIJDdk3fHBmIg0RS126TyuOwXY?authuser=0&hl=fr&rclk=1
Termas do Cró, Portugal,Pombal+Portugal, Portugal,Centre thermal,Thermes,"4,4", +351 271 589 000,http://www.termasdocro.pt/,geral@termasdocro.pt,,https://www.google.com/maps/place/Termas+do+Cr%C3%B3/data=!4m7!3m6!1s0xd3c54e6c3c144c9:0x6140199a1b985a4e!8m2!3d40.4422466!4d-7.0440586!16s%2Fg%2F1238y695!19sChIJyUTBw-ZUPA0RTlqYG5oZQGE?authuser=0&hl=fr&rclk=1
Hotel Termas da Curia," 3780-541 Tamengos, Portugal",Pombal+Portugal,Portugal,Centre thermal,,"4,0", +351 231 519 800,http://www.termasdacuria.com/,reservas@termasdacuria.com,https://www.linkedin.com/company/hotel-termas-da-curia,https://www.google.com/maps/place/Hotel+Termas+da+Curia/data=!4m10!3m9!1s0xd23076ab82065d7:0x1b75fce75e534ee7!5m2!4m1!1i2!8m2!3d40.4265676!4d-8.4641151!16s%2Fg%2F1th836sf!19sChIJ12UguGoHIw0R505TXuf8dRs?authuser=0&hl=fr&rclk=1
Alcafache Thermal Spa," R. Balneário, 3530-026 Viseu, Portugal",Pombal+Portugal,Portugal,Centre thermal,Spa,"4,2", +351 232 479 797,http://www.termasdealcafache.pt/,reservas@termasdealcafache.pt,,https://www.google.com/maps/place/Alcafache+Thermal+Spa/data=!4m7!3m6!1s0xd233158ac6b1151:0xab408e1b9431aabc!8m2!3d40.606029!4d-7.8696854!16s%2Fg%2F1th88d7h!19sChIJURFrrFgxIw0RvKoxlBuOQKs?authuser=0&hl=fr&rclk=1
TERMAS DE LUSO," R. Álvaro Castelões, 3050-230 Luso, Portugal",Pombal+Portugal,Portugal,Centre thermal,Spa,"4,4", +351 231 937 910,http://www.termasdeluso.pt/,geral@termasdeluso.pt,https://www.linkedin.com/company/termasdeluso,https://www.google.com/maps/place/TERMAS+DE+LUSO/data=!4m7!3m6!1s0xd2303c6fb7c9aa9:0x2d2a39da92b88a81!8m2!3d40.3839475!4d-8.3771985!16s%2Fg%2F121d6g4r!19sChIJqZp8-8YDIw0RgYq4kto5Ki0?authuser=0&hl=fr&rclk=1
Carvalhal Spa," Mamouros, Portugal",Pombal+Portugal,Portugal,Centre thermal,,"4,4", +351 232 382 342,http://termasdocarvalhal.com/,geral@termasdocarvalhal.com,,https://www.google.com/maps/place/Carvalhal+Spa/data=!4m10!3m9!1s0xd235026ab818359:0xb8fac136168f3b58!5m2!4m1!1i2!8m2!3d40.8520383!4d-7.9318684!16s%2Fg%2F1hb_gs02_!19sChIJWYOBqyZQIw0RWDuPFjbB-rg?authuser=0&hl=fr&rclk=1
Herdade do Amarelo Nature & Spa," EN 532, Km 7, 7630-440 São Luís, Portugal",Odemira+Portugal,Portugal,Hôtel avec spa,,"4,7", +351 930 520 706,https://www.herdadedoamarelo.pt/,info@herdadedoamarelo.pt,,https://www.google.com/maps/place/Herdade+do+Amarelo+Nature+%26+Spa/data=!4m10!3m9!1s0xd1ba6ef9a63e28b:0xd31a256acb953a8d!5m2!4m1!1i2!8m2!3d37.709645!4d-8.717212!16s%2Fg%2F1hm49ht80!19sChIJi-Jjmu-mGw0RjTqVy2olGtM?authuser=0&hl=fr&rclk=1
HS Milfontes Beach," Av. Marginal, 7645-272 Vila Nova de Milfontes, Portugal",Odemira+Portugal,Portugal,Hôtel avec spa,,"4,2", +351 283 990 070,https://dunaparqueresorts-hotels.com/pt/hs-milfontes-beach,geral@dunaparque.com,,https://www.google.com/maps/place/HS+Milfontes+Beach/data=!4m10!3m9!1s0xd1ba1708b31c7cf:0x6e6fd325ffcdd0fb!5m2!4m1!1i2!8m2!3d37.7236309!4d-8.7841392!16s%2Fg%2F1tgptx2d!19sChIJz8cxi3ChGw0R-9DN_yXTb24?authuser=0&hl=fr&rclk=1
Enigma - Nature & Water Hotel," Vale do Juncal s/n, 7630-908, Portugal",Odemira+Portugal,Portugal,Hôtel avec spa,,"4,1", +351 283 098 186,https://www.enigma-hotel.pt/,,,https://www.google.com/maps/place/Enigma+-+Nature+%26+Water+Hotel/data=!4m10!3m9!1s0xd1b11eb9dbe301f:0x4e64a87d1c2e79f9!5m2!4m1!1i2!8m2!3d37.4671516!4d-8.7301225!16s%2Fg%2F11cmcyr3f2!19sChIJHzC-nesRGw0R-XkuHH2oZE4?authuser=0&hl=fr&rclk=1
Paraiso Escondido Portugal," Paraiso Escondido, Casa Nova da Cruz, 7630-568 Santa Bárbara, Portugal",Odemira+Portugal,Portugal,Hôtel avec spa,,"4,9", +351 912 470 206,https://www.paraisoescondido.pt/,info@paraisoescondido.pt,,https://www.google.com/maps/place/Paraiso+Escondido+Portugal/data=!4m10!3m9!1s0xd1b0553f460b1c3:0x2d484fe5b510aa94!5m2!4m1!1i2!8m2!3d37.4952486!4d-8.6544381!16s%2Fg%2F11b73s7fw5!19sChIJw7Fg9FMFGw0RlKoQteVPSC0?authuser=0&hl=fr&rclk=1
Craveiral Farmhouse," Estrada Municipal 501, Km.4, 7630-658, Portugal",Odemira+Portugal,Portugal,Hôtel avec spa,,"4,6", +351 283 249 170,https://www.craveiral.pt/,ola@craveiral.pt,,https://www.google.com/maps/place/Craveiral+Farmhouse/data=!4m10!3m9!1s0xd1b10049afb405f:0xf824ac6031b188c2!5m2!4m1!1i2!8m2!3d37.484552!4d-8.669131!16s%2Fg%2F11f08t1vp2!19sChIJX0D7mgQQGw0RwoixMWCsJPg?authuser=0&hl=fr&rclk=1
Duna Parque Beach Club," Tv. da Eira da Pedra, 7645-291 Vila Nova de Milfontes, Portugal",Odemira+Portugal,Portugal,Hôtel avec spa,,"4,0", +351 283 990 072,https://dunaparque.com/,geral@dunaparque.com,,https://www.google.com/maps/place/Duna+Parque+Beach+Club/data=!4m10!3m9!1s0xd1ba1784a4a0e7b:0xc36515044ed9dfb2!5m2!4m1!1i2!8m2!3d37.7260519!4d-8.7898747!16s%2Fg%2F1tc_5c9f!19sChIJew5KSnihGw0Rst_ZTgQVZcM?authuser=0&hl=fr&rclk=1
Monte Carvalhal da Rocha," Praia do Carvalhal, 7630-569, Portugal",Odemira+Portugal,Portugal,Hôtel avec spa,,"4,0", +351 282 947 293,http://www.montecarvalhaldarocha.com/,,,https://www.google.com/maps/place/Monte+Carvalhal+da+Rocha/data=!4m10!3m9!1s0xd1b0d9bf5589271:0x6e4b07adcb553488!5m2!4m1!1i2!8m2!3d37.4952101!4d-8.7864872!16s%2Fg%2F1tdc1xrc!19sChIJcZJY9ZsNGw0RiDRVy60HS24?authuser=0&hl=fr&rclk=1
Duna Parque Beach Club," Tv. da Eira da Pedra, 7645-291 Vila Nova de Milfontes, Portugal",Odemira+Portugal,Portugal,Hôtel avec spa,,"4,0", +351 283 990 072,https://dunaparque.com/,geral@dunaparque.com,,https://www.google.com/maps/place/Duna+Parque+Beach+Club/data=!4m10!3m9!1s0xd1ba1784915b8b1:0xc36515044ed9dfb2!5m2!4m1!1i2!8m2!3d37.726052!4d-8.789875!16s%2Fg%2F1tc_5c9f!19sChIJsbgVSXihGw0Rst_ZTgQVZcM?authuser=0&hl=fr&rclk=1
Villa Termal das Caldas de Monchique," R. de Caldas de Monchique, 8550-232, Portugal",Odemira+Portugal,Portugal,Centre thermal,,"4,1", +351 282 910 910,https://monchiquetermalresort.com/,resort@villatermal.pt,,https://www.google.com/maps/place/Villa+Termal+das+Caldas+de+Monchique/data=!4m10!3m9!1s0xd1b2174134954ff:0x4fd55d3aa98db471!5m2!4m1!1i2!8m2!3d37.2852451!4d-8.5536875!16s%2Fg%2F1tj9d811!19sChIJ_1RJE3QhGw0RcbSNqTpd1U8?authuser=0&hl=fr&rclk=1
Monte Da Orada," Nacional 120 Cx Postal 261-ST, 7630-678 S.Teotónio, Portugal",Odemira+Portugal,Portugal,Centre thermal,Espace événementiel,"4,9", +351 918 825 744,http://www.orada.eu/,silence@orada.eu,,https://www.google.com/maps/place/Monte+Da+Orada/data=!4m7!3m6!1s0xd1b0f0de7030475:0x38d8e6e7a89c3482!8m2!3d37.5284808!4d-8.6838184!16s%2Fg%2F11c1vpdftw!19sChIJdQQD5w0PGw0RgjScqOfm2Dg?authuser=0&hl=fr&rclk=1
Aquashow," Aquashow Park, Volta do Parque n.º 1, 8125-313 Quarteira, Portugal",Odemira+Portugal,Portugal,Parc aquatique,Parc aquatique,"4,4", +351 289 315 129,https://aquashowpark.com/,reservas@aquashowpark.com,,https://www.google.com/maps/place/Aquashow/data=!4m7!3m6!1s0xd1ab575a4f4c3dd:0xfddc87f54582acc1!8m2!3d37.0931577!4d-8.0719093!16s%2Fg%2F11hz2m39zb!19sChIJ3cP0pHW1Gg0RwayCRfWH3P0?authuser=0&hl=fr&rclk=1
Aqualand Algarve," Sítio das Areias, N125, 8365-908 Alcantarilha, Portugal",Odemira+Portugal,Portugal,Parc aquatique,Parc aquatique,"4,1", +351 282 320 230,https://www.aqualand.pt/,aqualandalgarve@asproparks.com,,https://www.google.com/maps/place/Aqualand+Algarve/data=!4m7!3m6!1s0xd1ad0e39d6bfd4b:0x81a56dd58df0e845!8m2!3d37.1353881!4d-8.3660084!16s%2Fg%2F1thy11w3!19sChIJS_1rnePQGg0RRejwjdVtpYE?authuser=0&hl=fr&rclk=1
Amarante Water Park," Rua do Tâmega 2245 -909, 4600-909, Portugal",Odemira+Portugal,Portugal,Parc aquatique,Parc aquatique,"4,3", +351 255 410 040,http://parqueaquaticoamarante.com/,waterpark@tamegaclube.com,,https://www.google.com/maps/place/Amarante+Water+Park/data=!4m7!3m6!1s0xd24be6ec5c6f72d:0x5c768383645eaab6!8m2!3d41.2495036!4d-8.1056498!16s%2Fg%2F11gfkm5bvk!19sChIJLffGxW6-JA0RtqpeZIODdlw?authuser=0&hl=fr&rclk=1
Zmar Eco Experience," Herdade A-De-Mateus, Zmar Eco Experience |, 7630-011, Portugal",Odemira+Portugal,Portugal,Parc aquatique,,"4,2", +351 283 031 987,http://www.zmar.eu/,,,https://www.google.com/maps/place/Zmar+Eco+Experience/data=!4m10!3m9!1s0xd1a745400000001:0xf713e0a892ac6333!5m2!4m1!1i2!8m2!3d37.6062698!4d-8.7368564!16s%2Fg%2F1tdmr9zz!19sChIJAQAAAFR0Gg0RM2OskqjgE_c?authuser=0&hl=fr&rclk=1
Parque Aquático de Fafe," Tv. Sol Poente 1, 4820-338 Fafe, Portugal",Odemira+Portugal,Portugal,Parc aquatique,Parc aquatique,"4,2", +351 910 637 001,https://parqueaquaticofafe.pt/,geral@parqueaquaticofafe.pt,,https://www.google.com/maps/place/Parque+Aqu%C3%A1tico+de+Fafe/data=!4m7!3m6!1s0xd24e8f74d5c38a3:0x43dd9e7f1bd60c2!8m2!3d41.4396041!4d-8.1827994!16s%2Fg%2F1q5bmncb5!19sChIJozhcTffoJA0RwmC98efZPQQ?authuser=0&hl=fr&rclk=1
"NaturWaterPark - Parque de Diversões do Douro, Lda"," Quinta do Barroco, Póvoa, 5000-037 Vila Real, Portugal",Odemira+Portugal,Portugal,Parc aquatique,,"4,3", +351 259 309 120,http://www.naturwaterpark.pt/,,,"https://www.google.com/maps/place/NaturWaterPark+-+Parque+de+Divers%C3%B5es+do+Douro,+Lda/data=!4m10!3m9!1s0xd3b4f284f893e7d:0xf52d0a705512fb1f!5m2!4m1!1i2!8m2!3d41.2559981!4d-7.651942!16s%2Fg%2F1tdz17kg!19sChIJfT6JTyhPOw0RH_sSVXAKLfU?authuser=0&hl=fr&rclk=1"
Parque das Águas," Boavista dos Pinheiros, 7630-174, Portugal",Odemira+Portugal,Portugal,Parc aquatique,Parc,"4,6", +351 283 320 922,https://www.cm-odemira.pt/viver/ambiente/jardins-e-espacos-verdes/parque-das-aguas,dal@cm-odemira.pt,,https://www.google.com/maps/place/Parque+das+%C3%81guas/data=!4m7!3m6!1s0xd1b08a814f1a1ef:0xd22942aaab50d2ed!8m2!3d37.5850706!4d-8.6612952!16s%2Fg%2F11bwd5tb8h!19sChIJ76HxFKgIGw0R7dJQq6pCKdI?authuser=0&hl=fr&rclk=1
Panorâmico Aquaparque," R. Eiras de Belém 20, 3100-319 Pombal, Portugal",Odemira+Portugal,Portugal,Parc aquatique,Parc aquatique,"4,1", +351 236 217 774,http://www.panoramicoaquaparque.com/,%20panoramico.aquaparque@gmail.com,,https://www.google.com/maps/place/Panor%C3%A2mico+Aquaparque/data=!4m7!3m6!1s0xd2266707c37d90d:0x76c18e2b4fba5d4b!8m2!3d39.9228286!4d-8.5957675!16s%2Fg%2F1v29d92_!19sChIJDdk3fHBmIg0RS126TyuOwXY?authuser=0&hl=fr&rclk=1
Oasis - Water Park Galveias With Oasis Bar," R. Joaquim Barradas de Carvalho 59, 7400-014 Galveias, Portugal",Odemira+Portugal,Portugal,Parc aquatique,Parc aquatique,"4,5",,http://jfgalveias.pt/,info@wane.com,,https://www.google.com/maps/place/Oasis+-+Water+Park+Galveias+With+Oasis+Bar/data=!4m7!3m6!1s0xd1831a5217a2f43:0xcfcaa89d8a0edd90!8m2!3d39.1581322!4d-7.9931942!16s%2Fg%2F11c3q4kytz!19sChIJQy96IaUxGA0RkN0Oip2oys8?authuser=0&hl=fr&rclk=1
Parc naturel du Sud-Ouest Alentejano et Costa Vicentina," Rua Serpa Pinto, 32, 7630-174 Odemira, Portugal",Odemira+Portugal,Portugal,Parc aquatique,Parc national,"4,7", +351 283 322 735,https://natural.pt/protected-areas/parque-natural-sudoeste-alentejano-costa-vicentina?locale=en,menu-texture-top@2x.5f260f9415291f1199ba336ec238b36c.png,,https://www.google.com/maps/place/Parc+naturel+du+Sud-Ouest+Alentejano+et+Costa+Vicentina/data=!4m7!3m6!1s0xd1b133b4e632467:0x2131f0a5b750727f!8m2!3d37.4575578!4d-8.7970853!16s%2Fm%2F03y6x0m!19sChIJZyRjTjsTGw0Rf3JQt6XwMSE?authuser=0&hl=fr&rclk=1
Mariparque - Praia da Vieira," Av. Marginal 13, Praia da Vieira, 2430-696 Vieira de Leiria, Portugal",Odemira+Portugal,Portugal,Parc aquatique,Parc aquatique,"4,1", +351 244 699 068,http://www.hoteiscristal.pt/mariparque,,,https://www.google.com/maps/place/Mariparque+-+Praia+da+Vieira/data=!4m7!3m6!1s0xd2210d580cb66e7:0xbf0d3db12d129e46!8m2!3d39.8780667!4d-8.9680614!16s%2Fg%2F11cn91rxy9!19sChIJ52bLgNUQIg0RRp4SLbE9Db8?authuser=0&hl=fr&rclk=1
Pego das Pias," Ribeira do Torgal, 7630-174 São Luís, Portugal",Odemira+Portugal,Portugal,Parc aquatique,Attraction touristique,"4,2",,,,,https://www.google.com/maps/place/Pego+das+Pias/data=!4m7!3m6!1s0xd1b072c749baf1b:0xc296606c27eac51b!8m2!3d37.6445968!4d-8.6192087!16s%2Fg%2F11q3d2fdrj!19sChIJG6-bdCwHGw0RG8XqJ2xglsI?authuser=0&hl=fr&rclk=1
Zoomarine," N125 KM 65, 8201-864 Guia, Portugal",Odemira+Portugal,Portugal,Parc aquatique,Parc à thème,"4,6", +351 289 560 300,https://www.zoomarine.pt/,info@zoomarine.pt,https://www.linkedin.com/company/zoomarinealgarve,https://www.google.com/maps/place/Zoomarine/data=!4m7!3m6!1s0xd1ace4ed8ed7ec7:0x8cf7b5092d8538af!8m2!3d37.126969!4d-8.314199!16s%2Fg%2F1217cr26!19sChIJx37t2E7OGg0RrziFLQm194w?authuser=0&hl=fr&rclk=1
Slide & Splash," Portugal PT, Vale de Deus 125, 8401-901 Estômbar, Portugal",Odemira+Portugal,Portugal,Parc aquatique,Parc aquatique,"4,5", +351 282 340 800,http://www.slidesplash.com/,info@slidesplash.com,,https://www.google.com/maps/place/Slide+%26+Splash/data=!4m7!3m6!1s0xd1ad7dcb0aff5c5:0xbe389806c01894c5!8m2!3d37.1399192!4d-8.474926!16s%2Fg%2F1tg36h9c!19sChIJxfWvsNzXGg0RxZQYwAaYOL4?authuser=0&hl=fr&rclk=1
Puralã - Wool Valley Hotel & SPA," Alameda Pêro da Covilhã, 6200-507 Covilhã, Portugal",Covilhã+Portugal,Portugal,Hôtel avec spa,,"4,5", +351 275 330 400,http://www.hotelpurala.pt/,geral@naturaimbhotels.com,,https://www.google.com/maps/place/Pural%C3%A3+-+Wool+Valley+Hotel+%26+SPA/data=!4m10!3m9!1s0xd3d23097e865dc7:0x509a043c0e55aa40!5m2!4m1!1i2!8m2!3d40.26709!4d-7.497469!16s%2Fg%2F11c6qbsy7q!19sChIJx12GfgkjPQ0RQKpVDjwEmlA?authuser=0&hl=fr&rclk=1
Hotel Covilha Dona Maria Affiliated by Meliá," Alameda Pêro da Covilhã, 6200-507 Covilhã, Portugal",Covilhã+Portugal,Portugal,Hôtel avec spa,,"4,5", +351 275 310 000,https://www.melia.com/pt/hoteis/portugal/covilha/hotel-covilha-dona-maria-by-melia?utm_campaign=google&utm_content=5661&utm_medium=organic&utm_source=directories,,,https://www.google.com/maps/place/Hotel+Covilha+Dona+Maria+Affiliated+by+Meli%C3%A1/data=!4m10!3m9!1s0xd3d239fd65736a9:0x3abae3272ffa04e6!5m2!4m1!1i2!8m2!3d40.269588!4d-7.505256!16s%2Fg%2F11ckqhv9nz!19sChIJqTZX1p8jPQ0R5gT6Lyfjujo?authuser=0&hl=fr&rclk=1
Puralã - Wool Valley Hotel & SPA," Alameda Pêro da Covilhã, 6200-507 Covilhã, Portugal",Covilhã+Portugal,Portugal,Hôtel avec spa,,"4,5", +351 275 330 400,http://www.hotelpurala.pt/,geral@naturaimbhotels.com,,https://www.google.com/maps/place/Pural%C3%A3+-+Wool+Valley+Hotel+%26+SPA/data=!4m10!3m9!1s0xd3d22fef283f8a5:0x509a043c0e55aa40!5m2!4m1!1i2!8m2!3d40.2670902!4d-7.4974686!16s%2Fg%2F11c6qbsy7q!19sChIJpfiD8v4iPQ0RQKpVDjwEmlA?authuser=0&hl=fr&rclk=1
Hotel Covilha Dona Maria Affiliated by Meliá," Alameda Pêro da Covilhã, 6200-507 Covilhã, Portugal",Covilhã+Portugal,Portugal,Hôtel avec spa,,"4,5", +351 275 310 000,https://www.melia.com/pt/hoteis/portugal/covilha/hotel-covilha-dona-maria-by-melia?utm_campaign=google&utm_content=5661&utm_medium=organic&utm_source=directories,,,https://www.google.com/maps/place/Hotel+Covilha+Dona+Maria+Affiliated+by+Meli%C3%A1/data=!4m10!3m9!1s0xd3d239fd701823b:0x3abae3272ffa04e6!5m2!4m1!1i2!8m2!3d40.269588!4d-7.505256!16s%2Fg%2F11ckqhv9nz!19sChIJO4IB158jPQ0R5gT6Lyfjujo?authuser=0&hl=fr&rclk=1
Pena D'Água Boutique Hotel & Villas," R. de São Francisco Álvares, 6200-104 Covilhã, Portugal",Covilhã+Portugal,Portugal,Hôtel avec spa,,"4,6", +351 275 334 168,https://www.penadagua.com/,info@penadagua.com,,https://www.google.com/maps/place/Pena+D%27%C3%81gua+Boutique+Hotel+%26+Villas/data=!4m10!3m9!1s0xd3d233f73e70f69:0x76a37f6100a0c03!5m2!4m1!1i2!8m2!3d40.2830865!4d-7.5060769!16s%2Fg%2F11fvqp89z3!19sChIJaQ_ncz8jPQ0RAwwKEPY3agc?authuser=0&hl=fr&rclk=1
Covilha Parque Hotel Business & Family," Av. Frei Heitor Pinto Bloco A, 6201-909 Covilhã, Portugal",Covilhã+Portugal,Portugal,Hôtel avec spa,,"4,6", +351 275 329 320,http://www.sporthotel.pt/,geral@naturaimbhotels.com,,https://www.google.com/maps/place/Covilha+Parque+Hotel+Business+%26+Family/data=!4m10!3m9!1s0xd3d22fef283f8a5:0x8dec5e86359ba70f!5m2!4m1!1i2!8m2!3d40.2841093!4d-7.5054775!16s%2Fg%2F1tj5mg2c!19sChIJpfiD8v4iPQ0RD6ebNYZe7I0?authuser=0&hl=fr&rclk=1
Pousada Serra da Estrela," Estrada Nacional 339, 6200-324 Covilhã, Portugal",Covilhã+Portugal,Portugal,Centre thermal,,"4,6", +351 275 247 390,https://www.pousadas.pt/en/hotel/pousada-serra-estrela?utm_campaign=pousada-serra-estrela-partoo&utm_medium=organicsearch,fo.pousadasestrela@pestana.com,,https://www.google.com/maps/place/Pousada+Serra+da+Estrela/data=!4m10!3m9!1s0xd3d240dd3cb3755:0x6fa0eb1b0e6d0987!5m2!4m1!1i2!8m2!3d40.291895!4d-7.533361!16s%2Fg%2F11b63838hj!19sChIJVTfL0w0kPQ0RhwltDhvroG8?authuser=0&hl=fr&rclk=1
H2otel Congress & Medical Spa," Av. das Termas Apartado 459, 6215-674 Unhais da Serra, Portugal",Covilhã+Portugal,Portugal,Centre thermal,,"4,8", +351 275 970 020,http://www.h2otel.pt/,geral@naturaimbhotels.com,,https://www.google.com/maps/place/H2otel+Congress+%26+Medical+Spa/data=!4m10!3m9!1s0xd3d2f9d180e33e3:0x8a70685ab3c8807!5m2!4m1!1i2!8m2!3d40.2661659!4d-7.6240681!16s%2Fg%2F11bbrkty4x!19sChIJ4zMOGJ0vPQ0RB4g8q4UGpwg?authuser=0&hl=fr&rclk=1
Aquadome (Termas de Unhais da Serra)," Av. das Termas, 6200-999 Covilhã, Portugal",Covilhã+Portugal,Portugal,Centre thermal,Spa,"4,7", +351 275 970 030,http://www.aquadome.pt/,ppires@assec.pt,,https://www.google.com/maps/place/Aquadome+%28Termas+de+Unhais+da+Serra%29/data=!4m7!3m6!1s0xd3d2f771da158cd:0x77f49baf53fbdf88!8m2!3d40.2653058!4d-7.6245872!16s%2Fg%2F1hdzrvbny!19sChIJzVihHXcvPQ0RiN_7U6-b9Hc?authuser=0&hl=fr&rclk=1
Jardim do Lago," Alameda da Europa, Covilhã, Portugal",Covilhã+Portugal,Portugal,Parc aquatique,Jardin,"4,4",,,,,https://www.google.com/maps/place/Jardim+do+Lago/data=!4m7!3m6!1s0xd3d23a6a34e4d0d:0x964b38bb572eebbc!8m2!3d40.2747036!4d-7.4966319!16s%2Fg%2F119wk4786!19sChIJDU1Oo6YjPQ0RvOsuV7s4S5Y?authuser=0&hl=fr&rclk=1
Amarante Water Park," Rua do Tâmega 2245 -909, 4600-909, Portugal",Covilhã+Portugal,Portugal,Parc aquatique,Parc aquatique,"4,3", +351 255 410 040,http://parqueaquaticoamarante.com/,waterpark@tamegaclube.com,,https://www.google.com/maps/place/Amarante+Water+Park/data=!4m7!3m6!1s0xd24be6ec5c6f72d:0x5c768383645eaab6!8m2!3d41.2495036!4d-8.1056498!16s%2Fg%2F11gfkm5bvk!19sChIJLffGxW6-JA0RtqpeZIODdlw?authuser=0&hl=fr&rclk=1
Panorâmico Aquaparque," R. Eiras de Belém 20, 3100-319 Pombal, Portugal",Covilhã+Portugal,Portugal,Parc aquatique,Parc aquatique,"4,1", +351 236 217 774,http://www.panoramicoaquaparque.com/,%20panoramico.aquaparque@gmail.com,,https://www.google.com/maps/place/Panor%C3%A2mico+Aquaparque/data=!4m7!3m6!1s0xd2266707c37d90d:0x76c18e2b4fba5d4b!8m2!3d39.9228286!4d-8.5957675!16s%2Fg%2F1v29d92_!19sChIJDdk3fHBmIg0RS126TyuOwXY?authuser=0&hl=fr&rclk=1
Slide & Splash," Portugal PT, Vale de Deus 125, 8401-901 Estômbar, Portugal",Covilhã+Portugal,Portugal,Parc aquatique,Parc aquatique,"4,5", +351 282 340 800,http://www.slidesplash.com/,info@slidesplash.com,,https://www.google.com/maps/place/Slide+%26+Splash/data=!4m7!3m6!1s0xd1ad7dcb0aff5c5:0xbe389806c01894c5!8m2!3d37.1399192!4d-8.474926!16s%2Fg%2F1tg36h9c!19sChIJxfWvsNzXGg0RxZQYwAaYOL4?authuser=0&hl=fr&rclk=1
Parque Aquático de Fafe," Tv. Sol Poente 1, 4820-338 Fafe, Portugal",Covilhã+Portugal,Portugal,Parc aquatique,Parc aquatique,"4,2", +351 910 637 001,https://parqueaquaticofafe.pt/,geral@parqueaquaticofafe.pt,,https://www.google.com/maps/place/Parque+Aqu%C3%A1tico+de+Fafe/data=!4m7!3m6!1s0xd24e8f74d5c38a3:0x43dd9e7f1bd60c2!8m2!3d41.4396041!4d-8.1827994!16s%2Fg%2F1q5bmncb5!19sChIJozhcTffoJA0RwmC98efZPQQ?authuser=0&hl=fr&rclk=1
Pool Cabanões," Viseu, Portugal",Covilhã+Portugal,Portugal,Parc aquatique,Parc aquatique,"3,8", +351 232 469 102,http://complexodesportivoprincipeperfeito.pt/,desportosprincipeperfeito@montebelohotels.com,,https://www.google.com/maps/place/Pool+Caban%C3%B5es/data=!4m7!3m6!1s0xd2337b987eb95d1:0xe44462a6338060dc!8m2!3d40.6307869!4d-7.9040071!16s%2Fg%2F11c5001hjm!19sChIJ0ZXrh7k3Iw0R3GCAM6ZiROQ?authuser=0&hl=fr&rclk=1
Water Park Gerês," Praia de, Rua do Alqueirão, 4845-062 Alqueirão, Portugal",Covilhã+Portugal,Portugal,Parc aquatique,Parc aquatique,"4,4", +351 915 658 866,,,,https://www.google.com/maps/place/Water+Park+Ger%C3%AAs/data=!4m7!3m6!1s0xd251f885badc287:0xdf23855258e4ecd0!8m2!3d41.6796211!4d-8.1762636!16s%2Fg%2F11fn25wx_g!19sChIJh8KtW4gfJQ0R0OzkWFKFI98?authuser=0&hl=fr&rclk=1
"NaturWaterPark - Parque de Diversões do Douro, Lda"," Quinta do Barroco, Póvoa, 5000-037 Vila Real, Portugal",Covilhã+Portugal,Portugal,Parc aquatique,,"4,3", +351 259 309 120,http://www.naturwaterpark.pt/,,,"https://www.google.com/maps/place/NaturWaterPark+-+Parque+de+Divers%C3%B5es+do+Douro,+Lda/data=!4m7!3m6!1s0xd3b4f284f893e7d:0xf52d0a705512fb1f!8m2!3d41.2559981!4d-7.651942!16s%2Fg%2F1tdz17kg!19sChIJfT6JTyhPOw0RH_sSVXAKLfU?authuser=0&hl=fr&rclk=1"
Parque Fluvial de Casegas," 6225-120 Casegas, Portugal",Covilhã+Portugal,Portugal,Parc aquatique,Parc aquatique,"4,5",,,,,https://www.google.com/maps/place/Parque+Fluvial+de+Casegas/data=!4m7!3m6!1s0xd3d31803d1c3ecb:0xd8bd616830334eb6!8m2!3d40.176213!4d-7.696715!16s%2Fg%2F11d_pw7tz0!19sChIJyz4cPYAxPQ0Rtk4zMGhhvdg?authuser=0&hl=fr&rclk=1
Water Park Splash Wave," 3840-261, Portugal",Covilhã+Portugal,Portugal,Parc aquatique,Parc aquatique,"4,1", +351 234 797 732,http://www.vagasplash.com/,info@vagasplash.com,,https://www.google.com/maps/place/Water+Park+Splash+Wave/data=!4m7!3m6!1s0xd23beae6f732c8d:0x73d5d0980ca8fd60!8m2!3d40.5497484!4d-8.7705445!16s%2Fg%2F1tfsjpj8!19sChIJjSxzb66-Iw0RYP2oDJjQ1XM?authuser=0&hl=fr&rclk=1
Piscina Praia da Covilhã," R. Irmãos Bonina 16, 6200-565 Covilhã, Portugal",Covilhã+Portugal,Portugal,Parc aquatique,Piscine municipale,"4,3",,http://www.cm-covilha.pt/,,,https://www.google.com/maps/place/Piscina+Praia+da+Covilh%C3%A3/data=!4m7!3m6!1s0xd3d2397c41f5c59:0x60e7a6dbb13d6aef!8m2!3d40.2729876!4d-7.4958314!16s%2Fg%2F1vfn7z2w!19sChIJWVwfxJcjPQ0R72o9sdum52A?authuser=0&hl=fr&rclk=1
Aquashow," Aquashow Park, Volta do Parque n.º 1, 8125-313 Quarteira, Portugal",Covilhã+Portugal,Portugal,Parc aquatique,Parc aquatique,"4,4", +351 289 315 129,https://aquashowpark.com/,reservas@aquashowpark.com,,https://www.google.com/maps/place/Aquashow/data=!4m7!3m6!1s0xd1ab575a4f4c3dd:0xfddc87f54582acc1!8m2!3d37.0931577!4d-8.0719093!16s%2Fg%2F11hz2m39zb!19sChIJ3cP0pHW1Gg0RwayCRfWH3P0?authuser=0&hl=fr&rclk=1
Ponte da Ribeira da Carpinteira," R. Marquês de Ávila e Bolama 418, Covilhã, Portugal",Covilhã+Portugal,Portugal,Parc aquatique,Pont,"4,5",,,,,https://www.google.com/maps/place/Ponte+da+Ribeira+da+Carpinteira/data=!4m7!3m6!1s0xd3d23960170c67f:0x155f3828e4522c94!8m2!3d40.2853462!4d-7.5030325!16s%2Fg%2F11x1nxkm5!19sChIJf8ZwAZYjPQ0RlCxS5Cg4XxU?authuser=0&hl=fr&rclk=1
Hotel dos Carqueijais," E. N 339 km 28, 6200-324 Covilhã, Portugal",Covilhã+Portugal,Portugal,Thalassothérapie,,"4,1", +351 275 319 120,https://www.hoteldoscarqueijais.com/,reservas.carqueijais@turistrela.pt,,https://www.google.com/maps/place/Hotel+dos+Carqueijais/data=!4m10!3m9!1s0xd3d240b6af8707f:0x4de30fff90163daa!5m2!4m1!1i2!8m2!3d40.2900227!4d-7.5286353!16s%2Fg%2F11c2k7vcf2!19sChIJf3D4agskPQ0Rqj0WkP8P400?authuser=0&hl=fr&rclk=1
Casa das Penhas Douradas," Manteigas, Portugal",Covilhã+Portugal,Portugal,Thalassothérapie,,"4,7", +351 275 981 045,http://www.casadaspenhasdouradas.pt/,,,https://www.google.com/maps/place/Casa+das+Penhas+Douradas/data=!4m10!3m9!1s0xd3cd8bb6ad629f1:0xf1b449bc0e21f190!5m2!4m1!1i2!8m2!3d40.4082237!4d-7.5672865!16s%2Fg%2F1tgdk8zs!19sChIJ8SnWarvYPA0RkPEhDrxJtPE?authuser=0&hl=fr&rclk=1
Hotel Vila Galé Serra da Estrela," Fonte Santa, 6260-013 Manteigas, Portugal",Covilhã+Portugal,Portugal,Thalassothérapie,,"4,6", +351 272 240 020,https://www.vilagale.com/pt-pt/hoteis-portugal/hoteis-centro/vila-gale-collection-serra-da-estrela/,estrela@vilagale.com,https://www.linkedin.com/company/vila-gale-s-a-,https://www.google.com/maps/place/Hotel+Vila+Gal%C3%A9+Serra+da+Estrela/data=!4m10!3m9!1s0xd3d270541631781:0xce2e1370aa27b067!5m2!4m1!1i2!8m2!3d40.3816108!4d-7.5460586!16s%2Fg%2F11j20gg2_7!19sChIJgRdjQQUnPQ0RZ7AnqnATLs4?authuser=0&hl=fr&rclk=1
Aqua Village Health Resort & Spa," Av. Principal 5, 3400-521, Portugal",Covilhã+Portugal,Portugal,Thalassothérapie,,"4,7", +351 238 249 040,https://www.aquavillage.pt/,reservas@aquavillage.pt,,https://www.google.com/maps/place/Aqua+Village+Health+Resort+%26+Spa/data=!4m10!3m9!1s0xd22d5b2d2a50e4f:0xe7f4fd048a680713!5m2!4m1!1i2!8m2!3d40.326587!4d-7.8417995!16s%2Fg%2F11b7w018z4!19sChIJTw6l0rLVIg0REwdoigT99Oc?authuser=0&hl=fr&rclk=1
Satsanga Spa Serra da Estrela," Fonte Santa, 6260-013 Manteigas, Portugal",Covilhã+Portugal,Portugal,Thalassothérapie,Spa,"5,0", +351 272 240 040,https://www.vilagale.com/pt/destaques/spa-wellness/satsanga-spa-wellness,,https://www.linkedin.com/company/vila-gale-s-a-,https://www.google.com/maps/place/Satsanga+Spa+Serra+da+Estrela/data=!4m7!3m6!1s0xd3d27b165857701:0x7a4206a9f3b7be3b!8m2!3d40.3817259!4d-7.5458895!16s%2Fg%2F11sfql517d!19sChIJAXeFZbEnPQ0RO76386kGQno?authuser=0&hl=fr&rclk=1
Hotel Serra da Estrela," Serra da Estrela Nature Park, Estrada Nacional 339, Penhas da Saúde, 6200-073 Covilhã, Portugal",Covilhã+Portugal,Portugal,Thalassothérapie,,"3,7", +351 275 310 300,https://www.serradaestrelahotel.com/pt/index.html,reservas.serradaestrela@turistrela.pt,,https://www.google.com/maps/place/Hotel+Serra+da+Estrela/data=!4m10!3m9!1s0xd3d272a0e69614f:0xb31c284c714d6936!5m2!4m1!1i2!8m2!3d40.3076117!4d-7.5488602!16s%2Fg%2F11x5vkwctf!19sChIJT2FpDionPQ0RNmlNcUwoHLM?authuser=0&hl=fr&rclk=1
Hotel Ilha Graciosa," Avenida Mouzinho de Albuquerque 49, 9880-320 Santa Cruz da Graciosa, Portugal",Santa Cruz da Graciosa+Portugal,Portugal,Hôtel avec spa,,"3,7", +351 295 730 220,https://hotel-ilha-graciosa.hotelwey.com/,,,https://www.google.com/maps/place/Hotel+Ilha+Graciosa/data=!4m10!3m9!1s0xb487957826109ef:0x6e9e41463c7484f7!5m2!4m1!1i2!8m2!3d39.0841787!4d-28.0106852!16s%2Fg%2F1w666nkh!19sChIJ7wlhgld5SAsR94R0PEZBnm4?authuser=0&hl=fr&rclk=1
Casa das Faias," Rua Infante D. Henrique 10, 9880-236 Santa Cruz da Graciosa, Portugal",Santa Cruz da Graciosa+Portugal,Portugal,Hôtel avec spa,,"4,6", +351 295 732 766,,,,https://www.google.com/maps/place/Casa+das+Faias/data=!4m10!3m9!1s0xb487fa072d9fb49:0xbc4852cfa69dfd32!5m2!4m1!1i2!8m2!3d39.0531731!4d-27.9709148!16s%2Fg%2F1tzgqg72!19sChIJSfvZcqB_SAsRMv2dps9SSLw?authuser=0&hl=fr&rclk=1
Basalto Spa," Rua do Degredo, 17, Santa Cruz, 9880-370 Santa Cruz da Graciosa, Portugal",Santa Cruz da Graciosa+Portugal,Portugal,Hôtel avec spa,,"4,5", +351 295 712 078,,,,https://www.google.com/maps/place/Basalto+Spa/data=!4m7!3m6!1s0xb487eb966edd127:0x6e10ddd713ea7d9e!8m2!3d39.0868287!4d-28.0027594!16s%2Fg%2F11ggw0n7py!19sChIJJ9HtZrl-SAsRnn3qE9fdEG4?authuser=0&hl=fr&rclk=1
Hotel Santa Cruz," Barão, R. Nossa Sra. de Guadalupe 9, Portugal",Santa Cruz da Graciosa+Portugal,Portugal,Hôtel avec spa,,"3,8", +351 295 712 345,http://www.santacruzhotel.pt/,residencialsantacruz@sapo.pt,,https://www.google.com/maps/place/Hotel+Santa+Cruz/data=!4m10!3m9!1s0xb487eb0e765eb97:0xa2541557398c689d!5m2!4m1!1i2!8m2!3d39.0867684!4d-28.0094122!16s%2Fg%2F11dymtz4hv!19sChIJl-tl57B-SAsRnWiMOVcVVKI?authuser=0&hl=fr&rclk=1
Boa Nova Hostel," Largo da Calheta n16, 9880-346 Santa Cruz da Graciosa, Portugal",Santa Cruz da Graciosa+Portugal,Portugal,Hôtel avec spa,,"4,9", +351 926 627 541,http://www.boanovahostel.com/,geral@boanovahostel.com,,https://www.google.com/maps/place/Boa+Nova+Hostel/data=!4m10!3m9!1s0xb487f897d3bb5db:0x192925adf463f00d!5m2!4m1!1i2!8m2!3d39.0873329!4d-28.0087825!16s%2Fg%2F11n2ggh9cv!19sChIJ27U7fYl_SAsRDfBj9K0lKRk?authuser=0&hl=fr&rclk=1
Hotel da Graciosa," Porto da Barra, Santa Cruz Da Graciosa, 9880-378, Portugal",Santa Cruz da Graciosa+Portugal,Portugal,Hôtel avec spa,,"4,5", +351 910 220 930,https://www.hoteldagraciosa.pt/,res@hoteldagraciosa.pt,,https://www.google.com/maps/place/Hotel+da+Graciosa/data=!4m10!3m9!1s0xb487ebf1bcf6e2d:0x6c60bce24eaf703f!5m2!4m1!1i2!8m2!3d39.085352!4d-27.999152!16s%2Fg%2F11w_t2r1bf!19sChIJLW7PG79-SAsRP3CvTuK8YGw?authuser=0&hl=fr&rclk=1
INATEL Graciosa Hotel," Porto da Barra, Ilha Graciosa - Açores, 9880-378 Santa Cruz, Portugal",Santa Cruz da Graciosa+Portugal,Portugal,Hôtel avec spa,,"4,2", +351 295 730 500,https://hoteis.inatel.pt/pt/Menu/Hoteis-Alojamento/Natureza/Graciosa/Graciosa-Hotel.aspx,,,https://www.google.com/maps/place/INATEL+Graciosa+Hotel/data=!4m10!3m9!1s0xb487ebf05e37089:0x7f9d84a9e2cfb3c!5m2!4m1!1i2!8m2!3d39.085382!4d-27.9985!16s%2Fg%2F1ptw4zg62!19sChIJiXDjBb9-SAsRPPssnkrY-Qc?authuser=0&hl=fr&rclk=1
Hotel da Graciosa," Porto da Barra, Santa Cruz Da Graciosa, 9880-378, Portugal",Santa Cruz da Graciosa+Portugal,Portugal,Hôtel avec spa,,"4,5", +351 910 220 930,https://www.hoteldagraciosa.pt/,res@hoteldagraciosa.pt,,https://www.google.com/maps/place/Hotel+da+Graciosa/data=!4m10!3m9!1s0xb487fcfae25e895:0x6c60bce24eaf703f!5m2!4m1!1i2!8m2!3d39.0853515!4d-27.9991524!16s%2Fg%2F11w_t2r1bf!19sChIJleglrs9_SAsRP3CvTuK8YGw?authuser=0&hl=fr&rclk=1
INATEL Graciosa Hotel," Porto da Barra, Ilha Graciosa - Açores, 9880-378 Santa Cruz, Portugal",Santa Cruz da Graciosa+Portugal,Portugal,Hôtel avec spa,,"4,2", +351 295 730 500,https://hoteis.inatel.pt/pt/Menu/Hoteis-Alojamento/Natureza/Graciosa/Graciosa-Hotel.aspx,,,https://www.google.com/maps/place/INATEL+Graciosa+Hotel/data=!4m10!3m9!1s0xb4879572ffbeda9:0x7f9d84a9e2cfb3c!5m2!4m1!1i2!8m2!3d39.0853825!4d-27.9985003!16s%2Fg%2F1ptw4zg62!19sChIJqe37L1d5SAsRPPssnkrY-Qc?authuser=0&hl=fr&rclk=1
Casa da Beira Mar," Beira Mar da Vitória, 9880-013 Santa Cruz da Graciosa, Portugal",Santa Cruz da Graciosa+Portugal,Portugal,Hôtel avec spa,,"4,5", +351 968 626 341,,,,https://www.google.com/maps/place/Casa+da+Beira+Mar/data=!4m10!3m9!1s0xb487970d2bf09b1:0x65e45091c9b6c395!5m2!4m1!1i2!8m2!3d39.0772733!4d-28.0596356!16s%2Fg%2F11cs6lr_j5!19sChIJsQm_0nB5SAsRlcO2yZFQ5GU?authuser=0&hl=fr&rclk=1
Termas do Carapacho," Rua Doutor Manuel de Sousa Menezes s/n, 9880-152 Carapacho, Portugal",Santa Cruz da Graciosa+Portugal,Portugal,Centre thermal,Thermes,"4,6", +351 295 714 068,https://www.termasdocarapacho.com/,geral@termasdocarapacho.com,,https://www.google.com/maps/place/Termas+do+Carapacho/data=!4m7!3m6!1s0xb47d50057e8f5b1:0x6ca862d6e191906b!8m2!3d39.012772!4d-27.9590252!16s%2Fg%2F121zpl75!19sChIJsfXoVwDVRwsRa5CR4dZiqGw?authuser=0&hl=fr&rclk=1
Poça da Dona Beija," Lomba Das Barracas s/n, 9675-044 Furnas, Portugal",Santa Cruz da Graciosa+Portugal,Portugal,Centre thermal,Thermes,"4,6",,http://www.pocadonabeija.com/,pocadadonabeija@gmail.com,,https://www.google.com/maps/place/Po%C3%A7a+da+Dona+Beija/data=!4m7!3m6!1s0xb5d204fd4ff7497:0xf57d47bd7f436b77!8m2!3d37.7692714!4d-25.3193111!16s%2Fg%2F11cfhnkc_!19sChIJl3T_1E8gXQsRd2tDf71HffU?authuser=0&hl=fr&rclk=1
Graciosa Bullring," Santa Cruz da Graciosa, Portugal",Santa Cruz da Graciosa+Portugal,Portugal,Centre thermal,Arène,"4,4",,,,,https://www.google.com/maps/place/Graciosa+Bullring/data=!4m7!3m6!1s0xb487ec73e2946a3:0x5247cc561bda0b05!8m2!3d39.0811204!4d-28.0024872!16s%2Fg%2F11c6z3750t!19sChIJo0YpPsd-SAsRBQvaG1bMR1I?authuser=0&hl=fr&rclk=1
Termas da Ferraria," Ginetes, Portugal",Santa Cruz da Graciosa+Portugal,Portugal,Centre thermal,Thermes,"4,3", +351 296 295 669,https://www.facebook.com/termas.ferraria.90/?locale=pt_PT,,,https://www.google.com/maps/place/Termas+da+Ferraria/data=!4m7!3m6!1s0xb433075effc4a91:0xed304ac0a0ff8440!8m2!3d37.8608255!4d-25.8525276!16s%2Fg%2F11byhj2zgd!19sChIJkUr873UwQwsRQIT_oMBKMO0?authuser=0&hl=fr&rclk=1
Piscinas Naturais do Carapacho," Carapacho, Portugal",Santa Cruz da Graciosa+Portugal,Portugal,Centre thermal,Piscine extérieure,"4,8",,,,,https://www.google.com/maps/place/Piscinas+Naturais+do+Carapacho/data=!4m7!3m6!1s0xb47d5733a70e65b:0xbaf3dfe546fbaa6e!8m2!3d39.0125774!4d-27.9590531!16s%2Fg%2F11f9gjyxrm!19sChIJW-ZwOnPVRwsRbqr7RuXf87o?authuser=0&hl=fr&rclk=1
Aquaparque Madeira," ER101, 9100-000 Gaula, Portugal",Santa Cruz da Graciosa+Portugal,Portugal,Parc aquatique,Parc aquatique,"3,8", +351 291 640 535,https://aquaparque-madeira.com/,desabafos.verao@gmail.com,,https://www.google.com/maps/place/Aquaparque+Madeira/data=!4m7!3m6!1s0xc6063736bcba275:0x3e75fcfda401014d!8m2!3d32.6836851!4d-16.7967709!16s%2Fg%2F11hzpnhyb2!19sChIJdaLLa3NjYAwRTQEBpP38dT4?authuser=0&hl=fr&rclk=1
Aqua Parque dos Açores," Rua Manuel António, R. Eng. Martins Mota, 9680-029 Vila Franca Do Campo, Portugal",Santa Cruz da Graciosa+Portugal,Portugal,Parc aquatique,Parc aquatique,"3,5",,,,,https://www.google.com/maps/place/Aqua+Parque+dos+A%C3%A7ores/data=!4m7!3m6!1s0xb5d2708db17f0cb:0x1b45319ab5a0c473!8m2!3d37.7172456!4d-25.4273931!16s%2Fg%2F11j2p94fh1!19sChIJy_AX2wgnXQsRc8SgtZoxRRs?authuser=0&hl=fr&rclk=1
Longroiva spa," R. da Corredoura, Mêda, Portugal",Ribeira de Pena+Portugal,Portugal,Centre thermal,Thermes,"4,5", +351 279 849 230,https://www.cm-meda.pt/polo-termal-de-longroiva/,geral@cm-meda.pt,,https://www.google.com/maps/place/Longroiva+spa/data=!4m7!3m6!1s0xd3c846512c13aaf:0xceb152d874cab588!8m2!3d40.965037!4d-7.2098184!16s%2Fg%2F1v8x3h56!19sChIJrzrBEmWEPA0RiLXKdNhSsc4?authuser=0&hl=fr&rclk=1
Pena Park Hotel," Rua do Complexo Turístico de Lamelas, 1, 4870-110 Ribeira de Pena, Portugal",Ribeira de Pena+Portugal,Portugal,Centre thermal,,"4,6", +351 259 100 880,http://www.penaparkhotel.pt/,,,https://www.google.com/maps/place/Pena+Park+Hotel/data=!4m10!3m9!1s0xd24d2a37fb9bc27:0x3786912a92794673!5m2!4m1!1i2!8m2!3d41.5041959!4d-7.8017347!16s%2Fg%2F11cn8td3dq!19sChIJJ7y5f6PSJA0Rc0Z5kiqRhjc?authuser=0&hl=fr&rclk=1
Caldelas Spa," Braga PT, Av. Afonso Manuel 255, 4720-249 Caldelas, Portugal",Ribeira de Pena+Portugal,Portugal,Centre thermal,Thermes,"4,3", +351 253 368 165,https://termas-caldelas.com/,,,https://www.google.com/maps/place/Caldelas+Spa/data=!4m7!3m6!1s0xd2503b960e26e27:0x4ea116b6f6557b7a!8m2!3d41.667979!4d-8.3699156!16s%2Fg%2F122qs4h7!19sChIJJ27iYLkDJQ0RentV9rYWoU4?authuser=0&hl=fr&rclk=1
Termas das Caldeiras da Ribeira Grande," Caldeiras, 9600-501 Ribeira Grande, Portugal",Ribeira de Pena+Portugal,Portugal,Centre thermal,Station thermale,"4,3", +351 296 493 560,,,,https://www.google.com/maps/place/Termas+das+Caldeiras+da+Ribeira+Grande/data=!4m7!3m6!1s0xb5cd79c9e02da83:0x79ec149a9ee3425e!8m2!3d37.7979471!4d-25.4873641!16s%2Fg%2F11g8wd7djc!19sChIJg9oCnpzXXAsRXkLjnpoU7Hk?authuser=0&hl=fr&rclk=1
Balneário Pedagógico de Vidago," Rua João de Oliveira, 5425-352 Vidago, Portugal",Ribeira de Pena+Portugal,Portugal,Centre thermal,Institut de spa et bien-être,"4,2", +351 276 301 515,http://bpvidago.pt/,bpvidago@termasdechaves.pt,,https://www.google.com/maps/place/Balne%C3%A1rio+Pedag%C3%B3gico+de+Vidago/data=!4m7!3m6!1s0xd3b27aaff207ba5:0x1c2b2a33b2928b8b!8m2!3d41.6326533!4d-7.5704987!16s%2Fg%2F11b_2rdqsw!19sChIJpXsg_6onOw0Ri4uSsjMqKxw?authuser=0&hl=fr&rclk=1
Pena Aventura," Rua do, Travessa do Complexo Turístico de Lamelas 2, Portela de Santa Eulália, 4870-129 Ribeira de Pena, Portugal",Ribeira de Pena+Portugal,Portugal,Centre thermal,Parc d'attractions,"4,6", +351 259 498 085,https://www.penaaventura.com.pt/,,,https://www.google.com/maps/place/Pena+Aventura/data=!4m7!3m6!1s0xd24ce1854cba225:0xe3bfb6cee936e31e!8m2!3d41.5057163!4d-7.7995309!16s%2Fg%2F1tk64dls!19sChIJJaLLVBjOJA0RHuM26c62v-M?authuser=0&hl=fr&rclk=1
Pedras Salgadas Spa & Nature Park," Spa & Nature Park, 5450-140, Portugal",Ribeira de Pena+Portugal,Portugal,Centre thermal,,"4,5", +351 259 437 140,http://www.pedrassalgadaspark.com/,reservations@pedrassalgadaspark.com,,https://www.google.com/maps/place/Pedras+Salgadas+Spa+%26+Nature+Park/data=!4m10!3m9!1s0xd3b30249a4bda27:0x1a5e027627675ace!5m2!4m1!1i2!8m2!3d41.5460768!4d-7.6059768!16s%2Fg%2F11y22z20g!19sChIJJ9pLmiQwOw0RzlpnJ3YCXho?authuser=0&hl=fr&rclk=1
Termas do Cró, Portugal,Ribeira de Pena+Portugal, Portugal,Centre thermal,Thermes,"4,4", +351 271 589 000,http://www.termasdocro.pt/,geral@termasdocro.pt,,https://www.google.com/maps/place/Termas+do+Cr%C3%B3/data=!4m7!3m6!1s0xd3c54e6c3c144c9:0x6140199a1b985a4e!8m2!3d40.4422466!4d-7.0440586!16s%2Fg%2F1238y695!19sChIJyUTBw-ZUPA0RTlqYG5oZQGE?authuser=0&hl=fr&rclk=1
Taipas Termal," Largo das Termas, 4805-079 Caldelas, Portugal",Ribeira de Pena+Portugal,Portugal,Centre thermal,Thermes,"4,3", +351 253 577 845,http://taipastermal.com/,info@stagheaddesigns.com,,https://www.google.com/maps/place/Taipas+Termal/data=!4m7!3m6!1s0xd24fafaa7423461:0x2f534a54cd47af2e!8m2!3d41.4879285!4d-8.3424626!16s%2Fg%2F1td4q_8m!19sChIJYTRCp_r6JA0RLq9HzVRKUy8?authuser=0&hl=fr&rclk=1
"NaturWaterPark - Parque de Diversões do Douro, Lda"," Quinta do Barroco, Póvoa, 5000-037 Vila Real, Portugal",Ribeira de Pena+Portugal,Portugal,Parc aquatique,,"4,3", +351 259 309 120,http://www.naturwaterpark.pt/,,,"https://www.google.com/maps/place/NaturWaterPark+-+Parque+de+Divers%C3%B5es+do+Douro,+Lda/data=!4m10!3m9!1s0xd3b4f284f893e7d:0xf52d0a705512fb1f!5m2!4m1!1i2!8m2!3d41.2559981!4d-7.651942!16s%2Fg%2F1tdz17kg!19sChIJfT6JTyhPOw0RH_sSVXAKLfU?authuser=0&hl=fr&rclk=1"
Norpark - Aquatic Amusement Nazaré," Praia do Norte, 2450-065 Nazaré, Portugal",Ribeira de Pena+Portugal,Portugal,Parc aquatique,Parc aquatique,"4,1", +351 262 568 515,https://norparknazare.pt/,,,https://www.google.com/maps/place/Norpark+-+Aquatic+Amusement+Nazar%C3%A9/data=!4m7!3m6!1s0xd18a9c3a917f529:0x63bafea1726a9c40!8m2!3d39.6130378!4d-9.0801809!16s%2Fg%2F1trps1rn!19sChIJKfUXqcOpGA0RQJxqcqH-umM?authuser=0&hl=fr&rclk=1
Parque Desportivo Municipal," Ribeira de Pena, Portugal",Ribeira de Pena+Portugal,Portugal,Parc aquatique,Complexe sportif,"4,5", +351 259 490 500,http://www.cm-rpena.pt/,geral@cm-rpena.pt,,https://www.google.com/maps/place/Parque+Desportivo+Municipal/data=!4m7!3m6!1s0xd24d2c803906275:0xa657b54d70714fe!8m2!3d41.5168107!4d-7.795164!16s%2Fg%2F11ckv50k77!19sChIJdWKQA8jSJA0R_hQH11R7ZQo?authuser=0&hl=fr&rclk=1
Magikland - Amusement Park," R. Santo Andrė n.º1279, 4560-221 Marecos, Portugal",Ribeira de Pena+Portugal,Portugal,Parc aquatique,Parc de loisirs,"4,3", +351 255 712 357,http://www.magikland.pt/,reservas@magikland.pt,,https://www.google.com/maps/place/Magikland+-+Amusement+Park/data=!4m7!3m6!1s0xd2491bc723d2bfd:0xa1bc78c1912d471f!8m2!3d41.1992207!4d-8.2799437!16s%2Fg%2F122sxhkz!19sChIJ_Ss9cryRJA0RH0ctkcF4vKE?authuser=0&hl=fr&rclk=1
Nature Relax," Av. da Noruega Bloco 4 Loja 4A, 4870-151 Ribeira de Pena, Portugal",Ribeira de Pena+Portugal,Portugal,Thalassothérapie,Massothérapeute,"5,0",,https://nature-relax-1.buk.pt/,,,https://www.google.com/maps/place/Nature+Relax/data=!4m7!3m6!1s0xd24d3ed0ec83209:0x272fe0326dc71adb!8m2!3d41.5182881!4d-7.7939921!16s%2Fg%2F11kwprf2ss!19sChIJCTLIDu3TJA0R2xrHbTLgLyc?authuser=0&hl=fr&rclk=1
Hotel Algarve Casino," Av. Tomás Cabreira 51, 8500-802 Portimão, Portugal",Silves+Portugal,Portugal,Hôtel avec spa,,"4,2", +351 282 402 000,https://gruposolverde.pt/hoteis/hotel-algarve-casino/,hotelalgarve@solverde.pt,https://www.linkedin.com/company/gruposolverde,https://www.google.com/maps/place/Hotel+Algarve+Casino/data=!4m10!3m9!1s0xd1b28fdf0a18ee9:0x87063da4800f3367!5m2!4m1!1i2!8m2!3d37.1184236!4d-8.5348552!16s%2Fg%2F1tflz4lq!19sChIJ6Y6h8P0oGw0RZzMPgKQ9Boc?authuser=0&hl=fr&rclk=1
Vista Marina Apartamentos Turísticos," R. do Oceano Índico, 8500-802 Portimão, Portugal",Silves+Portugal,Portugal,Hôtel avec spa,,"4,1", +351 282 077 600,https://www.vistamarina.pt/,reservations@vistamarina.pt,,https://www.google.com/maps/place/Vista+Marina+Apartamentos+Tur%C3%ADsticos/data=!4m10!3m9!1s0xd1b2992f55f293d:0x3d8edaa1449b31e7!5m2!4m1!1i2!8m2!3d37.1257815!4d-8.5356871!16s%2Fg%2F11f7tt208m!19sChIJPSlf9ZIpGw0R5zGbRKHajj0?authuser=0&hl=fr&rclk=1
Água Hotels Riverside," Quinta das Marinhas, Rua Alberto Boto dos Santos n 7, 8400-655 Parchal, Portugal",Silves+Portugal,Portugal,Hôtel avec spa,,"4,3", +351 282 490 300,http://www.aguahotels.pt/index.php/pt/hoteis-builder/riverside,bookings@aguahotels.pt,,https://www.google.com/maps/place/%C3%81gua+Hotels+Riverside/data=!4m10!3m9!1s0xd1b286805fca2cb:0x8953ea019fda0993!5m2!4m1!1i2!8m2!3d37.1417371!4d-8.5168897!16s%2Fg%2F1xpwl138!19sChIJy6L8BWgoGw0RkwnanwHqU4k?authuser=0&hl=fr&rclk=1
Monchique Resort & Spa," Lugar do Montinho, 8550-232, Portugal",Silves+Portugal,Portugal,Hôtel avec spa,,"4,5", +351 282 240 100,https://www.monchiqueresort.com/,info@monchiqueresort.com,,https://www.google.com/maps/place/Monchique+Resort+%26+Spa/data=!4m10!3m9!1s0xd1b217317fadb5d:0xcae67e0f432ea9ac!5m2!4m1!1i2!8m2!3d37.279615!4d-8.551536!16s%2Fg%2F11cm_gt_6s!19sChIJXdv6F3MhGw0RrKkuQw9-5so?authuser=0&hl=fr&rclk=1
Jupiter Algarve Hotel," Av. Tomás Cabreira 92, 8500-802 Portimão, Portugal",Silves+Portugal,Portugal,Hôtel avec spa,,"4,4", +351 282 470 470,http://www.jupiteralgarvehotel.com/,info.algarve@jupiterhotelgroup.com,https://www.linkedin.com/company/jupiterhotelgroup,https://www.google.com/maps/place/Jupiter+Algarve+Hotel/data=!4m10!3m9!1s0xd1b28e2c6b62ced:0xdc15e7063a8d68eb!5m2!4m1!1i2!8m2!3d37.1191643!4d-8.5368502!16s%2Fg%2F1hf88hgwm!19sChIJ7Sy2xuIoGw0R62iNOgbnFdw?authuser=0&hl=fr&rclk=1
Vale da Lapa Village Resort," Estrada das Sesmarias, 8400-535 Carvoeiro, Portugal",Silves+Portugal,Portugal,Hôtel avec spa,,"4,6", +351 282 380 800,https://www.valedalapa.com/?partner=11576&utm_source=google&utm_medium=organic&utm_campaign=MyBusiness,booking@valedalapa.com,,https://www.google.com/maps/place/Vale+da+Lapa+Village+Resort/data=!4m10!3m9!1s0xd1ad6283c2ee553:0xb52d35fed4a2b5b7!5m2!4m1!1i2!8m2!3d37.1118858!4d-8.4836407!16s%2Fg%2F1v6p5khw!19sChIJU-UuPCjWGg0Rt7Wi1P41LbU?authuser=0&hl=fr&rclk=1
Pestana Gramacho Residences," Carvoeiro Golfe 1011 S.A, Apartado, 8401-908 Estômbar, Portugal",Silves+Portugal,Portugal,Hôtel avec spa,,"4,3", +351 282 340 900,https://www.pestana.com/en/hotel/pestana-gramacho-residences?utm_campaign=pestana-gramacho-residences-partoo&utm_medium=organicsearch,fo.gramachoresidence@pestana.com,,https://www.google.com/maps/place/Pestana+Gramacho+Residences/data=!4m10!3m9!1s0xd1b2831f773ca2b:0x11e2c5bcac706cbf!5m2!4m1!1i2!8m2!3d37.1265145!4d-8.4958!16s%2Fm%2F05p3djj!19sChIJK8pz9zEoGw0Rv2xwrLzF4hE?authuser=0&hl=fr&rclk=1
Algarve Race Resort," Sítio do Escampadinho, 8500-148 Portimão, Portugal",Silves+Portugal,Portugal,Hôtel avec spa,,"4,3", +351 282 249 600,https://www.algarveraceresort.com/,,,https://www.google.com/maps/place/Algarve+Race+Resort/data=!4m10!3m9!1s0xd1b237cf0caef91:0xb2026c21cd14a71a!5m2!4m1!1i2!8m2!3d37.242476!4d-8.624665!16s%2Fg%2F11c0w9fysn!19sChIJke_K8HwjGw0RGqcUzSFsArI?authuser=0&hl=fr&rclk=1
Bela Vista Hotel & SPA - Relais & Châteaux," Av. Tomás Cabreira, 8500-802 Portimão, Portugal",Silves+Portugal,Portugal,Hôtel avec spa,,"4,5", +351 282 460 280,http://www.hotelbelavista.net/,info@hotel-belavista.com,,https://www.google.com/maps/place/Bela+Vista+Hotel+%26+SPA+-+Relais+%26+Ch%C3%A2teaux/data=!4m10!3m9!1s0xd1b28e2c041a395:0x50aabcab8f09641c!5m2!4m1!1i2!8m2!3d37.1185334!4d-8.5374673!16s%2Fg%2F1w347wqx!19sChIJlaNBwOIoGw0RHGQJj6u8qlA?authuser=0&hl=fr&rclk=1
Monchique Resort & Spa," Lugar do Montinho, 8550-232, Portugal",Silves+Portugal,Portugal,Hôtel avec spa,,"4,5", +351 282 240 100,https://www.monchiqueresort.com/,info@monchiqueresort.com,,https://www.google.com/maps/place/Monchique+Resort+%26+Spa/data=!4m10!3m9!1s0xd1b21e67b2fffff:0xcae67e0f432ea9ac!5m2!4m1!1i2!8m2!3d37.2796151!4d-8.5515364!16s%2Fg%2F11cm_gt_6s!19sChIJ__8ve-YhGw0RrKkuQw9-5so?authuser=0&hl=fr&rclk=1
villa l'Estaque," 613 E SITIO DA TORRE, R. de Torre, 8365-184 Armação de Pêra, Portugal",Silves+Portugal,Portugal,Hôtel avec spa,,"4,9", +351 926 599 844,https://www.villalestaque.com/VILLALESTAQUE_WEB/FR/,villalestaque.pt@gmail.com,,https://www.google.com/maps/place/villa+l%27Estaque/data=!4m10!3m9!1s0xd1ad1decddd981d:0x3607ee6f74eefb29!5m2!4m1!1i2!8m2!3d37.1213542!4d-8.3634222!16s%2Fg%2F11kpf156q8!19sChIJHZjdzd7RGg0RKfvudG_uBzY?authuser=0&hl=fr&rclk=1
Pestana Carvoeiro Golf - AL," Carvoeiro Golfe, S.A, Apartado 1011, 8401-908 Carvoeiro, Portugal",Silves+Portugal,Portugal,Hôtel avec spa,,"4,1", +351 282 340 900,https://www.pestana.com/en/hotel/pestana-carvoeiro?utm_campaign=pestana-carvoeiro-partoo&utm_medium=organicsearch,info@pestanagolf.com,,https://www.google.com/maps/place/Pestana+Carvoeiro+Golf+-+AL/data=!4m10!3m9!1s0xd1b29274e2c733d:0xa0fdde8dc5cd7e03!5m2!4m1!1i2!8m2!3d37.12541!4d-8.487977!16s%2Fg%2F11d_z6xxlh!19sChIJPXMsTicpGw0RA37NxY3e_aA?authuser=0&hl=fr&rclk=1
Villa Moments - Guest House," Beco das Lucernas 31, 8500-510 Portimão, Portugal",Silves+Portugal,Portugal,Hôtel avec spa,,"4,7", +351 967 755 586,http://www.villamoments.com/,info@villamoments.com,,https://www.google.com/maps/place/Villa+Moments+-+Guest+House/data=!4m10!3m9!1s0xd1b28e4ba0dfaeb:0xb0257ca1f9169405!5m2!4m1!1i2!8m2!3d37.1235305!4d-8.5398938!16s%2Fg%2F11f4wtx0zx!19sChIJ6_oNuuQoGw0RBZQW-aF8JbA?authuser=0&hl=fr&rclk=1
Vale d'El Rei Hotel & Villas," Vale d´el Rei, 8400-421 Lagoa, Portugal",Silves+Portugal,Portugal,Hôtel avec spa,,"4,5", +351 282 380 120,https://www.valedelrei.com/?partner=11576&utm_source=google&utm_medium=organic&utm_campaign=MyBusiness,booking@valedelrei.com,,https://www.google.com/maps/place/Vale+d%27El+Rei+Hotel+%26+Villas/data=!4m10!3m9!1s0xd1ad6e887dc7611:0x9f198f9d3c0406d!5m2!4m1!1i2!8m2!3d37.1152733!4d-8.4224752!16s%2Fg%2F1td_6fvx!19sChIJEXbch-jWGg0RbUDA0_mY8Qk?authuser=0&hl=fr&rclk=1
Villa Termal das Caldas de Monchique," R. de Caldas de Monchique, 8550-232, Portugal",Silves+Portugal,Portugal,Hôtel avec spa,,"4,1", +351 282 910 910,https://monchiquetermalresort.com/,resort@villatermal.pt,,https://www.google.com/maps/place/Villa+Termal+das+Caldas+de+Monchique/data=!4m10!3m9!1s0xd1b2174134954ff:0x4fd55d3aa98db471!5m2!4m1!1i2!8m2!3d37.2852451!4d-8.5536875!16s%2Fg%2F1tj9d811!19sChIJ_1RJE3QhGw0RcbSNqTpd1U8?authuser=0&hl=fr&rclk=1
Vale d'Oliveiras Quinta Resort & Spa," R. do Pestana Golf Resort, 8401-904 Carvoeiro, Portugal",Silves+Portugal,Portugal,Hôtel avec spa,,"4,6", +351 282 380 560,https://www.valeoliveirasresort.com/?partner=11576&utm_source=google&utm_medium=organic&utm_campaign=MyBusiness,booking@valeoliveirasresort.com,,https://www.google.com/maps/place/Vale+d%27Oliveiras+Quinta+Resort+%26+Spa/data=!4m10!3m9!1s0xd1b29d336cc9813:0x3924d1909033d8fb!5m2!4m1!1i2!8m2!3d37.1206132!4d-8.4913893!16s%2Fg%2F1tdr4l7q!19sChIJE5jMNtMpGw0R-9gzkJDRJDk?authuser=0&hl=fr&rclk=1
Alvor Baía Resort Hotel," Galo Loiro, Estr. do Alvor, 8500-001 Portimão, Portugal",Silves+Portugal,Portugal,Hôtel avec spa,,"4,4", +351 282 450 000,https://rrhotels.pt/pt/alvorbaia/,alvorbaia@rrhotels.pt,,https://www.google.com/maps/place/Alvor+Ba%C3%ADa+Resort+Hotel/data=!4m10!3m9!1s0xd1b2f312847fa2d:0x2e2dd97d9a403365!5m2!4m1!1i2!8m2!3d37.1299506!4d-8.5802307!16s%2Fg%2F1tdryl9n!19sChIJLfpHKDEvGw0RZTNAmn3ZLS4?authuser=0&hl=fr&rclk=1
Central Suites & Apartments Monchique," Caldas de Monchique, 8550-232 Monchique, Portugal",Silves+Portugal,Portugal,Hôtel avec spa,,"3,8", +351 282 910 910,https://centralmonchiquehotel.com/,sales@unlockhotels.com,,https://www.google.com/maps/place/Central+Suites+%26+Apartments+Monchique/data=!4m10!3m9!1s0xd1b2175976ccf21:0x90f9ef56c7ec324c!5m2!4m1!1i2!8m2!3d37.2852374!4d-8.5536832!16s%2Fg%2F11h111czyx!19sChIJIc9sl3UhGw0RTDLsx1bv-ZA?authuser=0&hl=fr&rclk=1
Pure Monchique Hotel," Caldas de Monchique, 8550-232 Monchique, Portugal",Silves+Portugal,Portugal,Hôtel avec spa,,"3,7", +351 282 910 910,http://www.puremonchiquehotel.com/,sales@unlockhotels.com,,https://www.google.com/maps/place/Pure+Monchique+Hotel/data=!4m10!3m9!1s0xd1b2175bd092997:0xbd8f25d16ea71a0e!5m2!4m1!1i2!8m2!3d37.2848526!4d-8.5535833!16s%2Fg%2F11f5ly8z_7!19sChIJlykJvXUhGw0RDhqnbtElj70?authuser=0&hl=fr&rclk=1
Sweet Home- Mepp," R. Cidade de Gôa 2, 8500-548 Portimão, Portugal",Silves+Portugal,Portugal,Hôtel avec spa,,"4,7", +351 963 684 994,http://www.meppbooking.com/,reservas@mepp.pt,,https://www.google.com/maps/place/Sweet+Home-+Mepp/data=!4m10!3m9!1s0xd1b297edb393b53:0x5e5047d164011820!5m2!4m1!1i2!8m2!3d37.144882!4d-8.5476906!16s%2Fg%2F11hf86hxpd!19sChIJUzs5234pGw0RIBgBZNFHUF4?authuser=0&hl=fr&rclk=1
Hotel Vila Galé Náutico," R. do Vale do Olival, 8365-158 Armação de Pêra, Portugal",Silves+Portugal,Portugal,Hôtel avec spa,,"4,3", +351 282 310 000,https://www.vilagale.com/pt-pt/hoteis-portugal/hoteis-algarve/vila-gale-nautico/,nautico@vilagale.com,https://www.linkedin.com/company/vila-gale-s-a-,https://www.google.com/maps/place/Hotel+Vila+Gal%C3%A9+N%C3%A1utico/data=!4m10!3m9!1s0xd1ad16bbb03713f:0x9fd290ea0d1f7bb5!5m2!4m1!1i2!8m2!3d37.1041812!4d-8.370448!16s%2Fg%2F12hnt77rf!19sChIJP3EDu2vRGg0RtXsfDeqQ0p8?authuser=0&hl=fr&rclk=1
Vila Termal das Caldas de Monchique," R. de Caldas de Monchique, 8550-232, Portugal",Silves+Portugal,Portugal,Hôtel avec spa,,"3,3", +351 282 910 910,https://villatermalspahotel.com/,sales@unlockhotels.com,,https://www.google.com/maps/place/Vila+Termal+das+Caldas+de+Monchique/data=!4m10!3m9!1s0xd1b21759699a013:0x9e77faab58e149d4!5m2!4m1!1i2!8m2!3d37.2841874!4d-8.5542473!16s%2Fg%2F11c2k643lm!19sChIJE6CZlnUhGw0R1EnhWKv6d54?authuser=0&hl=fr&rclk=1
Carvoeiro B&B and S.P.A," Rua António Aleixo 75, 8400-557 Carvoeiro, Portugal",Silves+Portugal,Portugal,Hôtel avec spa,,"4,8", +351 910 299 383,https://carvoeirobnbandspa.com/,carvoeirobnbandspa@gmail.com,,https://www.google.com/maps/place/Carvoeiro+B%26B+and+S.P.A/data=!4m10!3m9!1s0xd1ad790bd172ef1:0x6ec154896fa1c484!5m2!4m1!1i2!8m2!3d37.1099654!4d-8.4559186!16s%2Fg%2F11fl5gty6x!19sChIJ8S4XvZDXGg0RhMShb4lUwW4?authuser=0&hl=fr&rclk=1
Penina Hotel & Golf Resort," N125, 8501-952 Portimão, Portugal",Silves+Portugal,Portugal,Hôtel avec spa,,"4,3", +351 282 420 200,http://www.penina.com/,,,https://www.google.com/maps/place/Penina+Hotel+%26+Golf+Resort/data=!4m10!3m9!1s0xd1b289aafb52129:0x98c7c065bb58d1e1!5m2!4m1!1i2!8m2!3d37.161549!4d-8.5803536!16s%2Fm%2F05pb03n!19sChIJKSG1r5ooGw0R4dFYu2XAx5g?authuser=0&hl=fr&rclk=1
AP Oriental Beach | Portimão," Av. Tomás Cabreira, 8500-802 Portimão, Portugal",Silves+Portugal,Portugal,Hôtel avec spa,,"4,5", +351 282 480 800,https://ap-hotelsresorts.com/oriental,geral@ap-hotelsresorts.com,https://www.linkedin.com/company/ap-hotels-and-resorts,https://www.google.com/maps/place/AP+Oriental+Beach+%7C+Portim%C3%A3o/data=!4m10!3m9!1s0xd1b2901e5d408cd:0x98456da2caeb8974!5m2!4m1!1i2!8m2!3d37.1176432!4d-8.5325768!16s%2Fg%2F1w0r1535!19sChIJzQjU5QEpGw0RdInryqJtRZg?authuser=0&hl=fr&rclk=1
Moodz Spa & Resort," Falacho de Cima, 8300-026 Silves, Portugal",Silves+Portugal,Portugal,Centre thermal,Spa,"5,0", +31 85 482 2580,http://www.moodz.pt/,,,https://www.google.com/maps/place/Moodz+Spa+%26+Resort/data=!4m7!3m6!1s0xd1adfa6be22e3cb:0xaebe23366b736010!8m2!3d37.257639!4d-8.4349533!16s%2Fg%2F11sh0l8kv5!19sChIJy-MivqbfGg0REGBzazYjvq4?authuser=0&hl=fr&rclk=1
Rio dos Côcos," Pêra, Portugal",Silves+Portugal,Portugal,Parc aquatique,Parc à thème,"4,2", +351 289 560 300,http://www.zoomarine.pt/,info@zoomarine.pt,https://www.linkedin.com/company/zoomarinealgarve,https://www.google.com/maps/place/Rio+dos+C%C3%B4cos/data=!4m7!3m6!1s0xd1ad1ec7cec1105:0xe0c147282ff900ef!8m2!3d37.1238898!4d-8.3169327!16s%2Fg%2F11hzyss16_!19sChIJBRHsfOzRGg0R7wD5LyhHweA?authuser=0&hl=fr&rclk=1
Flying carpets," N125 555A, 8365-023 Alcantarilha, Portugal",Silves+Portugal,Portugal,Parc aquatique,Parc aquatique,"5,0",,http://www.aqualand.pt/,aqualandalgarve@asproparks.com,,https://www.google.com/maps/place/Flying+carpets/data=!4m7!3m6!1s0xd1ad0e49cb184e1:0xa8c5a17d18ccdf08!8m2!3d37.1356641!4d-8.365644!16s%2Fg%2F11f095r9jj!19sChIJ4YSxnOTQGg0RCN_MGH2hxag?authuser=0&hl=fr&rclk=1
Zoomarine," N125 KM 65, 8201-864 Guia, Portugal",Silves+Portugal,Portugal,Parc aquatique,Parc à thème,"4,6", +351 289 560 300,https://www.zoomarine.pt/,info@zoomarine.pt,https://www.linkedin.com/company/zoomarinealgarve,https://www.google.com/maps/place/Zoomarine/data=!4m7!3m6!1s0xd1ace4ed8ed7ec7:0x8cf7b5092d8538af!8m2!3d37.126969!4d-8.314199!16s%2Fg%2F1217cr26!19sChIJx37t2E7OGg0RrziFLQm194w?authuser=0&hl=fr&rclk=1
Aqualand Algarve," Sítio das Areias, N125, 8365-908 Alcantarilha, Portugal",Silves+Portugal,Portugal,Parc aquatique,Parc aquatique,"4,1", +351 282 320 230,https://www.aqualand.pt/,aqualandalgarve@asproparks.com,,https://www.google.com/maps/place/Aqualand+Algarve/data=!4m7!3m6!1s0xd1ad0e39d6bfd4b:0x81a56dd58df0e845!8m2!3d37.1353881!4d-8.3660084!16s%2Fg%2F1thy11w3!19sChIJS_1rnePQGg0RRejwjdVtpYE?authuser=0&hl=fr&rclk=1
Moments WaterSports," Praia de, 8365-101 Armação de Pêra, Portugal",Silves+Portugal,Portugal,Parc aquatique,Service de location d'équipements de sports nautiques,"4,9", +351 964 688 956,http://www.momentswatersports.com/,info@momentswatersports.com,,https://www.google.com/maps/place/Moments+WaterSports/data=!4m7!3m6!1s0xd1ad16ef3ad9217:0x656bd7382b9c598a!8m2!3d37.1018142!4d-8.3671628!16s%2Fg%2F11c5489c73!19sChIJF5Kt827RGg0RilmcKzjXa2U?authuser=0&hl=fr&rclk=1
Childrens paradise," 8365-023 Alcantarilha, Portugal",Silves+Portugal,Portugal,Parc aquatique,Parc aquatique,"4,4",,,,,https://www.google.com/maps/place/Childrens+paradise/data=!4m7!3m6!1s0xd1ad0e4b6d798d5:0xbad5f4fbab6fda7d!8m2!3d37.1365245!4d-8.3641174!16s%2Fg%2F11g9w9yc64!19sChIJ1ZjXtuTQGg0Rfdpvq_v01bo?authuser=0&hl=fr&rclk=1
Aquasplash," Guia, Portugal",Silves+Portugal,Portugal,Parc aquatique,Attraction touristique,"3,7",,https://www.zoomarine.pt/en/discover-the-park/amusements/aquasplash/,info@zoomarine.pt,https://www.linkedin.com/company/zoomarinealgarve,https://www.google.com/maps/place/Aquasplash/data=!4m7!3m6!1s0xd1ad11270b404f7:0xb1dd4e0acc04b31e!8m2!3d37.1257513!4d-8.3152928!16s%2Fg%2F11hz_kgvlb!19sChIJ9wS0cBLRGg0RHrMEzApO3bE?authuser=0&hl=fr&rclk=1
Rivière du Jurassique," R. de Charnequinha 8365, Pêra, Portugal",Silves+Portugal,Portugal,Parc aquatique,Parc de loisirs,"4,2", +351 289 560 300,http://www.zoomarine.pt/,info@zoomarine.pt,https://www.linkedin.com/company/zoomarinealgarve,https://www.google.com/maps/place/Rivi%C3%A8re+du+Jurassique/data=!4m7!3m6!1s0xd1ad1c31ffd8cb3:0x1a2f80d2e2d41f34!8m2!3d37.1235265!4d-8.315713!16s%2Fg%2F11h4l0y2zj!19sChIJs4z9H8PRGg0RNB_U4tKALxo?authuser=0&hl=fr&rclk=1
Banzai boggan," 8365-023 Alcantarilha, Portugal",Silves+Portugal,Portugal,Parc aquatique,Parc aquatique,"4,3",,http://www.aqualand.pt/,aqualandalgarve@asproparks.com,,https://www.google.com/maps/place/Banzai+boggan/data=!4m7!3m6!1s0xd1ad0e4b2914581:0xe275f9f47478dcc3!8m2!3d37.1362419!4d-8.3637228!16s%2Fg%2F11f0l21z4t!19sChIJgUWRsuTQGg0Rw9x4dPT5deI?authuser=0&hl=fr&rclk=1
Hotel Colina dos Mouros," Pocinho Santo, 8300-999, Portugal",Silves+Portugal,Portugal,Thalassothérapie,,"3,9", +351 282 440 420,https://www.colinahotels.com/en/hotel-colinadosmouros-in-silves/?partner=6454&utm_source=google&utm_medium=gmb&utm_campaign=web_link,reservations@colinahotels.com,https://www.linkedin.com/company/colina-hotels-,https://www.google.com/maps/place/Hotel+Colina+dos+Mouros/data=!4m10!3m9!1s0xd1ad82d2cfd011f:0xa111245de4e09bf3!5m2!4m1!1i2!8m2!3d37.1873128!4d-8.4339929!16s%2Fg%2F1hc43lp3k!19sChIJHwH9LC3YGg0R85vg5F0kEaE?authuser=0&hl=fr&rclk=1
Vilalara Grand Hotel Algarve," Praia das Gaivotas, 8400-450 Porches, Portugal",Silves+Portugal,Portugal,Thalassothérapie,,"4,7", +351 282 320 000,https://www.vilalara.com/,RESERVAS@VILALARA.COM,,https://www.google.com/maps/place/Vilalara+Grand+Hotel+Algarve/data=!4m10!3m9!1s0xd1ad143867b9ea9:0x995e80cbaa1d97cb!5m2!4m1!1i2!8m2!3d37.1000664!4d-8.3801173!16s%2Fg%2F1v_s743_!19sChIJqZ57hkPRGg0Ry5cdqsuAXpk?authuser=0&hl=fr&rclk=1
Douro Royal Valley Hotel & Spa," Lugar de Portela do Rio, 4640-400 Ribadouro, Portugal",Cinfães+Portugal,Portugal,Hôtel avec spa,,"4,5", +351 255 070 900,http://www.douroroyal.com/,info@douroroyal.pt,,https://www.google.com/maps/place/Douro+Royal+Valley+Hotel+%26+Spa/data=!4m10!3m9!1s0xd24a24c3d96ddcf:0x1233e986648b2cba!5m2!4m1!1i2!8m2!3d41.1031387!4d-8.0946634!16s%2Fg%2F11c3k9ptgq!19sChIJz92WPUyiJA0RuiyLZIbpMxI?authuser=0&hl=fr&rclk=1
MS Collection Arouca - Mosteiro de Arouca," Largo Santa Mafalda, 4540-108 Arouca, Portugal",Cinfães+Portugal,Portugal,Hôtel avec spa,,"4,9", +351 256 245 534,https://www.mscollection.pt/arouca?utm_medium=organic&utm_source=google&utm_campaign=google-my-business&utm_term=google-local&utm_id=mscol-mosteiro,booking@maarlab.com,https://www.linkedin.com/company/ms-collection-hotels,https://www.google.com/maps/place/MS+Collection+Arouca+-+Mosteiro+de+Arouca/data=!4m10!3m9!1s0xd23637cca52046f:0x4ff864771ef2930d!5m2!4m1!1i2!8m2!3d40.9276885!4d-8.2472688!16s%2Fg%2F11pd_ctw5b!19sChIJbwRSynxjIw0RDZPyHndk-E8?authuser=0&hl=fr&rclk=1
Palace Hotel & Spa Termas de São Vicente," Alameda D. Rosa Branca Archer 51, Pinheiro, Portugal",Cinfães+Portugal,Portugal,Hôtel avec spa,,"3,4", +351 255 617 080,http://www.termas-svicente.pt/,,,https://www.google.com/maps/place/Palace+Hotel+%26+Spa+Termas+de+S%C3%A3o+Vicente/data=!4m10!3m9!1s0xd249ac4285ac399:0xb06e2659903be615!5m2!4m1!1i2!8m2!3d41.117402!4d-8.294595!16s%2Fg%2F11cst13zmp!19sChIJmcNaKMSaJA0RFeY7kFkmbrA?authuser=0&hl=fr&rclk=1
Douro Palace Hotel Resort & Spa," Lugar do Carrapatelo, 4640-423 Santa Cruz do Douro, Portugal",Cinfães+Portugal,Portugal,Hôtel avec spa,,"4,5", +351 254 880 000,http://www.douropalace.com/,info@douropalace.com,,https://www.google.com/maps/place/Douro+Palace+Hotel+Resort+%26+Spa/data=!4m10!3m9!1s0xd24a44c5aac86c3:0x1abbce40ec7343a3!5m2!4m1!1i2!8m2!3d41.109822!4d-8.006287!16s%2Fg%2F1thtff1r!19sChIJw4asWkykJA0Ro0Nz7EDOuxo?authuser=0&hl=fr&rclk=1
Quinta das Quintãs," Quinta Das Quintãs, 4640-210 São Tomé de Covelas, Portugal",Cinfães+Portugal,Portugal,Hôtel avec spa,,"4,5", +351 254 882 269,http://www.quintadasquintas.com/,quintadasquintas@gmail.com,,https://www.google.com/maps/place/Quinta+das+Quint%C3%A3s/data=!4m10!3m9!1s0xd24b8f4eebcf4ff:0xa4d6ab69d8c22736!5m2!4m1!1i2!8m2!3d41.1186111!4d-7.9744444!16s%2Fg%2F1wrtf3vv!19sChIJ__S87vS4JA0RNifC2Gmr1qQ?authuser=0&hl=fr&rclk=1
Douro Marina Hotel & SPA," Rua de Vila Nazaré 140, Caldas de Aregos, 4660-013 Miomães, Portugal",Cinfães+Portugal,Portugal,Hôtel avec spa,,"4,3", +351 254 870 700,http://douromarinahotel.com/,geral@douromarinahotel.com,,https://www.google.com/maps/place/Douro+Marina+Hotel+%26+SPA/data=!4m10!3m9!1s0xd24a43658fdd787:0x3fee8a620d577d3f!5m2!4m1!1i2!8m2!3d41.1001021!4d-8.0102273!16s%2Fg%2F11c5s5b4wg!19sChIJh9f9WDakJA0RP31XDWKK7j8?authuser=0&hl=fr&rclk=1
Douro Country House," Quinta da Bouça, Souto do Rio, 4690-870 Cinfães, Portugal",Cinfães+Portugal,Portugal,Hôtel avec spa,,"4,9", +351 912 300 113,https://www.dourocountryhouse.com/,,,https://www.google.com/maps/place/Douro+Country+House/data=!4m10!3m9!1s0xd24a3a3da8a558b:0x54da758cedcf4660!5m2!4m1!1i2!8m2!3d41.0927116!4d-8.0876004!16s%2Fg%2F11t49gjp77!19sChIJi1WK2qOjJA0RYEbP7Yx12lQ?authuser=0&hl=fr&rclk=1
Palace Hotel & Spa Termas de São Vicente," Alameda D. Rosa Branca Archer 51, Pinheiro, Portugal",Cinfães+Portugal,Portugal,Hôtel avec spa,,"3,4", +351 255 617 080,http://www.termas-svicente.pt/,,,https://www.google.com/maps/place/Palace+Hotel+%26+Spa+Termas+de+S%C3%A3o+Vicente/data=!4m10!3m9!1s0xd249ac420314325:0xb06e2659903be615!5m2!4m1!1i2!8m2!3d41.1174022!4d-8.2945949!16s%2Fg%2F11cst13zmp!19sChIJJUMxIMSaJA0RFeY7kFkmbrA?authuser=0&hl=fr&rclk=1
Penafiel Park Hotel & Spa," R. Província de Pontevedra s/n, 4560-232 Penafiel, Portugal",Cinfães+Portugal,Portugal,Hôtel avec spa,,"4,3", +351 255 710 100,https://www.penafielparkhotelspa.com/,reservas@penafielparkhotelspa.com,,https://www.google.com/maps/place/Penafiel+Park+Hotel+%26+Spa/data=!4m10!3m9!1s0xd2491a283aa49bf:0x80fa747157a7839f!5m2!4m1!1i2!8m2!3d41.204557!4d-8.2756182!16s%2Fg%2F1vxcxpsx!19sChIJv0mqg6KRJA0Rn4OnV3F0-oA?authuser=0&hl=fr&rclk=1
Aquapark Fratelli," R. da Barragem, 4820-560 Queimadela, Portugal",Cinfães+Portugal,Portugal,Parc aquatique,Parc aquatique,"4,5", +351 965 363 029,https://www.facebook.com/Aquaparkfratelli,,,https://www.google.com/maps/place/Aquapark+Fratelli/data=!4m7!3m6!1s0xd24e7a4015eeac3:0x10ec995dc9ed1ac9!8m2!3d41.5055165!4d-8.1615936!16s%2Fg%2F11g9sw9mvn!19sChIJw-peAaTnJA0RyRrtyV2Z7BA?authuser=0&hl=fr&rclk=1
ArsDurium Douro Hotel Rural," Quinta do Lodeiro - Aldeia do Lodeiro, 4690-418 Lodeiro, Portugal",Cinfães+Portugal,Portugal,Thalassothérapie,,"4,6", +351 938 636 246,https://www.dourohotel.com/,arsdurium@dourohotel.com,,https://www.google.com/maps/place/ArsDurium+Douro+Hotel+Rural/data=!4m10!3m9!1s0xd24a3e0f2dcf74f:0x1f2f62b6d3453e94!5m2!4m1!1i2!8m2!3d41.0818491!4d-8.067101!16s%2Fg%2F11b6t1x58k!19sChIJT_fc8uCjJA0RlD5F07ZiLx8?authuser=0&hl=fr&rclk=1
Luana Pinto Osteopata," R. Xanana Gusmão, 4690-877 Cinfães, Portugal",Cinfães+Portugal,Portugal,Thalassothérapie,Ostéopathe,"5,0", +351 912 462 347,https://www.facebook.com/luanapintoosteopata/,,,https://www.google.com/maps/place/Luana+Pinto+Osteopata/data=!4m7!3m6!1s0xd24a1c51e628b2f:0x75a72a3d3e6625fa!8m2!3d41.0714291!4d-8.0886124!16s%2Fg%2F11vt6wt7fv!19sChIJL4tiHsWhJA0R-iVmPj0qp3U?authuser=0&hl=fr&rclk=1
Fisiostar," R. Maj. Monteiro Leite 9, 4690-041 Cinfães, Portugal",Cinfães+Portugal,Portugal,Thalassothérapie,Clinique,,,,,,https://www.google.com/maps/place/Fisiostar/data=!4m7!3m6!1s0xd24a229dd4e99f7:0x7386a26f4083a0b1!8m2!3d41.0771869!4d-8.0970549!16s%2Fg%2F11sh23wjrp!19sChIJ95lO3SmiJA0RsaCDQG-ihnM?authuser=0&hl=fr&rclk=1
Welcome Douro," R. da Barragem 2153, 4690-550 Cinfães, Portugal",Cinfães+Portugal,Portugal,Thalassothérapie,Restaurant,"4,6", +351 910 170 218,http://www.welcomedouro.pt/,turismo@welcomedouro.pt,,https://www.google.com/maps/place/Welcome+Douro/data=!4m7!3m6!1s0xd24a3d4bdf3bd6b:0x953c486a861fc7d0!8m2!3d41.0858288!4d-8.1218392!16s%2Fg%2F11mvlw035m!19sChIJa73zvdSjJA0R0McfhmpIPJU?authuser=0&hl=fr&rclk=1
Alcafache Thermal Spa," R. Balneário, 3530-026 Viseu, Portugal",Cinfães+Portugal,Portugal,Thalassothérapie,Spa,"4,2", +351 232 479 797,http://www.termasdealcafache.pt/,reservas@termasdealcafache.pt,,https://www.google.com/maps/place/Alcafache+Thermal+Spa/data=!4m7!3m6!1s0xd233158ac6b1151:0xab408e1b9431aabc!8m2!3d40.606029!4d-7.8696854!16s%2Fg%2F1th88d7h!19sChIJURFrrFgxIw0RvKoxlBuOQKs?authuser=0&hl=fr&rclk=1
Quinta Da Ventuzela," Rua Doutor Flávio Resende 1, Cinfães, Portugal",Cinfães+Portugal,Portugal,Thalassothérapie,,"4,8", +351 255 562 342,https://quintadeventozelo.pt/,,,https://www.google.com/maps/place/Quinta+Da+Ventuzela/data=!4m10!3m9!1s0xd24a178c8fcb1b5:0x3148a71c8573e113!5m2!4m1!1i2!8m2!3d41.0968186!4d-8.0956353!16s%2Fg%2F1tg9pdp8!19sChIJtbH8yHihJA0RE-FzhRynSDE?authuser=0&hl=fr&rclk=1
Baloiço do Bestança," Cinfães, Portugal",Cinfães+Portugal,Portugal,Thalassothérapie,Attraction touristique,"4,4",,,,,https://www.google.com/maps/place/Baloi%C3%A7o+do+Bestan%C3%A7a/data=!4m7!3m6!1s0xd24a17a14607967:0x4262960a28f2b9c4!8m2!3d41.0776187!4d-8.0712954!16s%2Fg%2F11fr1vrnqx!19sChIJZ3lgFHqhJA0RxLnyKAqWYkI?authuser=0&hl=fr&rclk=1
Thalasso Nazaré," Av. Manuel Remígio, 2450-106 Nazaré, Portugal",Cinfães+Portugal,Portugal,Thalassothérapie,Spa,"3,8", +351 262 560 450,https://thalassonazare.com/,info@thalassonazare.com,,https://www.google.com/maps/place/Thalasso+Nazar%C3%A9/data=!4m7!3m6!1s0xd18a9a3ff2c5545:0x1a56285f696726ab!8m2!3d39.5908641!4d-9.0738657!16s%2Fg%2F11x9t07yb!19sChIJRVUs_6OpGA0RqyZnaV8oVho?authuser=0&hl=fr&rclk=1
Douro Palace Hotel Resort & Spa," Lugar do Carrapatelo, 4640-423 Santa Cruz do Douro, Portugal",Cinfães+Portugal,Portugal,Thalassothérapie,,"4,5", +351 254 880 000,http://www.douropalace.com/,info@douropalace.com,,https://www.google.com/maps/place/Douro+Palace+Hotel+Resort+%26+Spa/data=!4m10!3m9!1s0xd24a4536b920467:0x1abbce40ec7343a3!5m2!4m1!1i2!8m2!3d41.1098225!4d-8.0062874!16s%2Fg%2F1thtff1r!19sChIJZwSSa1OkJA0Ro0Nz7EDOuxo?authuser=0&hl=fr&rclk=1
Hotel Porto Antigo," R. do Cais 675, 4690-423 Cinfães, Portugal",Cinfães+Portugal,Portugal,Thalassothérapie,,"4,4", +351 255 560 150,http://www.dourohotelportoantigo.com/,geral@dourohotelportoantigo.com,,https://www.google.com/maps/place/Hotel+Porto+Antigo/data=!4m10!3m9!1s0xd24a3c50dc001d9:0x36db95df005cb91f!5m2!4m1!1i2!8m2!3d41.0900276!4d-8.0794261!16s%2Fg%2F1tdl7dtz!19sChIJ2QHADcWjJA0RH7lcAN-V2zY?authuser=0&hl=fr&rclk=1
Welcome Douro - Eco Camping Resort," Lugar de Mourilhe, 4690-550 Cinfães, Portugal",Cinfães+Portugal,Portugal,Thalassothérapie,,"4,3", +351 910 170 281,http://www.welcomedouro.pt/,turismo@welcomedouro.pt,,https://www.google.com/maps/place/Welcome+Douro+-+Eco+Camping+Resort/data=!4m10!3m9!1s0xd24a3c2e2e99ccb:0x2799730818256820!5m2!4m1!1i2!8m2!3d41.0857988!4d-8.1210989!16s%2Fg%2F11kn55bk3w!19sChIJy5zp4sKjJA0RIGglGAhzmSc?authuser=0&hl=fr&rclk=1
Six Senses Douro Valley," Quinta Vale de Abraão, 5100-758 Samodães, Portugal",Cinfães+Portugal,Portugal,Thalassothérapie,,"4,9", +351 254 660 600,https://www.sixsenses.com/en/hotels-resorts/europe/portugal/douro-valley/,,,https://www.google.com/maps/place/Six+Senses+Douro+Valley/data=!4m10!3m9!1s0xd24adbc31a79951:0xa32c0984593ca4c1!5m2!4m1!1i2!8m2!3d41.1441174!4d-7.812801!16s%2Fg%2F1wnbz8t4!19sChIJUZmnMbytJA0RwaQ8WYQJLKM?authuser=0&hl=fr&rclk=1
Casa Rural da Costeira," Cç. de Medados, 4690-055 Cinfães, Portugal",Cinfães+Portugal,Portugal,Thalassothérapie,,"4,8", +351 914 797 673,http://casa-rural-da-costeira.com.es/,,,https://www.google.com/maps/place/Casa+Rural+da+Costeira/data=!4m10!3m9!1s0xd24a228a9926e2b:0xee73c6287db93dce!5m2!4m1!1i2!8m2!3d41.0826035!4d-8.0981623!16s%2Fg%2F11b73jcygt!19sChIJK26SqSiiJA0Rzj25fSjGc-4?authuser=0&hl=fr&rclk=1
Valverde Santar Hotel & Spa - Relais & Châteaux," Casa das Fidalgas – Avª, Av. Viscondessa de Taveiro, 3520-147 Santar, Portugal",Penalva do Castelo+Portugal,Portugal,Hôtel avec spa,,"4,9", +351 232 394 800,https://www.valverdesantar.com/,recrutamento@estoril-living.com,,https://www.google.com/maps/place/Valverde+Santar+Hotel+%26+Spa+-+Relais+%26+Ch%C3%A2teaux/data=!4m10!3m9!1s0xd2331974b1f4e83:0x621916c034cac31e!5m2!4m1!1i2!8m2!3d40.5699147!4d-7.8922593!16s%2Fg%2F11svnps_f1!19sChIJg04fS5cxIw0RHsPKNMAWGWI?authuser=0&hl=fr&rclk=1
Hotel Grão Vasco," R. Gaspar Barreiros, 3510-032 Viseu, Portugal",Penalva do Castelo+Portugal,Portugal,Hôtel avec spa,,"4,2", +351 232 423 511,http://www.hotelgraovasco.pt/,geral@hotelgraovasco.pt,,https://www.google.com/maps/place/Hotel+Gr%C3%A3o+Vasco/data=!4m10!3m9!1s0xd233652893809e9:0xefdaadc998e1058f!5m2!4m1!1i2!8m2!3d40.65606!4d-7.9134626!16s%2Fg%2F1tfzcg56!19sChIJ6Qk4iVI2Iw0RjwXhmMmt2u8?authuser=0&hl=fr&rclk=1
Puro Dão Hotel & Spa," R. Mondego, 3520-063 Nelas, Portugal",Penalva do Castelo+Portugal,Portugal,Hôtel avec spa,,"4,6", +351 968 212 158,http://www.purodao.pt/,rececao@purodao.pt,,https://www.google.com/maps/place/Puro+D%C3%A3o+Hotel+%26+Spa/data=!4m10!3m9!1s0xd3cd347ec6fb047:0x9fb932a6da031cdd!5m2!4m1!1i2!8m2!3d40.5286771!4d-7.850512!16s%2Fg%2F11st_8d8v0!19sChIJR7Bv7EfTPA0R3RwD2qYyuZ8?authuser=0&hl=fr&rclk=1
Casa das Penhas Douradas," Manteigas, Portugal",Penalva do Castelo+Portugal,Portugal,Hôtel avec spa,,"4,7", +351 275 981 045,http://www.casadaspenhasdouradas.pt/,,,https://www.google.com/maps/place/Casa+das+Penhas+Douradas/data=!4m10!3m9!1s0xd3cd8f5451faab1:0xf1b449bc0e21f190!5m2!4m1!1i2!8m2!3d40.408224!4d-7.567287!16s%2Fg%2F1tgdk8zs!19sChIJsaofRfXYPA0RkPEhDrxJtPE?authuser=0&hl=fr&rclk=1
Viseu Ryokan - Hospedaria Japonesa & SPA | ヴィゼウ 旅館," R. Direita 143, 3500-117 Viseu, Portugal",Penalva do Castelo+Portugal,Portugal,Hôtel avec spa,,"4,9", +351 913 871 419,https://viseuryokan.com/,info@viseuryokan.com,,https://www.google.com/maps/place/Viseu+Ryokan+-+Hospedaria+Japonesa+%26+SPA+%7C+%E3%83%B4%E3%82%A3%E3%82%BC%E3%82%A6+%E6%97%85%E9%A4%A8/data=!4m10!3m9!1s0xd23373760bc8dc1:0x5b3cf16468f48a6d!5m2!4m1!1i2!8m2!3d40.6590077!4d-7.9105617!16s%2Fg%2F11smqmn4cs!19sChIJwY28YDc3Iw0RbYr0aGTxPFs?authuser=0&hl=fr&rclk=1
Palace Hotel & Spa Monte Rio," Cruzamento com a variante - Várzea, Estr. da Lameira, 3660-692 São Pedro do Sul, Portugal",Penalva do Castelo+Portugal,Portugal,Hôtel avec spa,,"3,6", +351 232 720 040,http://www.hotelmonterio.com.pt/,,,https://www.google.com/maps/place/Palace+Hotel+%26+Spa+Monte+Rio/data=!4m10!3m9!1s0xd234173f0837a8f:0x1e6e9beb1c61f5fa!5m2!4m1!1i2!8m2!3d40.740466!4d-8.084238!16s%2Fg%2F1ttq3cq5!19sChIJj3qD8HNBIw0R-vVhHOubbh4?authuser=0&hl=fr&rclk=1
Relax Container," Relax Container, EM587, 3570-130, Portugal",Penalva do Castelo+Portugal,Portugal,Hôtel avec spa,,"5,0", +351 938 524 867,https://www.relaxcontainer.com/,,,https://www.google.com/maps/place/Relax+Container/data=!4m10!3m9!1s0xd3cb8ed44da5ebd:0xdc486e28160896c8!5m2!4m1!1i2!8m2!3d40.7225744!4d-7.5572115!16s%2Fg%2F11gh35ljj6!19sChIJvV7aRO24PA0RyJYIFihuSNw?authuser=0&hl=fr&rclk=1
Palace Hotel e SPA - Termas de Sao Miguel," Serra da Esgalhada, 6370-183 Fornos de Algodres, Portugal",Penalva do Castelo+Portugal,Portugal,Hôtel avec spa,,"4,0", +351 271 700 130,http://www.termasdesaomiguel.com/,,,https://www.google.com/maps/place/Palace+Hotel+e+SPA+-+Termas+de+Sao+Miguel/data=!4m10!3m9!1s0xd3cc419aebaa043:0xcc19a5f2267429d6!5m2!4m1!1i2!8m2!3d40.6236382!4d-7.5433884!16s%2Fg%2F11xcglfvx!19sChIJQ6C6rhnEPA0R1il0JvKlGcw?authuser=0&hl=fr&rclk=1
Montebelo Viseu Congress Hotel," Urbanização, Q.ta do Bosque, 3510-020 Viseu, Portugal",Penalva do Castelo+Portugal,Portugal,Hôtel avec spa,,"4,5", +351 232 420 000,http://www.montebelohotels.com/,reservasmontebelo@montebelohotels.com,https://www.linkedin.com/company/montebelo-hotels-,https://www.google.com/maps/place/Montebelo+Viseu+Congress+Hotel/data=!4m10!3m9!1s0xd231e28146d6ba1:0x8372b5600b7abedf!5m2!4m1!1i2!8m2!3d40.6556241!4d-7.9262301!16s%2Fg%2F1pw3xv_1d!19sChIJoWttFCgeIw0R3756C2C1coM?authuser=0&hl=fr&rclk=1
Casa Ouro D'Alva - Luxury Lodging & SPA," R. da Misericórdia 1, 3550-142 Penalva do Castelo, Portugal",Penalva do Castelo+Portugal,Portugal,Centre thermal,,"5,0", +351 925 600 573,https://casaourodalva.pt/,geral@casaourodalva.pt,,https://www.google.com/maps/place/Casa+Ouro+D%27Alva+-+Luxury+Lodging+%26+SPA/data=!4m10!3m9!1s0xd3ccbad48439c0b:0xc887b252bda58cc1!5m2!4m1!1i2!8m2!3d40.6744735!4d-7.6994091!16s%2Fg%2F11lmxqsqvg!19sChIJC5xDSK3LPA0RwYylvVKyh8g?authuser=0&hl=fr&rclk=1
Carvalhal Spa," Mamouros, Portugal",Penalva do Castelo+Portugal,Portugal,Centre thermal,,"4,4", +351 232 382 342,http://termasdocarvalhal.com/,geral@termasdocarvalhal.com,,https://www.google.com/maps/place/Carvalhal+Spa/data=!4m10!3m9!1s0xd235026ab818359:0xb8fac136168f3b58!5m2!4m1!1i2!8m2!3d40.8520383!4d-7.9318684!16s%2Fg%2F1hb_gs02_!19sChIJWYOBqyZQIw0RWDuPFjbB-rg?authuser=0&hl=fr&rclk=1
Eiras do Dão," Lages de, 3550-167, Portugal",Penalva do Castelo+Portugal,Portugal,Centre thermal,,"4,8", +351 960 411 209,https://eirasdodao.pt/,geral@eirasdodao.pt,,https://www.google.com/maps/place/Eiras+do+D%C3%A3o/data=!4m10!3m9!1s0xd3ccb38cf89a5a3:0x7618f1a89db18178!5m2!4m1!1i2!8m2!3d40.6668646!4d-7.7102282!16s%2Fg%2F11qntmc0z4!19sChIJo6WJzzjLPA0ReIGxnajxGHY?authuser=0&hl=fr&rclk=1
Portas do Dão," 25 De Abril, 3550-135 Penalva do Castelo, Portugal",Penalva do Castelo+Portugal,Portugal,Centre thermal,,"3,4", +351 232 643 085,https://www.hoteisdiarios.com/tapada-flats/,,,https://www.google.com/maps/place/Portas+do+D%C3%A3o/data=!4m10!3m9!1s0xd3cc98c67b684b7:0x4e43f815f690030a!5m2!4m1!1i2!8m2!3d40.6772548!4d-7.6963506!16s%2Fg%2F1ttpclml!19sChIJt4S2Z4zJPA0RCgOQ9hX4Q04?authuser=0&hl=fr&rclk=1
Parador Casa da Ínsua," Hotel Parador Casa da Ínsua, 3550-126 Penalva do Castelo, Portugal",Penalva do Castelo+Portugal,Portugal,Centre thermal,,"4,7", +351 232 640 110,https://montebelohotels.com/parador-casa-insua/pt/home,casadainsua@montebelohotels.com,https://www.linkedin.com/company/montebelo-hotels-,https://www.google.com/maps/place/Parador+Casa+da+%C3%8Dnsua/data=!4m10!3m9!1s0xd3cca271ec20c61:0x5dc67ecc2e2f62c5!5m2!4m1!1i2!8m2!3d40.6760644!4d-7.7063992!16s%2Fg%2F11fy9r8sm1!19sChIJYQzCHifKPA0RxWIvLsx-xl0?authuser=0&hl=fr&rclk=1
Termas de São Pedro do Sul," Praça Dr. António José de Almeida Termas de, 3660-692 São Pedro do Sul, Portugal",Penalva do Castelo+Portugal,Portugal,Centre thermal,Thermes,"4,6", +351 232 720 300,http://www.termas-spsul.com/,geral@termas-spsul.com,,https://www.google.com/maps/place/Termas+de+S%C3%A3o+Pedro+do+Sul/data=!4m7!3m6!1s0xd23419e6b3a7687:0xe61a24ad81fb6642!8m2!3d40.7393418!4d-8.0928189!16s%2Fg%2F11g7_fp5qm!19sChIJh3Y6a55BIw0RQmb7ga0kGuY?authuser=0&hl=fr&rclk=1
La Belle," Rua Manuel da Costa n° 5 e 7, 3550-152 Penalva do Castelo, Portugal",Penalva do Castelo+Portugal,Portugal,Spa / bien-être,Institut de beauté,, +351 933 960 070,https://www.tiktok.com/@la_belle_be?_t=8eaR1vXDuCH&_r=1,,,https://www.google.com/maps/place/La+Belle/data=!4m7!3m6!1s0xd3ccb8d8f1daad3:0xc2f188c855e902e5!8m2!3d40.6757484!4d-7.6979848!16s%2Fg%2F11v68dt60s!19sChIJ06odj43LPA0R5QLpVciI8cI?authuser=0&hl=fr&rclk=1
PhysioClinic - Fisioterapeuta Rúben Pais," R. 1º de Dezembro 132 Loja N 3, 3550-135 Penalva do Castelo, Portugal",Penalva do Castelo+Portugal,Portugal,Spa / bien-être,Centre de rééducation,"5,0", +351 964 650 653,https://physioclinicgroup.pt/,physioclinicgroup@gmail.com,,https://www.google.com/maps/place/PhysioClinic+-+Fisioterapeuta+R%C3%BAben+Pais/data=!4m7!3m6!1s0xd3cc9995004c94f:0xb8062362e0b1712c!8m2!3d40.6770859!4d-7.6971435!16s%2Fg%2F11kb0_kh7p!19sChIJT8kEUJnJPA0RLHGx4GIjBrg?authuser=0&hl=fr&rclk=1
Andreia Tavares," avenida principal, pousadas, 3550-045 viseu, Portugal",Penalva do Castelo+Portugal,Portugal,Spa / bien-être,Institut de beauté,"5,0", +351 966 512 467,,,,https://www.google.com/maps/place/Andreia+Tavares/data=!4m7!3m6!1s0xd3cc9feb7eeb863:0xfd7921cfe1f8bc25!8m2!3d40.6445999!4d-7.6423134!16s%2Fg%2F11tk24qx7t!19sChIJY7jut_7JPA0RJbz44c8hef0?authuser=0&hl=fr&rclk=1
Alinhadamente - Fisioterapia e Pilates," R. 1º de Dezembro 257, 3550-110 Penalva do Castelo, Portugal",Penalva do Castelo+Portugal,Portugal,Spa / bien-être,Centre de rééducation,"5,0", +351 964 702 846,https://alinhadamente.com/homepage,,,https://www.google.com/maps/place/Alinhadamente+-+Fisioterapia+e+Pilates/data=!4m7!3m6!1s0xd3cc939841109db:0x53316da20f55dd59!8m2!3d40.6774153!4d-7.6977742!16s%2Fg%2F11vj7xctlk!19sChIJ2wkRhDnJPA0RWd1VD6JtMVM?authuser=0&hl=fr&rclk=1
Hotel Vila Galé Collection Palácio dos Arcos," Largo Conde das Alcáçovas 3, 2770-031 Paço de Arcos, Portugal",Oeiras+Portugal,Portugal,Hôtel avec spa,,"4,7", +351 21 049 3200,https://www.vilagale.com/pt-pt/hoteis-portugal/hoteis-costa-de-lisboa/vila-gale-collection-palacio-dos-arcos/,palacio@vilagale.com,https://www.linkedin.com/company/vila-gale-s-a-,https://www.google.com/maps/place/Hotel+Vila+Gal%C3%A9+Collection+Pal%C3%A1cio+dos+Arcos/data=!4m10!3m9!1s0xd1ec95205538923:0x9e42283f8e2c26f7!5m2!4m1!1i2!8m2!3d38.6959144!4d-9.2898654!16s%2Fg%2F1ptvv1nfx!19sChIJI4lTBVLJHg0R9yYsjj8oQp4?authuser=0&hl=fr&rclk=1
Hotel Lagoas Park," R. Encosta das Lagoas 2, 2740-245 Porto Salvo, Portugal",Oeiras+Portugal,Portugal,Hôtel avec spa,,"4,5", +351 21 110 9700,https://www.tdhotels.com/portugal/hoteis-oeiras/lagoas-park-hotel,,,https://www.google.com/maps/place/Hotel+Lagoas+Park/data=!4m10!3m9!1s0xd1ecec4628053ef:0x95fc23aabafac6b5!5m2!4m1!1i2!8m2!3d38.7152186!4d-9.3094434!16s%2Fg%2F11cfbg3tg!19sChIJ71OAYsTOHg0Rtcb6uqoj_JU?authuser=0&hl=fr&rclk=1
Carcavelos Beach Hotel," R. Gurué 16, 2775-581 Carcavelos, Portugal",Oeiras+Portugal,Portugal,Hôtel avec spa,,"3,2", +351 21 458 5100,https://www.almeidahotels.pt/en/hotel-carcavelos-in-lisbon/?partner=8087utm_source=google&utm_medium=organic&utm_campaign=MyBusiness&utm,carcavelosbeach@almeidahotels.pt,,https://www.google.com/maps/place/Carcavelos+Beach+Hotel/data=!4m10!3m9!1s0xd1ec8c6e14fc9ed:0x42d97acd308bc0a9!5m2!4m1!1i2!8m2!3d38.683253!4d-9.342025!16s%2Fg%2F1tfbdfbm!19sChIJ7clP4cbIHg0RqcCLMM162UI?authuser=0&hl=fr&rclk=1
Riviera Hotel," R. Bartolomeu Dias 148, 2775-551 Carcavelos, Portugal",Oeiras+Portugal,Portugal,Hôtel avec spa,,"4,2", +351 21 458 6600,https://www.rivierahotel.pt/,,,https://www.google.com/maps/place/Riviera+Hotel/data=!4m10!3m9!1s0xd1ec8c7a2c3b349:0x8a52d85f7ffe0190!5m2!4m1!1i2!8m2!3d38.685012!4d-9.3431278!16s%2Fg%2F1thw7_km!19sChIJSbPDosfIHg0RkAH-f1_YUoo?authuser=0&hl=fr&rclk=1
Hotel Vila Galé Collection Palácio dos Arcos," Largo Conde das Alcáçovas 3, 2770-031 Paço de Arcos, Portugal",Oeiras+Portugal,Portugal,Hôtel avec spa,,"4,7", +351 21 049 3200,https://www.vilagale.com/pt-pt/hoteis-portugal/hoteis-costa-de-lisboa/vila-gale-collection-palacio-dos-arcos/,palacio@vilagale.com,https://www.linkedin.com/company/vila-gale-s-a-,https://www.google.com/maps/place/Hotel+Vila+Gal%C3%A9+Collection+Pal%C3%A1cio+dos+Arcos/data=!4m10!3m9!1s0xd1ec94e03d8046b:0x9e42283f8e2c26f7!5m2!4m1!1i2!8m2!3d38.695914!4d-9.289865!16s%2Fg%2F1ptvv1nfx!19sChIJawTYA07JHg0R9yYsjj8oQp4?authuser=0&hl=fr&rclk=1
Lux Apartment Ocean," R. Vasco da Gama 60D Bl a, 2775-297 Parede, Portugal",Oeiras+Portugal,Portugal,Hôtel avec spa,,"4,8", +351 969 769 173,https://luxapartmentocean.bookingturbo.com/en/,,,https://www.google.com/maps/place/Lux+Apartment+Ocean/data=!4m10!3m9!1s0xd1ec9c942031981:0x1812dc5bd753a3cd!5m2!4m1!1i2!8m2!3d38.6850402!4d-9.350399!16s%2Fg%2F11vwqv5057!19sChIJgRkDQsnJHg0RzaNT11vcEhg?authuser=0&hl=fr&rclk=1
Paradise Suites," R. Afonso de Albuquerque 23, 2775-374 Carcavelos, Portugal",Oeiras+Portugal,Portugal,Hôtel avec spa,,"4,7", +351 938 811 369,https://www.paradisesuites.pt/,info@paradisesuites.pt,,https://www.google.com/maps/place/Paradise+Suites/data=!4m10!3m9!1s0xd1ecf3399153c07:0x3daf80bbcb56f767!5m2!4m1!1i2!8m2!3d38.700495!4d-9.3384995!16s%2Fg%2F11h18zthw8!19sChIJBzwVmTPPHg0RZ_dWy7uArz0?authuser=0&hl=fr&rclk=1
Termas de Manteigas," Manteigas, Portugal",Oeiras+Portugal,Portugal,Centre thermal,Thermes,"4,3", +351 275 980 300,https://termasdeportugal.pt/rede-termas/termas-caldas-de-manteigas,,,https://www.google.com/maps/place/Termas+de+Manteigas/data=!4m7!3m6!1s0xd3d277b7b46794d:0x8d2bf30937ec967b!8m2!3d40.38492!4d-7.5452609!16s%2Fg%2F11q1pdztt7!19sChIJTXlGe3snPQ0Re5bsNwnzK40?authuser=0&hl=fr&rclk=1
Holmes Place Miraflores," R. Rodrigo Bessone Basto 7, 1495-155 Algés, Portugal",Oeiras+Portugal,Portugal,Centre thermal,Salle de gym,"4,3", +351 21 412 9100,https://www.holmesplace.com/pt/pt/clubes/miraflores,,,https://www.google.com/maps/place/Holmes+Place+Miraflores/data=!4m7!3m6!1s0xd1ecc86f8fc5179:0x50dd7cf5e0d4b138!8m2!3d38.7137653!4d-9.230837!16s%2Fg%2F1hc3lh5n0!19sChIJeVH8-IbMHg0ROLHU4PV83VA?authuser=0&hl=fr&rclk=1
Holmes Place Quinta da Fonte," edifício Q33, R. da Qt. da Fonte, 2770-192 Paço de Arcos, Portugal",Oeiras+Portugal,Portugal,Centre thermal,Salle de gym,"4,5", +351 21 440 4900,https://www.holmesplace.com/pt/pt/clubes/quinta-da-fonte,,,https://www.google.com/maps/place/Holmes+Place+Quinta+da+Fonte/data=!4m7!3m6!1s0xd1ecec1847108d9:0x9257baa3fc574237!8m2!3d38.712524!4d-9.296559!16s%2Fg%2F1hhh72g2m!19sChIJ2QhxhMHOHg0RN0JX_KO6V5I?authuser=0&hl=fr&rclk=1
Leroy Merlin Oeiras Compact," R. do Abrunheiro, Casal do Brejo, 2780-363 Oeiras, Portugal",Oeiras+Portugal,Portugal,Centre thermal,Magasin de bricolage,"4,0", +351 21 194 4944,https://www.leroymerlin.pt/lojas/oeiras-compact.html,,,https://www.google.com/maps/place/Leroy+Merlin+Oeiras+Compact/data=!4m7!3m6!1s0xd1ecfdf1defedb9:0x573e6c7d5685248d!8m2!3d38.7047314!4d-9.3043577!16s%2Fg%2F11j03qyts7!19sChIJue3vHd_PHg0RjSSFVn1sPlc?authuser=0&hl=fr&rclk=1
Healthy Horizon Lisbon," R. Manuel Bernardes 10A, 1200-252 Lisboa, Portugal",Oeiras+Portugal,Portugal,Centre thermal,Station thermale,"5,0", +351 924 704 199,https://www.healthyhorizon.com/,team@healthyhorizon.com,,https://www.google.com/maps/place/Healthy+Horizon+Lisbon/data=!4m7!3m6!1s0xd1933e3fc986a73:0xe384640f8b84c6aa!8m2!3d38.7151657!4d-9.1523217!16s%2Fg%2F11vqmbzxdn!19sChIJc2qY_OMzGQ0RqsaEiw9khOM?authuser=0&hl=fr&rclk=1
Continente," Parque, Av. António Bernardo Cabral de Macedo, 2770-219 Oeiras, Portugal",Oeiras+Portugal,Portugal,Centre thermal,Supermarché,"4,2", +351 21 446 8200,https://feed.continente.pt/lojas/continente-oeiras,,,https://www.google.com/maps/place/Continente/data=!4m7!3m6!1s0xd1ececa28c02c53:0x20b8080f635905d2!8m2!3d38.7060017!4d-9.3015565!16s%2Fg%2F11bx1tqqz1!19sChIJUyzAKMrOHg0R0gVZYw8IuCA?authuser=0&hl=fr&rclk=1
Holmes Place Oeiras," Rua Coro de Santo Amaro de Oeiras 8, 2780-379 Oeiras, Portugal",Oeiras+Portugal,Portugal,Centre thermal,Salle de gym,"4,2", +351 21 199 3250,https://www.holmesplace.com/pt/pt/clubes/oeiras,,,https://www.google.com/maps/place/Holmes+Place+Oeiras/data=!4m7!3m6!1s0xd1ececb40a15681:0xc48d926456921d2c!8m2!3d38.703351!4d-9.303614!16s%2Fg%2F113j4jz3d!19sChIJgVahQMvOHg0RLB2SVmSSjcQ?authuser=0&hl=fr&rclk=1
Piscina Oceânica de Oeiras," Piscina Oceânica |, Av. Marginal, Praia da Torre, 2780-267 Oeiras, Portugal",Oeiras+Portugal,Portugal,Centre thermal,Piscine extérieure,"4,1", +351 21 446 2552,https://oeirasviva.pt/piscina-oceanica-de-oeiras/,poceanica@oeirasviva.pt,https://www.linkedin.com/company/oeiras-viva-e-m,https://www.google.com/maps/place/Piscina+Oce%C3%A2nica+de+Oeiras/data=!4m7!3m6!1s0xd1ec91f14c75f69:0x19628a4339b33ff3!8m2!3d38.6766819!4d-9.3189278!16s%2Fg%2F11b6_gn95w!19sChIJaV_HFB_JHg0R8z-zOUOKYhk?authuser=0&hl=fr&rclk=1
TERMAS DE LUSO," R. Álvaro Castelões, 3050-230 Luso, Portugal",Oeiras+Portugal,Portugal,Centre thermal,Spa,"4,4", +351 231 937 910,http://www.termasdeluso.pt/,geral@termasdeluso.pt,https://www.linkedin.com/company/termasdeluso,https://www.google.com/maps/place/TERMAS+DE+LUSO/data=!4m7!3m6!1s0xd2303c6fb7c9aa9:0x2d2a39da92b88a81!8m2!3d40.3839475!4d-8.3771985!16s%2Fg%2F121d6g4r!19sChIJqZp8-8YDIw0RgYq4kto5Ki0?authuser=0&hl=fr&rclk=1
Wake Day Spa®," R. Maj. Afonso Palla 23 H, 1495-001 Algés, Portugal",Oeiras+Portugal,Portugal,Centre thermal,Spa,"4,9", +351 969 821 134,https://wakedayspa.pt/,reservas@wakedayspa.pt,,https://www.google.com/maps/place/Wake+Day+Spa%C2%AE/data=!4m7!3m6!1s0xd1ecbc461656b23:0xb602d038538ffd61!8m2!3d38.6989644!4d-9.2289728!16s%2Fg%2F11h7g3x2rk!19sChIJI2tlYcTLHg0RYf2PUzjQArY?authuser=0&hl=fr&rclk=1
Porto de Recreio de Oeiras (Marina de Oeiras)," Av. Marginal, 2780-267 Praia da Torre, Portugal",Oeiras+Portugal,Portugal,Parc aquatique,Port de plaisance,"4,5", +351 21 440 1510,https://oeirasviva.pt/porto-de-recreio-de-oeiras/,porto.recreio@oeirasviva.pt,https://www.linkedin.com/company/oeiras-viva-e-m,https://www.google.com/maps/place/Porto+de+Recreio+de+Oeiras+%28Marina+de+Oeiras%29/data=!4m7!3m6!1s0xd1ec9194a13e285:0x27c408bf393cc028!8m2!3d38.6758501!4d-9.3179579!16s%2Fg%2F1tdmwx0z!19sChIJheITShnJHg0RKMA8Ob8IxCc?authuser=0&hl=fr&rclk=1
Playground area," Praça da Maratona, 1495-751 Cruz Quebrada, Portugal",Oeiras+Portugal,Portugal,Parc aquatique,Terrain de jeu,"4,6", +351 939 524 368,http://jamor.ipdj.pt/,reservas.jamor@ipdj.pt,,https://www.google.com/maps/place/Playground+area/data=!4m7!3m6!1s0xd1ecc0ab4525797:0x18434990e5acb160!8m2!3d38.7051046!4d-9.2567278!16s%2Fg%2F11c7s6pg2g!19sChIJl1dStArMHg0RYLGs5ZBJQxg?authuser=0&hl=fr&rclk=1
Adventure Park," Centro Desportivo Nacional do Jamor, 1495-751 Cruz Quebrada, Portugal",Oeiras+Portugal,Portugal,Parc aquatique,Parc à thème,"4,5", +351 21 151 9400,http://www.adventurepark.pt/,geral@adventurepark.pt,https://www.linkedin.com/company/adventure-park-portugal,https://www.google.com/maps/place/Adventure+Park/data=!4m7!3m6!1s0xd1ecc756f490619:0xbb0ba3230326c536!8m2!3d38.7083864!4d-9.2471548!16s%2Fg%2F1pxwl_sky!19sChIJGQZJb3XMHg0RNsUmAyOjC7s?authuser=0&hl=fr&rclk=1
Sheraton Lisboa Hotel & Spa," R. Latino Coelho 1, 1069 Lisboa, Portugal",Odivelas+Portugal,Portugal,Hôtel avec spa,,"4,6", +351 21 312 0000,https://www.marriott.com/en-us/hotels/lissi-sheraton-lisboa-hotel-and-spa/overview/?scid=f2ae0541-1279-4f24-b197-a979c79310b0,,,https://www.google.com/maps/place/Sheraton+Lisboa+Hotel+%26+Spa/data=!4m10!3m9!1s0xd1933756cd4d949:0xbbbdc2a5733bc861!5m2!4m1!1i2!8m2!3d38.731753!4d-9.146995!16s%2Fg%2F1218l3y8!19sChIJSdnUbHUzGQ0RYcg7c6XCvbs?authuser=0&hl=fr&rclk=1
VIP Grand Lisboa Hotel & Spa," Avenida 5 de Outubro 197, 1050-054 Lisboa, Portugal",Odivelas+Portugal,Portugal,Hôtel avec spa,,"4,0", +351 21 043 5000,https://www.viphotels.com/en/hotels/vip-grand-lisboa-in-lisbon/?partner=8189utm_source=google&utm_medium=organic&utm_campaign=MyBusiness&utm,res.viplisboa@viphotels.com,,https://www.google.com/maps/place/VIP+Grand+Lisboa+Hotel+%26+Spa/data=!4m10!3m9!1s0xd193308eda4cbdf:0x2315e0665607ea6d!5m2!4m1!1i2!8m2!3d38.742241!4d-9.149189!16s%2Fg%2F1tgd7t3y!19sChIJ38uk7QgzGQ0RbeoHVmbgFSM?authuser=0&hl=fr&rclk=1
Meliá Lisboa Aeroporto," R. C 2, 1749-125 Lisboa, Portugal",Odivelas+Portugal,Portugal,Hôtel avec spa,,"4,4", +351 21 842 5000,https://www.melialisboaaeroporto.com/?utm_campaign=google&utm_content=5689&utm_medium=organic&utm_source=directories,,,https://www.google.com/maps/place/Meli%C3%A1+Lisboa+Aeroporto/data=!4m10!3m9!1s0xd19324717046fd1:0xd0740faeacd8a50!5m2!4m1!1i2!8m2!3d38.770252!4d-9.125067!16s%2Fg%2F1ptw1kj2j!19sChIJ0W8EF0cyGQ0RUIrN6vpABw0?authuser=0&hl=fr&rclk=1
HS Milfontes Beach," Av. Marginal, 7645-272 Vila Nova de Milfontes, Portugal",Sines+Portugal,Portugal,Hôtel avec spa,,"4,2", +351 283 990 070,https://dunaparqueresorts-hotels.com/pt/hs-milfontes-beach,geral@dunaparque.com,,https://www.google.com/maps/place/HS+Milfontes+Beach/data=!4m10!3m9!1s0xd1ba1708b31c7cf:0x6e6fd325ffcdd0fb!5m2!4m1!1i2!8m2!3d37.7236309!4d-8.7841392!16s%2Fg%2F1tgptx2d!19sChIJz8cxi3ChGw0R-9DN_yXTb24?authuser=0&hl=fr&rclk=1
Sobreiras - Alentejo Country Hotel," Caixa Postal 3143, Mosqueirão, 7570-336 Grândola, Portugal",Sines+Portugal,Portugal,Hôtel avec spa,,"4,3", +351 269 109 930,http://sobreiras.pt/,info@sobreiras.pt,,https://www.google.com/maps/place/Sobreiras+-+Alentejo+Country+Hotel/data=!4m10!3m9!1s0xd1bcc6b09e6ffeb:0xcb20a47aeedc8d3!5m2!4m1!1i2!8m2!3d38.1029979!4d-8.5561147!16s%2Fg%2F11b8v9d1zd!19sChIJ6__mCWvMGw0R08jtrkcKsgw?authuser=0&hl=fr&rclk=1
Monte Tons da Terra - Casa de Campo & SPA," Foros dos Cadouços, 7540-415 São Domingos, Portugal",Sines+Portugal,Portugal,Hôtel avec spa,,"4,2", +351 934 405 454,http://www.tonsdaterra.com/,,,https://www.google.com/maps/place/Monte+Tons+da+Terra+-+Casa+de+Campo+%26+SPA/data=!4m10!3m9!1s0xd1bb3b61a98ae39:0xb6ca98aed488d9e8!5m2!4m1!1i2!8m2!3d37.885403!4d-8.5494581!16s%2Fg%2F11b7hqkwdy!19sChIJOa6YGrazGw0R6NmI1K6YyrY?authuser=0&hl=fr&rclk=1
Monte do Giestal - Casas de Campo & Spa," Bric 801 . Cova do Gato, 7540-031, Portugal",Sines+Portugal,Portugal,Hôtel avec spa,,"4,8", +351 269 902 068,https://montedogiestal.com/,geral@montedogiestal.com,,https://www.google.com/maps/place/Monte+do+Giestal+-+Casas+de+Campo+%26+Spa/data=!4m10!3m9!1s0xd1bcaa1d80c199f:0xe300ce99282ad5c6!5m2!4m1!1i2!8m2!3d38.0119444!4d-8.5061111!16s%2Fg%2F1tgffmzv!19sChIJnxkM2KHKGw0RxtUqKJnOAOM?authuser=0&hl=fr&rclk=1
Duna Parque Beach Club," Tv. da Eira da Pedra, 7645-291 Vila Nova de Milfontes, Portugal",Sines+Portugal,Portugal,Hôtel avec spa,,"4,0", +351 283 990 072,https://dunaparque.com/,geral@dunaparque.com,,https://www.google.com/maps/place/Duna+Parque+Beach+Club/data=!4m10!3m9!1s0xd1ba1784a4a0e7b:0xc36515044ed9dfb2!5m2!4m1!1i2!8m2!3d37.7260519!4d-8.7898747!16s%2Fg%2F1tc_5c9f!19sChIJew5KSnihGw0Rst_ZTgQVZcM?authuser=0&hl=fr&rclk=1
Quinta Amala," EN261-2, 7570-686 Melides, Portugal",Sines+Portugal,Portugal,Hôtel avec spa,,"4,9", +351 927 817 292,http://www.quintaamala.com/,reservations@quintaamala.com,,https://www.google.com/maps/place/Quinta+Amala/data=!4m10!3m9!1s0xd1bc500451d83cd:0x752f1b71790eebcf!5m2!4m1!1i2!8m2!3d38.1412368!4d-8.7384325!16s%2Fg%2F11x2bdlhh2!19sChIJzYMdRQDFGw0Rz-sOeXEbL3U?authuser=0&hl=fr&rclk=1
Vermelho Melides," R. Dr. Evaristo Sousa Gago 2, 7570-635 Melides, Portugal",Sines+Portugal,Portugal,Hôtel avec spa,,"4,6", +351 915 280 511,https://www.vermelhohotel.com/?utm_source=google&utm_medium=maps&utm_campaign=mybusiness&utm_content=vermelho,welcome@vermelhomelides.com,,https://www.google.com/maps/place/Vermelho+Melides/data=!4m10!3m9!1s0xd1bd200dfa05aef:0xec25038f38376f11!5m2!4m1!1i2!8m2!3d38.1463188!4d-8.7282551!16s%2Fg%2F11jz9m1h_m!19sChIJ71qg3wDSGw0REW83OI8DJew?authuser=0&hl=fr&rclk=1
Porto Covo Praia Hotel & SPA," R. Joaquim Augusto, 7520-415 Sines, Portugal",Sines+Portugal,Portugal,Hôtel avec spa,,"4,6", +351 269 039 100,https://portocovopraiahotelspa.pt/reservas/,,,https://www.google.com/maps/place/Porto+Covo+Praia+Hotel+%26+SPA/data=!4m10!3m9!1s0xd1bbcfde8dbffff:0xd656911046d479ee!5m2!4m1!1i2!8m2!3d37.8553542!4d-8.7929306!16s%2Fg%2F11t501h91_!19sChIJ___b6P28Gw0R7nnURhCRVtY?authuser=0&hl=fr&rclk=1
Duna Parque Beach Club," Tv. da Eira da Pedra, 7645-291 Vila Nova de Milfontes, Portugal",Sines+Portugal,Portugal,Hôtel avec spa,,"4,0", +351 283 990 072,https://dunaparque.com/,geral@dunaparque.com,,https://www.google.com/maps/place/Duna+Parque+Beach+Club/data=!4m10!3m9!1s0xd1ba1784915b8b1:0xc36515044ed9dfb2!5m2!4m1!1i2!8m2!3d37.726052!4d-8.789875!16s%2Fg%2F1tc_5c9f!19sChIJsbgVSXihGw0Rst_ZTgQVZcM?authuser=0&hl=fr&rclk=1
Sines Sea View Business & Leisure Hotel," R. da Nau São Miguel, 7520-315 Sines, Portugal",Sines+Portugal,Portugal,Hôtel avec spa,,"4,6", +351 269 038 980,https://www.sinesseaview.com/,info@sinesseaview.com,,https://www.google.com/maps/place/Sines+Sea+View+Business+%26+Leisure+Hotel/data=!4m10!3m9!1s0xd1b955ef6adfb01:0x5fa1b7f815d7ec68!5m2!4m1!1i2!8m2!3d37.9532574!4d-8.8583424!16s%2Fg%2F11rs9l1bzt!19sChIJAfut9l6VGw0RaOzXFfi3oV8?authuser=0&hl=fr&rclk=1
Herdade da Malhadinha Nova Country House & Spa," Herdade da Malhadinha Nova, 7800-601 Albernoa, Portugal",Sines+Portugal,Portugal,Hôtel avec spa,,"4,6", +351 284 965 432,https://www.malhadinhanova.pt/pt/,,,https://www.google.com/maps/place/Herdade+da+Malhadinha+Nova+Country+House+%26+Spa/data=!4m10!3m9!1s0xd1a64c3ad4b96b9:0x29a3fc770d28464!5m2!4m1!1i2!8m2!3d37.821373!4d-7.978345!16s%2Fg%2F1hc77d0pl!19sChIJuZZLrcNkGg0RZITScMc_mgI?authuser=0&hl=fr&rclk=1
Centro Histórico de Sines," R. Cândido dos Reis 26, 7520-242 Sines, Portugal",Sines+Portugal,Portugal,Centre thermal,Site historique,"4,2",,,,,https://www.google.com/maps/place/Centro+Hist%C3%B3rico+de+Sines/data=!4m7!3m6!1s0xd1b951737ad64bd:0xd7d63f4cc051bd4!8m2!3d37.9560944!4d-8.8678512!16s%2Fg%2F11gbzbv_z7!19sChIJvWStNxeVGw0R1BsFzPRjfQ0?authuser=0&hl=fr&rclk=1
Quinta Amala," EN261-2, 7570-686 Melides, Portugal",Sines+Portugal,Portugal,Hôtel avec spa,,"4,9", +351 927 817 292,http://www.quintaamala.com/,reservations@quintaamala.com,,https://www.google.com/maps/place/Quinta+Amala/data=!4m10!3m9!1s0xd1bc500451d83cd:0x752f1b71790eebcf!5m2!4m1!1i2!8m2!3d38.1412368!4d-8.7384325!16s%2Fg%2F11x2bdlhh2!19sChIJzYMdRQDFGw0Rz-sOeXEbL3U?authuser=0&hl=fr&rclk=1
Porto Covo Praia Hotel & SPA," R. Joaquim Augusto, 7520-415 Sines, Portugal",Sines+Portugal,Portugal,Hôtel avec spa,,"4,6", +351 269 039 100,https://portocovopraiahotelspa.pt/reservas/,,,https://www.google.com/maps/place/Porto+Covo+Praia+Hotel+%26+SPA/data=!4m10!3m9!1s0xd1bbcfde8dbffff:0xd656911046d479ee!5m2!4m1!1i2!8m2!3d37.8553542!4d-8.7929306!16s%2Fg%2F11t501h91_!19sChIJ___b6P28Gw0R7nnURhCRVtY?authuser=0&hl=fr&rclk=1
Hotel Vila Galé Alentejo Vineyards," Herdade da Figueirinha - Santa Vitória, 7800-730 Beja, Portugal",Sines+Portugal,Portugal,Hôtel avec spa,,"4,5", +351 284 970 100,https://www.vilagale.com/pt-pt/hoteis-portugal/hoteis-alentejo/vila-gale-alentejo-vineyards/,campo@vilagale.com,https://www.linkedin.com/company/vila-gale-s-a-,https://www.google.com/maps/place/Hotel+Vila+Gal%C3%A9+Alentejo+Vineyards/data=!4m10!3m9!1s0xd1a6f694034d2d3:0x8daa5edfddb8917c!5m2!4m1!1i2!8m2!3d37.889114!4d-8.020538!16s%2Fg%2F11g69hh9kw!19sChIJ09I0QGlvGg0RfJG43d9eqo0?authuser=0&hl=fr&rclk=1
Vermelho Melides," R. Dr. Evaristo Sousa Gago 2, 7570-635 Melides, Portugal",Sines+Portugal,Portugal,Hôtel avec spa,,"4,6", +351 915 280 511,https://www.vermelhohotel.com/?utm_source=google&utm_medium=maps&utm_campaign=mybusiness&utm_content=vermelho,welcome@vermelhomelides.com,,https://www.google.com/maps/place/Vermelho+Melides/data=!4m10!3m9!1s0xd1bd200dfa05aef:0xec25038f38376f11!5m2!4m1!1i2!8m2!3d38.1463188!4d-8.7282551!16s%2Fg%2F11jz9m1h_m!19sChIJ71qg3wDSGw0REW83OI8DJew?authuser=0&hl=fr&rclk=1
Duna Parque Beach Club," Tv. da Eira da Pedra, 7645-291 Vila Nova de Milfontes, Portugal",Sines+Portugal,Portugal,Hôtel avec spa,,"4,0", +351 283 990 072,https://dunaparque.com/,geral@dunaparque.com,,https://www.google.com/maps/place/Duna+Parque+Beach+Club/data=!4m10!3m9!1s0xd1ba1784915b8b1:0xc36515044ed9dfb2!5m2!4m1!1i2!8m2!3d37.726052!4d-8.789875!16s%2Fg%2F1tc_5c9f!19sChIJsbgVSXihGw0Rst_ZTgQVZcM?authuser=0&hl=fr&rclk=1
HS Milfontes Beach," Av. Marginal, 7645-272 Vila Nova de Milfontes, Portugal",Sines+Portugal,Portugal,Hôtel avec spa,,"4,2", +351 283 990 070,https://dunaparqueresorts-hotels.com/pt/hs-milfontes-beach,geral@dunaparque.com,,https://www.google.com/maps/place/HS+Milfontes+Beach/data=!4m10!3m9!1s0xd1ba1708b31c7cf:0x6e6fd325ffcdd0fb!5m2!4m1!1i2!8m2!3d37.7236309!4d-8.7841392!16s%2Fg%2F1tgptx2d!19sChIJz8cxi3ChGw0R-9DN_yXTb24?authuser=0&hl=fr&rclk=1
Duna Parque Beach Club," Tv. da Eira da Pedra, 7645-291 Vila Nova de Milfontes, Portugal",Sines+Portugal,Portugal,Hôtel avec spa,,"4,0", +351 283 990 072,https://dunaparque.com/,geral@dunaparque.com,,https://www.google.com/maps/place/Duna+Parque+Beach+Club/data=!4m10!3m9!1s0xd1ba1784a4a0e7b:0xc36515044ed9dfb2!5m2!4m1!1i2!8m2!3d37.7260519!4d-8.7898747!16s%2Fg%2F1tc_5c9f!19sChIJew5KSnihGw0Rst_ZTgQVZcM?authuser=0&hl=fr&rclk=1
Monte do Giestal - Casas de Campo & Spa," Bric 801 . Cova do Gato, 7540-031, Portugal",Sines+Portugal,Portugal,Hôtel avec spa,,"4,8", +351 269 902 068,https://montedogiestal.com/,geral@montedogiestal.com,,https://www.google.com/maps/place/Monte+do+Giestal+-+Casas+de+Campo+%26+Spa/data=!4m10!3m9!1s0xd1bcaa1d80c199f:0xe300ce99282ad5c6!5m2!4m1!1i2!8m2!3d38.0119444!4d-8.5061111!16s%2Fg%2F1tgffmzv!19sChIJnxkM2KHKGw0RxtUqKJnOAOM?authuser=0&hl=fr&rclk=1
Sobreiras - Alentejo Country Hotel," Caixa Postal 3143, Mosqueirão, 7570-336 Grândola, Portugal",Sines+Portugal,Portugal,Hôtel avec spa,,"4,3", +351 269 109 930,http://sobreiras.pt/,info@sobreiras.pt,,https://www.google.com/maps/place/Sobreiras+-+Alentejo+Country+Hotel/data=!4m10!3m9!1s0xd1bcc6b09e6ffeb:0xcb20a47aeedc8d3!5m2!4m1!1i2!8m2!3d38.1029979!4d-8.5561147!16s%2Fg%2F11b8v9d1zd!19sChIJ6__mCWvMGw0R08jtrkcKsgw?authuser=0&hl=fr&rclk=1
Sines Sea View Business & Leisure Hotel," R. da Nau São Miguel, 7520-315 Sines, Portugal",Sines+Portugal,Portugal,Hôtel avec spa,,"4,6", +351 269 038 980,https://www.sinesseaview.com/,,,https://www.google.com/maps/place/Sines+Sea+View+Business+%26+Leisure+Hotel/data=!4m10!3m9!1s0xd1b955ef6adfb01:0x5fa1b7f815d7ec68!5m2!4m1!1i2!8m2!3d37.9532574!4d-8.8583424!16s%2Fg%2F11rs9l1bzt!19sChIJAfut9l6VGw0RaOzXFfi3oV8?authuser=0&hl=fr&rclk=1
Monte Tons da Terra - Casa de Campo & SPA," Foros dos Cadouços, 7540-415 São Domingos, Portugal",Sines+Portugal,Portugal,Hôtel avec spa,,"4,2", +351 934 405 454,http://www.tonsdaterra.com/,,,https://www.google.com/maps/place/Monte+Tons+da+Terra+-+Casa+de+Campo+%26+SPA/data=!4m10!3m9!1s0xd1bb3b61a98ae39:0xb6ca98aed488d9e8!5m2!4m1!1i2!8m2!3d37.885403!4d-8.5494581!16s%2Fg%2F11b7hqkwdy!19sChIJOa6YGrazGw0R6NmI1K6YyrY?authuser=0&hl=fr&rclk=1
Seelyte SPA Sines Sea View," R. da Nau São Miguel PISO - 1, 7520-315 Sines, Portugal",Sines+Portugal,Portugal,Centre thermal,,"4,7", +351 269 038 980,https://www.sinesseaview.com/spa,info@sinesseaview.com,,https://www.google.com/maps/place/Seelyte+SPA+Sines+Sea+View/data=!4m7!3m6!1s0xd1b952c8ca22897:0x8e77a21ec930a8d9!8m2!3d37.9528112!4d-8.8594582!16s%2Fg%2F11ks1_cpbx!19sChIJlyiijCyVGw0R2agwyR6id44?authuser=0&hl=fr&rclk=1
Centro Histórico de Sines," R. Cândido dos Reis 26, 7520-242 Sines, Portugal",Sines+Portugal,Portugal,Centre thermal,Site historique,"4,2",,,,,https://www.google.com/maps/place/Centro+Hist%C3%B3rico+de+Sines/data=!4m7!3m6!1s0xd1b951737ad64bd:0xd7d63f4cc051bd4!8m2!3d37.9560944!4d-8.8678512!16s%2Fg%2F11gbzbv_z7!19sChIJvWStNxeVGw0R1BsFzPRjfQ0?authuser=0&hl=fr&rclk=1
Water Park Gerês," Praia de, Rua do Alqueirão, 4845-062 Alqueirão, Portugal",Sines+Portugal,Portugal,Parc aquatique,Parc aquatique,"4,4", +351 915 658 866,,,,https://www.google.com/maps/place/Water+Park+Ger%C3%AAs/data=!4m7!3m6!1s0xd251f885badc287:0xdf23855258e4ecd0!8m2!3d41.6796211!4d-8.1762636!16s%2Fg%2F11fn25wx_g!19sChIJh8KtW4gfJQ0R0OzkWFKFI98?authuser=0&hl=fr&rclk=1
Slide & Splash," Portugal PT, Vale de Deus 125, 8401-901 Estômbar, Portugal",Sines+Portugal,Portugal,Parc aquatique,Parc aquatique,"4,5", +351 282 340 800,http://www.slidesplash.com/,info@slidesplash.com,,https://www.google.com/maps/place/Slide+%26+Splash/data=!4m7!3m6!1s0xd1ad7dcb0aff5c5:0xbe389806c01894c5!8m2!3d37.1399192!4d-8.474926!16s%2Fg%2F1tg36h9c!19sChIJxfWvsNzXGg0RxZQYwAaYOL4?authuser=0&hl=fr&rclk=1
Aqualand Algarve," Sítio das Areias, N125, 8365-908 Alcantarilha, Portugal",Sines+Portugal,Portugal,Parc aquatique,Parc aquatique,"4,1", +351 282 320 230,https://www.aqualand.pt/,aqualandalgarve@asproparks.com,,https://www.google.com/maps/place/Aqualand+Algarve/data=!4m7!3m6!1s0xd1ad0e39d6bfd4b:0x81a56dd58df0e845!8m2!3d37.1353881!4d-8.3660084!16s%2Fg%2F1thy11w3!19sChIJS_1rnePQGg0RRejwjdVtpYE?authuser=0&hl=fr&rclk=1
Praia Vasco da Gama," Av. Vasco da Gama, Sines, Portugal",Sines+Portugal,Portugal,Parc aquatique,Attraction touristique,"4,4", +351 915 374 937,,,,https://www.google.com/maps/place/Praia+Vasco+da+Gama/data=!4m7!3m6!1s0xd1b951104a2fd63:0x58ffe06bf8b55696!8m2!3d37.9533697!4d-8.865534!16s%2Fg%2F119tyl0p9!19sChIJY_2iBBGVGw0Rlla1-Gvg_1g?authuser=0&hl=fr&rclk=1
Costa do Vizir Camping," R. Rui Veloso, Monte Branco, 7520-437, Portugal",Sines+Portugal,Portugal,Parc aquatique,,"4,3", +351 308 802 114,https://www.costadovizir.com/,,,https://www.google.com/maps/place/Costa+do+Vizir+Camping/data=!4m10!3m9!1s0xd1bbcfbe02e3d71:0x862047ffd834041!5m2!4m1!1i2!8m2!3d37.8564277!4d-8.7870994!16s%2Fg%2F11c130kmtp!19sChIJcT0u4Pu8Gw0RQUCD_X8EYgg?authuser=0&hl=fr&rclk=1
Panorâmico Aquaparque," R. Eiras de Belém 20, 3100-319 Pombal, Portugal",Sines+Portugal,Portugal,Parc aquatique,Parc aquatique,"4,1", +351 236 217 774,http://www.panoramicoaquaparque.com/,%20panoramico.aquaparque@gmail.com,,https://www.google.com/maps/place/Panor%C3%A2mico+Aquaparque/data=!4m7!3m6!1s0xd2266707c37d90d:0x76c18e2b4fba5d4b!8m2!3d39.9228286!4d-8.5957675!16s%2Fg%2F1v29d92_!19sChIJDdk3fHBmIg0RS126TyuOwXY?authuser=0&hl=fr&rclk=1
Oasis - Water Park Galveias With Oasis Bar," R. Joaquim Barradas de Carvalho 59, 7400-014 Galveias, Portugal",Sines+Portugal,Portugal,Parc aquatique,Parc aquatique,"4,5",,http://jfgalveias.pt/,info@wane.com,,https://www.google.com/maps/place/Oasis+-+Water+Park+Galveias+With+Oasis+Bar/data=!4m7!3m6!1s0xd1831a5217a2f43:0xcfcaa89d8a0edd90!8m2!3d39.1581322!4d-7.9931942!16s%2Fg%2F11c3q4kytz!19sChIJQy96IaUxGA0RkN0Oip2oys8?authuser=0&hl=fr&rclk=1
Parque Aquático de Fafe," Tv. Sol Poente 1, 4820-338 Fafe, Portugal",Sines+Portugal,Portugal,Parc aquatique,Parc aquatique,"4,2", +351 910 637 001,https://parqueaquaticofafe.pt/,geral@parqueaquaticofafe.pt,,https://www.google.com/maps/place/Parque+Aqu%C3%A1tico+de+Fafe/data=!4m7!3m6!1s0xd24e8f74d5c38a3:0x43dd9e7f1bd60c2!8m2!3d41.4396041!4d-8.1827994!16s%2Fg%2F1q5bmncb5!19sChIJozhcTffoJA0RwmC98efZPQQ?authuser=0&hl=fr&rclk=1
Aquashow," Aquashow Park, Volta do Parque n.º 1, 8125-313 Quarteira, Portugal",Sines+Portugal,Portugal,Parc aquatique,Parc aquatique,"4,4", +351 289 315 129,https://aquashowpark.com/,reservas@aquashowpark.com,,https://www.google.com/maps/place/Aquashow/data=!4m7!3m6!1s0xd1ab575a4f4c3dd:0xfddc87f54582acc1!8m2!3d37.0931577!4d-8.0719093!16s%2Fg%2F11hz2m39zb!19sChIJ3cP0pHW1Gg0RwayCRfWH3P0?authuser=0&hl=fr&rclk=1
Zoomarine," N125 KM 65, 8201-864 Guia, Portugal",Sines+Portugal,Portugal,Parc aquatique,Parc à thème,"4,6", +351 289 560 300,https://www.zoomarine.pt/,,,https://www.google.com/maps/place/Zoomarine/data=!4m7!3m6!1s0xd1ace4ed8ed7ec7:0x8cf7b5092d8538af!8m2!3d37.126969!4d-8.314199!16s%2Fg%2F1217cr26!19sChIJx37t2E7OGg0RrziFLQm194w?authuser=0&hl=fr&rclk=1
Amarante Water Park," Rua do Tâmega 2245 -909, 4600-909, Portugal",Sines+Portugal,Portugal,Parc aquatique,Parc aquatique,"4,3", +351 255 410 040,http://parqueaquaticoamarante.com/,waterpark@tamegaclube.com,,https://www.google.com/maps/place/Amarante+Water+Park/data=!4m7!3m6!1s0xd24be6ec5c6f72d:0x5c768383645eaab6!8m2!3d41.2495036!4d-8.1056498!16s%2Fg%2F11gfkm5bvk!19sChIJLffGxW6-JA0RtqpeZIODdlw?authuser=0&hl=fr&rclk=1
"NaturWaterPark - Parque de Diversões do Douro, Lda"," Quinta do Barroco, Póvoa, 5000-037 Vila Real, Portugal",Sines+Portugal,Portugal,Parc aquatique,,"4,3", +351 259 309 120,http://www.naturwaterpark.pt/,,,"https://www.google.com/maps/place/NaturWaterPark+-+Parque+de+Divers%C3%B5es+do+Douro,+Lda/data=!4m10!3m9!1s0xd3b4f284f893e7d:0xf52d0a705512fb1f!5m2!4m1!1i2!8m2!3d41.2559981!4d-7.651942!16s%2Fg%2F1tdz17kg!19sChIJfT6JTyhPOw0RH_sSVXAKLfU?authuser=0&hl=fr&rclk=1"
Water Park Splash Wave," 3840-261, Portugal",Sines+Portugal,Portugal,Parc aquatique,Parc aquatique,"4,1", +351 234 797 732,http://www.vagasplash.com/,info@vagasplash.com,,https://www.google.com/maps/place/Water+Park+Splash+Wave/data=!4m7!3m6!1s0xd23beae6f732c8d:0x73d5d0980ca8fd60!8m2!3d40.5497484!4d-8.7705445!16s%2Fg%2F1tfsjpj8!19sChIJjSxzb66-Iw0RYP2oDJjQ1XM?authuser=0&hl=fr&rclk=1
Norpark - Aquatic Amusement Nazaré," Praia do Norte, 2450-065 Nazaré, Portugal",Sines+Portugal,Portugal,Parc aquatique,Parc aquatique,"4,1", +351 262 568 515,https://norparknazare.pt/,,,https://www.google.com/maps/place/Norpark+-+Aquatic+Amusement+Nazar%C3%A9/data=!4m7!3m6!1s0xd18a9c3a917f529:0x63bafea1726a9c40!8m2!3d39.6130378!4d-9.0801809!16s%2Fg%2F1trps1rn!19sChIJKfUXqcOpGA0RQJxqcqH-umM?authuser=0&hl=fr&rclk=1
Aquaparque Madeira," ER101, 9100-000 Gaula, Portugal",Sines+Portugal,Portugal,Parc aquatique,Parc aquatique,"3,8", +351 291 640 535,https://aquaparque-madeira.com/,desabafos.verao@gmail.com,,https://www.google.com/maps/place/Aquaparque+Madeira/data=!4m7!3m6!1s0xc6063736bcba275:0x3e75fcfda401014d!8m2!3d32.6836851!4d-16.7967709!16s%2Fg%2F11hzpnhyb2!19sChIJdaLLa3NjYAwRTQEBpP38dT4?authuser=0&hl=fr&rclk=1
Banzai boggan," 8365-023 Alcantarilha, Portugal",Sines+Portugal,Portugal,Parc aquatique,Parc aquatique,"4,3",,http://www.aqualand.pt/,aqualandalgarve@asproparks.com,,https://www.google.com/maps/place/Banzai+boggan/data=!4m7!3m6!1s0xd1ad0e4b2914581:0xe275f9f47478dcc3!8m2!3d37.1362419!4d-8.3637228!16s%2Fg%2F11f0l21z4t!19sChIJgUWRsuTQGg0Rw9x4dPT5deI?authuser=0&hl=fr&rclk=1
Santarém Water Park," R. Prof. Américo Marinho 2, 2005-444 Santarém, Portugal",Sines+Portugal,Portugal,Parc aquatique,Parc aquatique,"4,2", +351 243 300 900,https://viversantarem.pt/complexo-aquatico-de-santarem/,geral@viversantarem.pt,,https://www.google.com/maps/place/Santar%C3%A9m+Water+Park/data=!4m7!3m6!1s0xd18ede992c6d7a3:0xef227f2bc75ed110!8m2!3d39.2602211!4d-8.6806843!16s%2Fg%2F1yg4fd0zt!19sChIJo9fGkuntGA0RENFexyt_Iu8?authuser=0&hl=fr&rclk=1
Camping Porto Covo," Estrada Municipal 554, 7520-437 Sines, Portugal",Sines+Portugal,Portugal,Parc aquatique,,"4,1", +351 269 905 136,https://www.campingportocovo.pt/,camping.portocovo@gmail.com,,https://www.google.com/maps/place/Camping+Porto+Covo/data=!4m10!3m9!1s0xd1bbcf97015bee9:0x54268b189c494298!5m2!4m1!1i2!8m2!3d37.8527125!4d-8.7876936!16s%2Fg%2F1td1fphb!19sChIJ6b4VcPm8Gw0RmEJJnBiLJlQ?authuser=0&hl=fr&rclk=1
Mariparque - Praia da Vieira," Av. Marginal 13, Praia da Vieira, 2430-696 Vieira de Leiria, Portugal",Sines+Portugal,Portugal,Parc aquatique,Parc aquatique,"4,1", +351 244 699 068,http://www.hoteiscristal.pt/mariparque,,,https://www.google.com/maps/place/Mariparque+-+Praia+da+Vieira/data=!4m7!3m6!1s0xd2210d580cb66e7:0xbf0d3db12d129e46!8m2!3d39.8780667!4d-8.9680614!16s%2Fg%2F11cn91rxy9!19sChIJ52bLgNUQIg0RRp4SLbE9Db8?authuser=0&hl=fr&rclk=1
D'Balance - Centro Terapêutico," Av. Dom Pedro I lote C loja 3, 7520-100 Sines, Portugal",Sines+Portugal,Portugal,Thalassothérapie,Boutique de santé et beauté,, +351 965 467 930,https://www.instagram.com/dbalance.centroterapeutico/,,,https://www.google.com/maps/place/D%27Balance+-+Centro+Terap%C3%AAutico/data=!4m7!3m6!1s0xd1b95fec764011d:0x401639299cf9c002!8m2!3d37.9595218!4d-8.8583651!16s%2Fg%2F11w8dp3zpl!19sChIJHQFkx_6VGw0RAsD5nCk5FkA?authuser=0&hl=fr&rclk=1
Seelyte SPA Sines Sea View," R. da Nau São Miguel PISO - 1, 7520-315 Sines, Portugal",Sines+Portugal,Portugal,Thalassothérapie,,"4,7", +351 269 038 980,https://www.sinesseaview.com/spa,info@sinesseaview.com,,https://www.google.com/maps/place/Seelyte+SPA+Sines+Sea+View/data=!4m10!3m9!1s0xd1b952c8ca22897:0x8e77a21ec930a8d9!5m2!4m1!1i2!8m2!3d37.9528112!4d-8.8594582!16s%2Fg%2F11ks1_cpbx!19sChIJlyiijCyVGw0R2agwyR6id44?authuser=0&hl=fr&rclk=1
Melia Braga," Av. Gen. Carrilho da Silva Pinto 8, 4715-380 Braga, Portugal",Braga+Portugal,Portugal,Hôtel avec spa,,"4,5", +351 253 144 000,https://www.meliabraga.com/?utm_campaign=google&utm_content=5688&utm_medium=organic&utm_source=directories,,,https://www.google.com/maps/place/Melia+Braga/data=!4m10!3m9!1s0xd24fc20ece25575:0x5b942f63928fb6f9!5m2!4m1!1i2!8m2!3d41.556763!4d-8.395006!16s%2Fg%2F11cp7yhl6c!19sChIJdVXi7CD8JA0R-baPkmMvlFs?authuser=0&hl=fr&rclk=1
The Lince Braga," Estr. Via Falperra EN 309, 4715-390 Braga, Portugal",Braga+Portugal,Portugal,Hôtel avec spa,,"4,7", +351 253 402 000,https://thelincehotels.com/braga/,info.braga@thelincehotels.com,,https://www.google.com/maps/place/The+Lince+Braga/data=!4m10!3m9!1s0xd24fb45842d0307:0xc21490cafa2cd483!5m2!4m1!1i2!8m2!3d41.5204702!4d-8.3891391!16s%2Fg%2F11xn1h6yc6!19sChIJBwMthEX7JA0Rg9Qs-sqQFMI?authuser=0&hl=fr&rclk=1
Hotel Vila Galé Collection Braga," Largo Carlos Amarante 150, 4700-308 Braga, Portugal",Braga+Portugal,Portugal,Hôtel avec spa,,"4,6", +351 253 146 000,https://www.vilagale.com/pt-pt/hoteis-portugal/hoteis-porto-e-norte/vila-gale-collection-braga/,braga@vilagale.com,https://www.linkedin.com/company/vila-gale-s-a-,https://www.google.com/maps/place/Hotel+Vila+Gal%C3%A9+Collection+Braga/data=!4m10!3m9!1s0xd24fec182295907:0x87be7a585c35982e!5m2!4m1!1i2!8m2!3d41.5489896!4d-8.4235518!16s%2Fg%2F11gghczqn8!19sChIJB1kpgsH-JA0RLpg1XFh6voc?authuser=0&hl=fr&rclk=1
Templo Hotel & Spa," Bom Jesus do Monte, 4715-056 Braga, Portugal",Braga+Portugal,Portugal,Hôtel avec spa,,"4,1", +351 253 603 610,https://www.hoteisbomjesus.pt/hotel-templo-hotel-spa-em-braga/,geral@ciab.pt,,https://www.google.com/maps/place/Templo+Hotel+%26+Spa/data=!4m10!3m9!1s0xd24fc1577f2e7ad:0x5679c7ac5ff5a176!5m2!4m1!1i2!8m2!3d41.554148!4d-8.377232!16s%2Fg%2F1hc2v813_!19sChIJrefydxX8JA0RdqH1X6zHeVY?authuser=0&hl=fr&rclk=1
Casanova Farmhouse," R. da Sra. da Guia, 4700-793 Parada de Tibães, Portugal",Braga+Portugal,Portugal,Hôtel avec spa,,"5,0", +351 961 335 453,https://www.casanovafarmhouse.com/,reservas@casanovafarmhouse.com,,https://www.google.com/maps/place/Casanova+Farmhouse/data=!4m10!3m9!1s0xd24ff327455c595:0x34d98d2195f1a913!5m2!4m1!1i2!8m2!3d41.5654926!4d-8.4710146!16s%2Fg%2F11ydhj90mv!19sChIJlcVVdDL_JA0RE6nxlSGN2TQ?authuser=0&hl=fr&rclk=1
Templo Hotel & Spa," Bom Jesus do Monte, 4715-056 Braga, Portugal",Braga+Portugal,Portugal,Hôtel avec spa,,"4,1", +351 253 603 610,https://www.hoteisbomjesus.pt/hotel-templo-hotel-spa-em-braga/,geral@ciab.pt,,https://www.google.com/maps/place/Templo+Hotel+%26+Spa/data=!4m10!3m9!1s0xd24fc1577f2f91d:0x5679c7ac5ff5a176!5m2!4m1!1i2!8m2!3d41.5541485!4d-8.3772325!16s%2Fg%2F1hc2v813_!19sChIJHfnydxX8JA0RdqH1X6zHeVY?authuser=0&hl=fr&rclk=1
"Casa Mimosa & Jacuzzi, Tudo Incluído"," R. de Abril 48, 4715-154 Braga, Portugal",Braga+Portugal,Portugal,Hôtel avec spa,,"4,5", +351 912 109 791,,,,"https://www.google.com/maps/place/Casa+Mimosa+%26+Jacuzzi,+Tudo+Inclu%C3%ADdo/data=!4m10!3m9!1s0xd24ffa264c1911b:0x41847c3dcb8cad0f!5m2!4m1!1i2!8m2!3d41.5346671!4d-8.4073714!16s%2Fg%2F11fk0lv208!19sChIJG5HBZKL_JA0RD62Myz18hEE?authuser=0&hl=fr&rclk=1"
Melia Braga," Av. Gen. Carrilho da Silva Pinto 8, 4715-380 Braga, Portugal",Braga+Portugal,Portugal,Hôtel avec spa,,"4,5", +351 253 144 000,https://www.meliabraga.com/?utm_campaign=google&utm_content=5688&utm_medium=organic&utm_source=directories,,,https://www.google.com/maps/place/Melia+Braga/data=!4m10!3m9!1s0xd24fc2093a58081:0x5b942f63928fb6f9!5m2!4m1!1i2!8m2!3d41.556763!4d-8.395006!16s%2Fg%2F11cp7yhl6c!19sChIJgYClkyD8JA0R-baPkmMvlFs?authuser=0&hl=fr&rclk=1
INNSiDE by Meliá Braga Centro," Av. Central 107, 4710-310 Braga, Portugal",Braga+Portugal,Portugal,Hôtel avec spa,,"4,6", +351 253 200 200,https://www.innsidebraga.com/,,,https://www.google.com/maps/place/INNSiDE+by+Meli%C3%A1+Braga+Centro/data=!4m10!3m9!1s0xd24ff1de0504ae1:0x1817fb8fea3c0593!5m2!4m1!1i2!8m2!3d41.551986!4d-8.420377!16s%2Fg%2F11y4tdq8rx!19sChIJ4UpQ4B3_JA0RkwU86o_7Fxg?authuser=0&hl=fr&rclk=1
Deeplyzen - Day Spa," Edifício do Pólo de Negócios de Braga, Av. Dom João II Loja n.º 388, 4715-275 Braga, Portugal",Braga+Portugal,Portugal,Centre thermal,Spa de jour,"4,8", +351 932 847 506,http://www.deeplyzen.pt/,contacto@deeplyzen.pt,,https://www.google.com/maps/place/Deeplyzen+-+Day+Spa/data=!4m7!3m6!1s0xd24fc1df89e949f:0x13e5c6bdcc2d5e2c!8m2!3d41.5438315!4d-8.3996377!16s%2Fg%2F11bbrlpmxl!19sChIJn5Se-B38JA0RLF4tzL3G5RM?authuser=0&hl=fr&rclk=1
Taipas Termal," Largo das Termas, 4805-079 Caldelas, Portugal",Braga+Portugal,Portugal,Centre thermal,Thermes,"4,3", +351 253 577 845,http://taipastermal.com/,info@stagheaddesigns.com,,https://www.google.com/maps/place/Taipas+Termal/data=!4m7!3m6!1s0xd24fafaa7423461:0x2f534a54cd47af2e!8m2!3d41.4879285!4d-8.3424626!16s%2Fg%2F1td4q_8m!19sChIJYTRCp_r6JA0RLq9HzVRKUy8?authuser=0&hl=fr&rclk=1
Termas da Moimenta," Av. D. Manuel I nº18, 4840-100 Braga, Portugal",Braga+Portugal,Portugal,Centre thermal,Station thermale,"4,8", +351 253 353 217,https://www.termasdamoimenta.com/,geral@termasdamoimenta.com,,https://www.google.com/maps/place/Termas+da+Moimenta/data=!4m7!3m6!1s0xd2504b5d5c0e7b1:0x4ac5f02075afa1ae!8m2!3d41.7136999!4d-8.3146269!16s%2Fg%2F1hhxd7gdh!19sChIJsefA1bUEJQ0RrqGvdSDwxUo?authuser=0&hl=fr&rclk=1
Thermes romains d'Alto da Cividade," R. Dr. Rocha Peixoto 13, 4700-043 Braga, Portugal",Braga+Portugal,Portugal,Centre thermal,Site historique,"4,2", +351 253 278 455,,,,https://www.google.com/maps/place/Thermes+romains+d%27Alto+da+Cividade/data=!4m7!3m6!1s0xd24fedcabea848f:0x2a73cb4d73edf26a!8m2!3d41.5462279!4d-8.4296547!16s%2Fm%2F0jkwtdc!19sChIJj4Tqq9z-JA0RavLtc03Lcyo?authuser=0&hl=fr&rclk=1
EL SPA by Meliá Braga," Av. Gen. Carrilho da Silva Pinto nr 8, Piso -1, 4715-380 Braga, Portugal",Braga+Portugal,Portugal,Centre thermal,Spa,"4,3", +351 253 144 003,https://www.meliabraga.com/spa-health-club/,,,https://www.google.com/maps/place/EL+SPA+by+Meli%C3%A1+Braga/data=!4m7!3m6!1s0xd24fdde666fd47d:0x172a5661b97ee25e!8m2!3d41.5566203!4d-8.3951523!16s%2Fg%2F11nc8tt8zf!19sChIJfdRvZt79JA0RXuJ-uWFWKhc?authuser=0&hl=fr&rclk=1
Satsanga Spa Braga," Largo Carlos Amarante 150, 4700-308 Braga, Portugal",Braga+Portugal,Portugal,Centre thermal,Spa,"4,9", +351 935 693 317,https://www.instagram.com/satsangaspa_braga,,,https://www.google.com/maps/place/Satsanga+Spa+Braga/data=!4m7!3m6!1s0xd24ff6ac6895ad5:0xca5349dfcaf8025b!8m2!3d41.5491018!4d-8.4231492!16s%2Fg%2F11sfrysx5k!19sChIJ1VqJxmr_JA0RWwL4yt9JU8o?authuser=0&hl=fr&rclk=1
Caldelas Spa," Braga PT, Av. Afonso Manuel 255, 4720-249 Caldelas, Portugal",Braga+Portugal,Portugal,Centre thermal,Thermes,"4,3", +351 253 368 165,https://termas-caldelas.com/,,,https://www.google.com/maps/place/Caldelas+Spa/data=!4m7!3m6!1s0xd2503b960e26e27:0x4ea116b6f6557b7a!8m2!3d41.667979!4d-8.3699156!16s%2Fg%2F122qs4h7!19sChIJJ27iYLkDJQ0RentV9rYWoU4?authuser=0&hl=fr&rclk=1
Aquaplay - Pool Complex," Rua St.ª Maria 428, 4820-608, Portugal",Braga+Portugal,Portugal,Parc aquatique,Piscine extérieure,"4,3", +351 253 779 972,https://aquaplaypiscinas.pt/es/?fbclid=IwY2xjawKhJXpleHRuA2FlbQIxMAABHsWAs_kzZcVOZOg6dQ_1_kLhXhXuVPVL0lqqjf3ovI5iQEx0TVjFQTBD7lXQ_aem_Vs5Aqbz96Eov-Pud-D_0ww,info@aquaplaypiscinas.pt,,https://www.google.com/maps/place/Aquaplay+-+Pool+Complex/data=!4m7!3m6!1s0xd24ea2243b88545:0x40fde339905de166!8m2!3d41.3839174!4d-8.1572728!16s%2Fg%2F11cmtx6jrd!19sChIJRYW4QyLqJA0RZuFdkDnj_UA?authuser=0&hl=fr&rclk=1
Point de vue de Picoto," Monte do Picoto, 4715-213 Braga, Portugal",Braga+Portugal,Portugal,Parc aquatique,Parc,"4,5",,http://www.picotopark.pt/,info@picotopark.pt,,https://www.google.com/maps/place/Point+de+vue+de+Picoto/data=!4m7!3m6!1s0xd24feb6a3425905:0xee818b53b7e9d016!8m2!3d41.5377688!4d-8.414022!16s%2Fg%2F1213jff0!19sChIJBVlCo7b-JA0RFtDpt1OLge4?authuser=0&hl=fr&rclk=1
Monkey Park Esposende," 4740-010 Esposende, Portugal",Braga+Portugal,Portugal,Parc aquatique,Parc de loisirs,"4,7", +351 919 409 259,https://www.monkeypark.pt/,%20info@monkeypark.pt,,https://www.google.com/maps/place/Monkey+Park+Esposende/data=!4m7!3m6!1s0xd244b45c3e5a763:0x7241e28d035e04e7!8m2!3d41.5306824!4d-8.7646832!16s%2Fg%2F11fd3xvmdv!19sChIJY6flw0VLJA0R5wReA43iQXI?authuser=0&hl=fr&rclk=1
Aquapark Fratelli," R. da Barragem, 4820-560 Queimadela, Portugal",Braga+Portugal,Portugal,Parc aquatique,Parc aquatique,"4,5", +351 965 363 029,https://www.facebook.com/Aquaparkfratelli,,,https://www.google.com/maps/place/Aquapark+Fratelli/data=!4m7!3m6!1s0xd24e7a4015eeac3:0x10ec995dc9ed1ac9!8m2!3d41.5055165!4d-8.1615936!16s%2Fg%2F11g9sw9mvn!19sChIJw-peAaTnJA0RyRrtyV2Z7BA?authuser=0&hl=fr&rclk=1
Piscine de Nogueira," 4715-213 Braga, Portugal",Braga+Portugal,Portugal,Parc aquatique,Piscine,"4,2", +351 253 687 455,https://www.nogueira-fraiao-lamacaes.pt/,geral@nogueira-fraiao-lamacaes.pt,,https://www.google.com/maps/place/Piscine+de+Nogueira/data=!4m7!3m6!1s0xd24f94cc936924f:0xc645143078297e83!8m2!3d41.5316855!4d-8.4104583!16s%2Fg%2F11bw46gs1v!19sChIJT5I2yUz5JA0Rg34peDAURcY?authuser=0&hl=fr&rclk=1
"NaturWaterPark - Parque de Diversões do Douro, Lda"," Quinta do Barroco, Póvoa, 5000-037 Vila Real, Portugal",Braga+Portugal,Portugal,Parc aquatique,,"4,3", +351 259 309 120,http://www.naturwaterpark.pt/,,,"https://www.google.com/maps/place/NaturWaterPark+-+Parque+de+Divers%C3%B5es+do+Douro,+Lda/data=!4m7!3m6!1s0xd3b4f284f893e7d:0xf52d0a705512fb1f!8m2!3d41.2559981!4d-7.651942!16s%2Fg%2F1tdz17kg!19sChIJfT6JTyhPOw0RH_sSVXAKLfU?authuser=0&hl=fr&rclk=1"
Parc national de Peneda-Gerês, Portugal,Braga+Portugal, Portugal,Parc aquatique,Parc national,"4,8", +351 253 203 480,https://pnpgeres.pt/,info@elitepresstheme.com,,https://www.google.com/maps/place/Parc+national+de+Peneda-Ger%C3%AAs/data=!4m7!3m6!1s0xd256917fd47c523:0x6d193b91beb28db6!8m2!3d41.7282173!4d-8.1626317!16zL20vMDNoN2xt!19sChIJI8VH_RdpJQ0Rto2yvpE7GW0?authuser=0&hl=fr&rclk=1
Picoto Park," R. João Evangelista de Araújo Vieira S/N, 4715-000 Braga, Portugal",Braga+Portugal,Portugal,Parc aquatique,Parc de loisirs,"4,6", +351 936 407 696,http://www.picotopark.pt/,info@picotopark.pt,,https://www.google.com/maps/place/Picoto+Park/data=!4m7!3m6!1s0xd24ffc1e68d07df:0xed08a6717035c36d!8m2!3d41.5407494!4d-8.4148665!16s%2Fg%2F11h2nlk7b1!19sChIJ3weN5sH_JA0RbcM1cHGmCO0?authuser=0&hl=fr&rclk=1
Piscinas Scorpio - Guimaraes," Alameda dos Desportos 4805, 4835-235 Guimarães, Portugal",Braga+Portugal,Portugal,Parc aquatique,Parc aquatique,"4,3", +351 253 423 200,https://tempolivre.pt/scorpio/,geral@tempolivre.pt,,https://www.google.com/maps/place/Piscinas+Scorpio+-+Guimaraes/data=!4m7!3m6!1s0xd24f0254e4722c3:0x34d87f8a70abe653!8m2!3d41.4310583!4d-8.3196035!16s%2Fg%2F11b6cbc1f9!19sChIJwyJHTiXwJA0RU-arcIp_2DQ?authuser=0&hl=fr&rclk=1
Parque de São João da Ponte," N101 634, Braga, Portugal",Braga+Portugal,Portugal,Parc aquatique,Parc,"4,5",,http://www.cm-braga.pt/,,,https://www.google.com/maps/place/Parque+de+S%C3%A3o+Jo%C3%A3o+da+Ponte/data=!4m7!3m6!1s0xd24fec8070359d5:0x83b279d5f5ee4a3!8m2!3d41.5416871!4d-8.4188962!16s%2Fg%2F120p547g!19sChIJ1VkDB8j-JA0Ro-ReX50nOwg?authuser=0&hl=fr&rclk=1
Magikland - Amusement Park," R. Santo Andrė n.º1279, 4560-221 Marecos, Portugal",Braga+Portugal,Portugal,Parc aquatique,Parc de loisirs,"4,3", +351 255 712 357,http://www.magikland.pt/,,,https://www.google.com/maps/place/Magikland+-+Amusement+Park/data=!4m7!3m6!1s0xd2491bc723d2bfd:0xa1bc78c1912d471f!8m2!3d41.1992207!4d-8.2799437!16s%2Fg%2F122sxhkz!19sChIJ_Ss9cryRJA0RH0ctkcF4vKE?authuser=0&hl=fr&rclk=1
Sabichão Saltitão," R. da Quintã 70, 4700-230 Braga, Portugal",Braga+Portugal,Portugal,Parc aquatique,Parc d'attractions,"4,3", +351 933 511 550,http://www.sabichaosaltitao.pt/,,,https://www.google.com/maps/place/Sabich%C3%A3o+Saltit%C3%A3o/data=!4m7!3m6!1s0xd24ff0468399065:0x1efa4b1581618a99!8m2!3d41.5627735!4d-8.4470915!16s%2Fg%2F11bv6pft19!19sChIJZZA5aAT_JA0RmYphgRVL-h4?authuser=0&hl=fr&rclk=1
Natura SPA Braga," R. Manuel Almeida Passos 60, Ferreiros, 4705-159 Braga, Portugal",Braga+Portugal,Portugal,Thalassothérapie,Spa,"4,4", +351 912 628 376,http://www.naturaspa.pt/,matosinhos@naturaspa.pt,,https://www.google.com/maps/place/Natura+SPA+Braga/data=!4m7!3m6!1s0xd24f8d31070bc85:0x81761f9e4ca9213c!8m2!3d41.5292281!4d-8.4459291!16s%2Fg%2F11c4bxtmks!19sChIJhbxwENP4JA0RPCGpTJ4fdoE?authuser=0&hl=fr&rclk=1
"Centro Massagens Terapêuticas, Desportivas, Relaxamento - Braga"," R. Araújo Carandá 26, 4715-006 Braga, Portugal",Braga+Portugal,Portugal,Thalassothérapie,Massothérapeute,"5,0", +351 969 464 977,https://bem-estar.setmore.com/,curly-hair-women-setmore@2x.webp,,"https://www.google.com/maps/place/Centro+Massagens+Terap%C3%AAuticas,+Desportivas,+Relaxamento+-+Braga/data=!4m7!3m6!1s0x2ee28687b612d73d:0x1d25caffab20fc96!8m2!3d41.545113!4d-8.4182172!16s%2Fg%2F11lckpv7z0!19sChIJPdcStoeG4i4Rlvwgq__KJR0?authuser=0&hl=fr&rclk=1"
Torre de Gomariz Wine & Spa Hotel," Av. Sobral Castelo 76, 4730-102 Cervães, Portugal",Braga+Portugal,Portugal,Thalassothérapie,,"4,8", +351 253 929 160,http://www.torredegomariz.com/,reservas@torredegomariz.com,,https://www.google.com/maps/place/Torre+de+Gomariz+Wine+%26+Spa+Hotel/data=!4m10!3m9!1s0xd2454db9ada66f1:0x703ff9f18cd3264d!5m2!4m1!1i2!8m2!3d41.588335!4d-8.5360663!16s%2Fg%2F11bwpc2wjd!19sChIJ8WbamttUJA0RTSbTjPH5P3A?authuser=0&hl=fr&rclk=1
c," Avenida António Gomes Pereira 139, 4705-630 Braga, Portugal",Braga+Portugal,Portugal,Thalassothérapie,Institut de massages,"4,4", +351 937 647 820,https://recrutamentospabra.wixsite.com/corpusspa,corpusspabragapt@gmail.com,,https://www.google.com/maps/place/c/data=!4m7!3m6!1s0xd24f98165f053ff:0xcef471b8bfd3e8b1!8m2!3d41.476617!4d-8.4832691!16s%2Fg%2F11h428vgwd!19sChIJ_1PwZYH5JA0RsejTv7hx9M4?authuser=0&hl=fr&rclk=1
Spa Therapeutic Braga," 4700-041 Braga, Portugal",Braga+Portugal,Portugal,Thalassothérapie,Institut de spa et bien-être,"5,0", +351 969 815 024,https://www.instagram.com/therapeuticspabraga?igsh=MWNtejB3NDd0Y2Z1Ng==&utm_source=qr,,,https://www.google.com/maps/place/Spa+Therapeutic+Braga/data=!4m7!3m6!1s0xd24ff16a369193b:0x22487d6832f87d83!8m2!3d41.5454594!4d-8.4265094!16s%2Fg%2F11x2kv2tm1!19sChIJOxlpoxb_JA0Rg334Mmh9SCI?authuser=0&hl=fr&rclk=1
Hotel do Mercado," Rua Engenheiro Silvério Pereira da Silva 2-4-6, 3800-175 Aveiro, Portugal",Aveiro+Portugal,Portugal,Hôtel avec spa,,"4,2", +351 234 911 326,https://hoteldomercado.com/,reservas@hoteldomercado.com,,https://www.google.com/maps/place/Hotel+do+Mercado/data=!4m10!3m9!1s0xd23980f74628051:0xfb2f7584b1d0377b!5m2!4m1!1i2!8m2!3d40.6419444!4d-8.6477778!16s%2Fg%2F11clv9nqrb!19sChIJUYBidA-YIw0RezfQsYR1L_s?authuser=0&hl=fr&rclk=1
Montebelo Vista Alegre Ílhavo Hotel," Lugar da Vista Alegre, 3830-292 Ílhavo, Portugal",Aveiro+Portugal,Portugal,Hôtel avec spa,,"4,6", +351 234 241 630,https://montebelohotels.com/montebelo-vista-alegre-ilhavo-hotel/pt/home?utm_source=GMB&utm_medium=GMB&utm_campaign=GMB&utm_id=GMB,montebelovistaalegreilhavo@montebelohotels.com,https://www.linkedin.com/company/montebelo-hotels-,https://www.google.com/maps/place/Montebelo+Vista+Alegre+%C3%8Dlhavo+Hotel/data=!4m10!3m9!1s0xd23bce0fc525f7d:0xd29953456319d669!5m2!4m1!1i2!8m2!3d40.588587!4d-8.684632!16s%2Fg%2F11bwn9p610!19sChIJfV9S_OC8Iw0RadYZY0VTmdI?authuser=0&hl=fr&rclk=1
Hotel Ílhavo Plaza," Av. Mário Sacramento 113, 3830-052 Ílhavo, Portugal",Aveiro+Portugal,Portugal,Hôtel avec spa,,"4,4", +351 234 329 860,http://www.hotelilhavoplaza.com/,geral@hotelilhavoplaza.com,,https://www.google.com/maps/place/Hotel+%C3%8Dlhavo+Plaza/data=!4m10!3m9!1s0xd23a2a60c37f093:0x93ab480d38d1e43a!5m2!4m1!1i2!8m2!3d40.6033328!4d-8.6727295!16s%2Fg%2F1tzzwsyf!19sChIJk_A3DKaiIw0ROuTROA1Iq5M?authuser=0&hl=fr&rclk=1
"MS Collection Aveiro - Palacete de Valdemouro, an SLH Hotel"," R. José Estevão 50, 3800-201 Aveiro, Portugal",Aveiro+Portugal,Portugal,Hôtel avec spa,,"4,9", +351 234 245 630,https://www.mscollection.pt/aveiro,booking@maarlab.com,https://www.linkedin.com/company/ms-collection-hotels,"https://www.google.com/maps/place/MS+Collection+Aveiro+-+Palacete+de+Valdemouro,+an+SLH+Hotel/data=!4m10!3m9!1s0xd2399b604fb1553:0xfdaf037e49561558!5m2!4m1!1i2!8m2!3d40.6425004!4d-8.6528825!16s%2Fg%2F11s6fv8gg8!19sChIJUxX7BLaZIw0RWBVWSX4Dr_0?authuser=0&hl=fr&rclk=1"
Curtido House Suits," R. do Curtido de Cima 28, 3830-161 Ílhavo, Portugal",Aveiro+Portugal,Portugal,Hôtel avec spa,,, +351 967 051 601,,,,https://www.google.com/maps/place/Curtido+House+Suits/data=!4m10!3m9!1s0xd23bdd4fa76e681:0x3d5efcb8c4434341!5m2!4m1!1i2!8m2!3d40.5997214!4d-8.6746363!16s%2Fg%2F11ysb_3rd6!19sChIJgeZ2-tS9Iw0RQUNDxLj8Xj0?authuser=0&hl=fr&rclk=1
Meliá Ria," Cais da Fonte Nova 5, 3810-200 Aveiro, Portugal",Aveiro+Portugal,Portugal,Hôtel avec spa,,"4,4", +351 234 401 000,https://www.meliaria.com/?utm_campaign=google&utm_content=5665&utm_medium=organic&utm_source=directories,,,https://www.google.com/maps/place/Meli%C3%A1+Ria/data=!4m10!3m9!1s0xd2398091545e481:0x19d45d5e00284a2!5m2!4m1!1i2!8m2!3d40.638588!4d-8.64498!16s%2Fg%2F11bw3d5dx5!19sChIJgeRFFQmYIw0RooQC4NVFnQE?authuser=0&hl=fr&rclk=1
Alcafache Thermal Spa," R. Balneário, 3530-026 Viseu, Portugal",Aveiro+Portugal,Portugal,Centre thermal,Spa,"4,2", +351 232 479 797,http://www.termasdealcafache.pt/,reservas@termasdealcafache.pt,,https://www.google.com/maps/place/Alcafache+Thermal+Spa/data=!4m7!3m6!1s0xd233158ac6b1151:0xab408e1b9431aabc!8m2!3d40.606029!4d-7.8696854!16s%2Fg%2F1th88d7h!19sChIJURFrrFgxIw0RvKoxlBuOQKs?authuser=0&hl=fr&rclk=1
Moments SPA Aveiro," R. José Estevão 50, 3800-201 Aveiro, Portugal",Aveiro+Portugal,Portugal,Centre thermal,Spa de jour,"4,7", +351 234 245 630,https://www.mscollection.pt/aveiro/spa,aveiro.spa@mscollection.pt,https://www.linkedin.com/company/ms-collection-hotels,https://www.google.com/maps/place/Moments+SPA+Aveiro/data=!4m7!3m6!1s0xd239996f9d8d417:0xa347686eed9c4cfb!8m2!3d40.6425004!4d-8.6528825!16s%2Fg%2F11kqdszrhn!19sChIJF9TY-ZaZIw0R-0yc7W5oR6M?authuser=0&hl=fr&rclk=1
Termas de São Pedro do Sul," Praça Dr. António José de Almeida Termas de, 3660-692 São Pedro do Sul, Portugal",Aveiro+Portugal,Portugal,Centre thermal,Thermes,"4,6", +351 232 720 300,http://www.termas-spsul.com/,geral@termas-spsul.com,,https://www.google.com/maps/place/Termas+de+S%C3%A3o+Pedro+do+Sul/data=!4m7!3m6!1s0xd23419e6b3a7687:0xe61a24ad81fb6642!8m2!3d40.7393418!4d-8.0928189!16s%2Fg%2F11g7_fp5qm!19sChIJh3Y6a55BIw0RQmb7ga0kGuY?authuser=0&hl=fr&rclk=1
Salinário - Cale do Oiro," Estr. da Ria, 3800-000 Aveiro, Portugal",Aveiro+Portugal,Portugal,Centre thermal,Attraction touristique,"4,3", +351 915 661 480,http://www.caledooiro.com/,,,https://www.google.com/maps/place/Salin%C3%A1rio+-+Cale+do+Oiro/data=!4m7!3m6!1s0xd2397f744aa18bf:0x6afb045e2cb25783!8m2!3d40.6426848!4d-8.6630948!16s%2Fg%2F11c54b3fwh!19sChIJvxiqRPeXIw0Rg1eyLF4E-2o?authuser=0&hl=fr&rclk=1
TERMAS DE LUSO," R. Álvaro Castelões, 3050-230 Luso, Portugal",Aveiro+Portugal,Portugal,Centre thermal,Spa,"4,4", +351 231 937 910,http://www.termasdeluso.pt/,geral@termasdeluso.pt,https://www.linkedin.com/company/termasdeluso,https://www.google.com/maps/place/TERMAS+DE+LUSO/data=!4m7!3m6!1s0xd2303c6fb7c9aa9:0x2d2a39da92b88a81!8m2!3d40.3839475!4d-8.3771985!16s%2Fg%2F121d6g4r!19sChIJqZp8-8YDIw0RgYq4kto5Ki0?authuser=0&hl=fr&rclk=1
Knock-Out Health Club," R. Direita de Aradas 22, 3810-001 Aveiro, Portugal",Aveiro+Portugal,Portugal,Centre thermal,Salle de gym,"4,5", +351 932 401 320,http://www.ko-healthclub.com/,geral@ko-healthclub.com,,https://www.google.com/maps/place/Knock-Out+Health+Club/data=!4m7!3m6!1s0xd23a2a516d62633:0x8b3d82146b5c32c5!8m2!3d40.6257911!4d-8.6473435!16s%2Fg%2F11b6gm3j3p!19sChIJMybWFqWiIw0RxTJcaxSCPYs?authuser=0&hl=fr&rclk=1
Meliá Ria," Cais da Fonte Nova 5, 3810-200 Aveiro, Portugal",Aveiro+Portugal,Portugal,Centre thermal,,"4,4", +351 234 401 000,https://www.meliaria.com/?utm_campaign=google&utm_content=5665&utm_medium=organic&utm_source=directories,,,https://www.google.com/maps/place/Meli%C3%A1+Ria/data=!4m10!3m9!1s0xd2398091391fe17:0x19d45d5e00284a2!5m2!4m1!1i2!8m2!3d40.638588!4d-8.64498!16s%2Fg%2F11bw3d5dx5!19sChIJF_6REwmYIw0RooQC4NVFnQE?authuser=0&hl=fr&rclk=1
Termas de S. Jorge," Praça de S. Jorge, 4505-679 Caldas de São Jorge, Portugal",Aveiro+Portugal,Portugal,Centre thermal,Station thermale,"4,4", +351 256 910 360,http://www.termas-sjorge.com/,,,https://www.google.com/maps/place/Termas+de+S.+Jorge/data=!4m7!3m6!1s0xd247ff60abb0307:0x264d404162a34718!8m2!3d40.968571!4d-8.5005249!16s%2Fg%2F1225km8z!19sChIJBwO7CvZ_JA0RGEejYkFATSY?authuser=0&hl=fr&rclk=1
Aveiro SPA," R. José Afonso n 34, 3800-438 Aveiro, Portugal",Aveiro+Portugal,Portugal,Centre thermal,Massothérapeute,"4,7", +351 234 092 187,http://www.aveirospa.com/,,,https://www.google.com/maps/place/Aveiro+SPA/data=!4m7!3m6!1s0xd23980f2119c93d:0x68755afbbd312ec3!8m2!3d40.6408211!4d-8.6453318!16s%2Fg%2F11gfm9mntj!19sChIJPckZIQ-YIw0Rwy4xvftadWg?authuser=0&hl=fr&rclk=1
Hotel Aveiro Palace," Rua de Viana do Castelo 4, 3800-275 Aveiro, Portugal",Aveiro+Portugal,Portugal,Thalassothérapie,,"4,3", +351 234 421 885,https://turim-hotels.com/turim-aveiro-palace-hotel/?partner=8048utm_source=google&utm_medium=organic&utm_campaign=MyBusiness&utm,aveiropalace@turimhotels.com,,https://www.google.com/maps/place/Hotel+Aveiro+Palace/data=!4m10!3m9!1s0xd23980487058229:0xbdf7b6aaba90f301!5m2!4m1!1i2!8m2!3d40.6416362!4d-8.6536012!16s%2Fg%2F11b7yv35gd!19sChIJKYIFhwSYIw0RAfOQuqq2970?authuser=0&hl=fr&rclk=1
Hotel Afonso V & SPA," R. de Dr. Manuel das Neves, 3810-101 Aveiro, Portugal",Aveiro+Portugal,Portugal,Thalassothérapie,,"4,2", +351 234 425 191,http://www.hotelafonsov.pt/,info@hotelafonsov.pt,,https://www.google.com/maps/place/Hotel+Afonso+V+%26+SPA/data=!4m10!3m9!1s0xd2398084e5eb6eb:0xaabbf2a1b9cba706!5m2!4m1!1i2!8m2!3d40.6371619!4d-8.6472963!16s%2Fg%2F1hc7pqdvj!19sChIJ67ZeTgiYIw0RBqfLuaHyu6o?authuser=0&hl=fr&rclk=1
Champa Thai Massage," R. de Agostinho Pinheiro 16, 3800-095 Aveiro, Portugal",Aveiro+Portugal,Portugal,Thalassothérapie,Salon de massage thaïlandais,"4,9", +351 910 847 099,https://champathaimassage.net/,,,https://www.google.com/maps/place/Champa+Thai+Massage/data=!4m7!3m6!1s0xd2399b8d2b40395:0x77e764a4d6ef10f8!8m2!3d40.6423808!4d-8.6507641!16s%2Fg%2F11vrfpd4lm!19sChIJlQO00riZIw0R-BDv1qRk53c?authuser=0&hl=fr&rclk=1
Hotel Aveiro Center," R. da Arrochela 6, 3810-052 Aveiro, Portugal",Aveiro+Portugal,Portugal,Thalassothérapie,,"4,5",,http://www.hotelaveirocenter.com/,reservas@hotelaveirocenter.com,,https://www.google.com/maps/place/Hotel+Aveiro+Center/data=!4m10!3m9!1s0xd239803ee565745:0x51e7ceca656f834a!5m2!4m1!1i2!8m2!3d40.639984!4d-8.6554102!16s%2Fg%2F1tffw6d7!19sChIJRVdW7gOYIw0RSoNvZcrO51E?authuser=0&hl=fr&rclk=1
The Bohemian Place," Av. Dr. Lourenço Peixinho 240, 3800-162 Aveiro, Portugal",Aveiro+Portugal,Portugal,Thalassothérapie,,"3,3", +351 234 426 290,,,,https://www.google.com/maps/place/The+Bohemian+Place/data=!4m10!3m9!1s0xd23980e71bd23c9:0x85fdbd0eb527e462!5m2!4m1!1i2!8m2!3d40.6433265!4d-8.6441044!16s%2Fg%2F11ddys5rwf!19sChIJySO9cQ6YIw0RYuQntQ69_YU?authuser=0&hl=fr&rclk=1
Saline de Aveiro," R. Dr. Bernardino Machado 8, 3800-180 Aveiro, Portugal",Aveiro+Portugal,Portugal,Thalassothérapie,Musée en plein air,"4,4", +351 964 497 240,https://bit.ly/salinasAveiro,,,https://www.google.com/maps/place/Saline+de+Aveiro/data=!4m7!3m6!1s0xd2397f79ff41d4d:0x923c83ade411b572!8m2!3d40.6371493!4d-8.6623774!16s%2Fg%2F1xy31vyb!19sChIJTR30n_eXIw0RcrUR5K2DPJI?authuser=0&hl=fr&rclk=1
Barcos Casa Aveiro, Portugal,Aveiro+Portugal, Portugal,Thalassothérapie,,"4,3",,http://aveiroemotions.com/,,,https://www.google.com/maps/place/Barcos+Casa+Aveiro/data=!4m10!3m9!1s0xd23990a0b5abe55:0xda10dd9d2a2fb886!5m2!4m1!1i2!8m2!3d40.6467092!4d-8.657594!16s%2Fg%2F11stdx41pt!19sChIJVb5aCwqZIw0RhrgvKp3dENo?authuser=0&hl=fr&rclk=1
Hotel As Américas," R. Eng. Von Haff 20, 3800-176 Aveiro, Portugal",Aveiro+Portugal,Portugal,Thalassothérapie,,"4,1", +351 234 346 010,http://www.hotelasamericas.com/,info@hotelasamericas.com,,https://www.google.com/maps/place/Hotel+As+Am%C3%A9ricas/data=!4m10!3m9!1s0xd23980e3a6209bd:0x2b64e6a19f4939b9!5m2!4m1!1i2!8m2!3d40.6443194!4d-8.6457935!16s%2Fg%2F1v5k494p!19sChIJvQliOg6YIw0RuTlJn6HmZCs?authuser=0&hl=fr&rclk=1
Exe São Lázaro," Av. do Sabor 2, 5300-367 Bragança, Portugal",Bragança+Portugal,Portugal,Hôtel avec spa,,"4,2", +351 273 310 070,https://www.eurostarshotels.com.pt/exe-sao-lazaro.html?referer_code=lb0gg00yx&utm_source=google&utm_medium=business&utm_campaign=lb0gg00yx,reservas@exesaolazaro.com,https://www.linkedin.com/company/eurostars-hotel-company,https://www.google.com/maps/place/Exe+S%C3%A3o+L%C3%A1zaro/data=!4m10!3m9!1s0xd3a361ac340d24b:0xbb69f97fbc0e78df!5m2!4m1!1i2!8m2!3d41.8124791!4d-6.7409242!16s%2Fg%2F1tfck1f3!19sChIJS9JAwxo2Og0R33gOvH_5abs?authuser=0&hl=fr&rclk=1
Água Hotels Terra Fria," M6F6+XP, 5300-751, Portugal",Bragança+Portugal,Portugal,Hôtel avec spa,,"4,6", +351 273 409 300,https://www.aguahotels.pt/terra-fria/,bookings@aguahotels.pt,,https://www.google.com/maps/place/%C3%81gua+Hotels+Terra+Fria/data=!4m10!3m9!1s0xd3bb58ee565c9d1:0x5f2f9f46e2bbb7eb!5m2!4m1!1i2!8m2!3d41.6749375!4d-6.7881875!16s%2Fg%2F11wc3hzbh9!19sChIJ0cll5Y61Ow0R67e74kafL18?authuser=0&hl=fr&rclk=1
Termas das Caldeiras da Ribeira Grande," Caldeiras, 9600-501 Ribeira Grande, Portugal",Bragança+Portugal,Portugal,Centre thermal,Station thermale,"4,3", +351 296 493 560,,,,https://www.google.com/maps/place/Termas+das+Caldeiras+da+Ribeira+Grande/data=!4m7!3m6!1s0xb5cd79c9e02da83:0x79ec149a9ee3425e!8m2!3d37.7979471!4d-25.4873641!16s%2Fg%2F11g8wd7djc!19sChIJg9oCnpzXXAsRXkLjnpoU7Hk?authuser=0&hl=fr&rclk=1
Termas de Terronha," Vimioso, Portugal",Bragança+Portugal,Portugal,Centre thermal,,"4,6", +351 273 511 381,,,,https://www.google.com/maps/place/Termas+de+Terronha/data=!4m7!3m6!1s0xd3bdb0c6863d4f9:0xbd3f8807dacb3801!8m2!3d41.5712405!4d-6.5006588!16s%2Fg%2F11f5h34n6n!19sChIJ-dRjaAzbOw0RATjL2geIP70?authuser=0&hl=fr&rclk=1
Termas da Ferraria," Ginetes, Portugal",Bragança+Portugal,Portugal,Centre thermal,Thermes,"4,3", +351 296 295 669,https://www.facebook.com/termas.ferraria.90/?locale=pt_PT,,,https://www.google.com/maps/place/Termas+da+Ferraria/data=!4m7!3m6!1s0xb433075effc4a91:0xed304ac0a0ff8440!8m2!3d37.8608255!4d-25.8525276!16s%2Fg%2F11byhj2zgd!19sChIJkUr873UwQwsRQIT_oMBKMO0?authuser=0&hl=fr&rclk=1
Musée militaire de BBragança," R. da Cidadela, 5300-025 Bragança, Portugal",Bragança+Portugal,Portugal,Centre thermal,Musée militaire,"4,5", +351 273 322 378,https://turismo.cm-braganca.pt/tradicoes-e-experiencias/museus/geo_artigo/museu-militar-de-braganca,,,https://www.google.com/maps/place/Mus%C3%A9e+militaire+de+BBragan%C3%A7a/data=!4m7!3m6!1s0xd3a49fa658d600b:0x7cc0708013a4b2e!8m2!3d41.8042721!4d-6.7492486!16s%2Fg%2F1th837cr!19sChIJC2CNZfpJOg0RLks6AQgHzAc?authuser=0&hl=fr&rclk=1
Turismo Rural e Restaurante em Bragança A. Montesinho Turismo," R. Cel. Álvaro Cepeda 1, 5300-553 Gimonde, Portugal",Bragança+Portugal,Portugal,Centre thermal,,"4,0", +351 273 302 510,http://www.amontesinho.pt/,geral@amontesinho.pt,,https://www.google.com/maps/place/Turismo+Rural+e+Restaurante+em+Bragan%C3%A7a+A.+Montesinho+Turismo/data=!4m10!3m9!1s0xd3a3429b6c2f197:0x16df0b02f5ffae7b!5m2!4m1!1i2!8m2!3d41.8023959!4d-6.6968978!16s%2Fg%2F1vqtj25r!19sChIJl_HCtik0Og0Re67_9QIL3xY?authuser=0&hl=fr&rclk=1
Longroiva spa," R. da Corredoura, Mêda, Portugal",Bragança+Portugal,Portugal,Centre thermal,Thermes,"4,5", +351 279 849 230,https://www.cm-meda.pt/polo-termal-de-longroiva/,,,https://www.google.com/maps/place/Longroiva+spa/data=!4m7!3m6!1s0xd3c846512c13aaf:0xceb152d874cab588!8m2!3d40.965037!4d-7.2098184!16s%2Fg%2F1v8x3h56!19sChIJrzrBEmWEPA0RiLXKdNhSsc4?authuser=0&hl=fr&rclk=1
Leroy Merlin Bragança Essencial," R. Cel. Teófilo de Morais 12, 5300-427 Bragança, Portugal",Bragança+Portugal,Portugal,Centre thermal,Magasin de bricolage,"4,1", +351 21 194 4944,https://www.leroymerlin.pt/lojas/braganca-essencial.html,,,https://www.google.com/maps/place/Leroy+Merlin+Bragan%C3%A7a+Essencial/data=!4m7!3m6!1s0xd3a4b39619135f3:0x3de97c6922661682!8m2!3d41.7873303!4d-6.7771308!16s%2Fg%2F11nnpqycry!19sChIJ8zWRYTlLOg0RghZmIml86T0?authuser=0&hl=fr&rclk=1
aqualike," 5360-303, Portugal",Bragança+Portugal,Portugal,Parc aquatique,Parc aquatique,"2,1", +351 279 096 000,,,,https://www.google.com/maps/place/aqualike/data=!4m7!3m6!1s0xd3b79d136fd4a4b:0x5c4e9c9d290ccecf!8m2!3d41.1870619!4d-7.11563!16s%2Fg%2F11g19yhhts!19sChIJS0r9NtF5Ow0Rz84MKZ2cTlw?authuser=0&hl=fr&rclk=1
AQUALIFE," Rua do Lameirão 255, Cabanas de Baixo, 5160-031, Portugal",Bragança+Portugal,Portugal,Parc aquatique,Parc aquatique,"4,0", +351 961 925 301,,,,https://www.google.com/maps/place/AQUALIFE/data=!4m7!3m6!1s0xd3b79b63aed9997:0xbf411061ca0bf714!8m2!3d41.1871128!4d-7.1156263!16s%2Fg%2F11np_cg68z!19sChIJl5ntOrZ5Ow0RFPcLymEQQb8?authuser=0&hl=fr&rclk=1
Fluvifun - Parque Aquático do Malhadal, Portugal,Bragança+Portugal, Portugal,Parc aquatique,Parc aquatique,"4,6", +351 274 685 127,,,,https://www.google.com/maps/place/Fluvifun+-+Parque+Aqu%C3%A1tico+do+Malhadal/data=!4m7!3m6!1s0xd22afdb7fadb159:0xe3d56fa7f3f9051e!8m2!3d39.7966941!4d-7.9516837!16s%2Fg%2F11g2xdrmpd!19sChIJWbGtf9uvIg0RHgX586dv1eM?authuser=0&hl=fr&rclk=1
Ville Acqua Park," Rod. D. Eliseu Corolli, KM 03 - ALTO PARAISO, Bragança - PA, 68600-000, Brésil",Bragança+Portugal,Brésil,Parc aquatique,Parc aquatique,"4,5", +55 91 99101-5113,,,,https://www.google.com/maps/place/Ville+Acqua+Park/data=!4m7!3m6!1s0x92aedfc396ac8763:0xe40dc9ff494bf67!8m2!3d-1.0892287!4d-46.7907121!16s%2Fg%2F11jvpff1hf!19sChIJY4eslsPfrpIRZ7-U9J_cQA4?authuser=0&hl=fr&rclk=1
Piscinas Alypios," Bragança, Portugal",Bragança+Portugal,Portugal,Parc aquatique,Piscine extérieure,"4,3", +351 932 725 334,,,,https://www.google.com/maps/place/Piscinas+Alypios/data=!4m7!3m6!1s0xd3a49bb778091c7:0x22497da8ab148367!8m2!3d41.8041761!4d-6.7784347!16s%2Fg%2F11gzn3d_sp!19sChIJx5GAd7tJOg0RZ4MUq6h9SSI?authuser=0&hl=fr&rclk=1
Parque Fluvial de Casegas," 6225-120 Casegas, Portugal",Bragança+Portugal,Portugal,Parc aquatique,Parc aquatique,"4,5",,,,,https://www.google.com/maps/place/Parque+Fluvial+de+Casegas/data=!4m7!3m6!1s0xd3d31803d1c3ecb:0xd8bd616830334eb6!8m2!3d40.176213!4d-7.696715!16s%2Fg%2F11d_pw7tz0!19sChIJyz4cPYAxPQ0Rtk4zMGhhvdg?authuser=0&hl=fr&rclk=1
Terapeuta Andreia Alves - Bragança," Bricoplan, 5300-252 Bragança, Portugal",Bragança+Portugal,Portugal,Spa / bien-être,Institut de massages,, +351 938 324 438,https://terapeuta-andreia-alves.webnode.pt/,terapeutandreialves@gmail.com,,https://www.google.com/maps/place/Terapeuta+Andreia+Alves+-+Bragan%C3%A7a/data=!4m7!3m6!1s0xd3a49dd9d79bbf9:0x46d878ab95d26b4a!8m2!3d41.8038275!4d-6.7751887!16s%2Fg%2F11jylp9j10!19sChIJ-bt5nd1JOg0RSmvSlat42EY?authuser=0&hl=fr&rclk=1
LouroSpa," R. Comendador Emílio Augusto Pires 24, 5340-256 Macedo de Cavaleiros, Portugal",Bragança+Portugal,Portugal,Spa / bien-être,Station thermale,"5,0", +351 937 533 622,,,,https://www.google.com/maps/place/LouroSpa/data=!4m7!3m6!1s0xd3ba51e3811a87b:0x4e8e41c5020a9428!8m2!3d41.534904!4d-6.9691416!16s%2Fg%2F11h0zz7v47!19sChIJe6gROB6lOw0RKJQKAsVBjk4?authuser=0&hl=fr&rclk=1
Studio Filipe Veiga," Av. Sá Carneiro 103 E sala 41 4ºAndar, 5300-252 Bragança, Portugal",Bragança+Portugal,Portugal,Spa / bien-être,Salon de coiffure,"5,0", +351 938 535 540,,,,https://www.google.com/maps/place/Studio+Filipe+Veiga/data=!4m7!3m6!1s0xd3a491e09aa750d:0x3106252207f5fc5b!8m2!3d41.8042655!4d-6.7602175!16s%2Fg%2F11mcsq4029!19sChIJDXWqCR5JOg0RW_z1ByIlBjE?authuser=0&hl=fr&rclk=1
Beauty Center Bragança," Av. Sá Carneiro - Ed. Parque, Loja 103C R/Ch, 5300-252 Bragança, Portugal",Bragança+Portugal,Portugal,Spa / bien-être,Institut de beauté,"4,7", +351 932 867 175,https://spa.massage.ivof.com/beauty-center-braganca/,info@ivof.com,,https://www.google.com/maps/place/Beauty+Center+Bragan%C3%A7a/data=!4m7!3m6!1s0xd3a49f9e286e557:0xf9f021852ad717b5!8m2!3d41.804425!4d-6.7600039!16s%2Fg%2F11c2l1vp2f!19sChIJV-WG4vlJOg0RtRfXKoUh8Pk?authuser=0&hl=fr&rclk=1
Espaço zen estética by zezinha," Av. Sá cárneiro 81ak edf, Montesinho, 5300-252 Bragança, Portugal",Bragança+Portugal,Portugal,Spa / bien-être,Esthéticien,,,,,,https://www.google.com/maps/place/Espa%C3%A7o+zen+est%C3%A9tica+by+zezinha/data=!4m7!3m6!1s0xd3a4994029dcbb7:0xcdb62b6e9d47bf8a!8m2!3d41.8048181!4d-6.7598474!16s%2Fg%2F11thp30h8s!19sChIJt8udApRJOg0Rir9HnW4rts0?authuser=0&hl=fr&rclk=1
SPASO ZEN - Wellness & Beauty,,Bragança+Portugal,,Spa / bien-être,Spa,"4,7",,https://www.spasozen.com/,infoparedes@spasozen.com,,https://www.google.com/maps/place/SPASO+ZEN+-+Wellness+%26+Beauty/data=!4m7!3m6!1s0xd246575d2be091b:0x41ebc058b26ad7b2!8m2!3d35.9915752!4d-18.8269796!16s%2Fg%2F1tfjxkrf!19sChIJGwm-0nVlJA0RstdqsljA60E?authuser=0&hl=fr&rclk=1
Saúde & bem estar estética," D'Álvaro, R. de Vale D'Álvaro LB, 5300-274 Bragança, Portugal",Bragança+Portugal,Portugal,Spa / bien-être,Magasin,"5,0", +351 936 712 067,,,,https://www.google.com/maps/place/Sa%C3%BAde+%26+bem+estar+est%C3%A9tica/data=!4m7!3m6!1s0xd3a49ef78d28c2f:0xbaa8e073e137a50f!8m2!3d41.8127517!4d-6.7604489!16s%2Fg%2F11bt_j_kn4!19sChIJL4zSeO9JOg0RD6U34XPgqLo?authuser=0&hl=fr&rclk=1
Essência da Beleza," Av. Sá Carneiro 172, 5300-252 Bragança, Portugal",Bragança+Portugal,Portugal,Spa / bien-être,Centre de bien-être,"4,4", +351 937 233 301,,,,https://www.google.com/maps/place/Ess%C3%AAncia+da+Beleza/data=!4m7!3m6!1s0x12a4580cff3c01b9:0xff6497300811755!8m2!3d41.8021177!4d-6.7617102!16s%2Fg%2F11b6d0k14v!19sChIJuQE8_wxYpBIRVReBAHNJ9g8?authuser=0&hl=fr&rclk=1
ibis Braganca," Rotunda Lavrador Transmontano, Av. das Forças Armadas, 5300-420 Bragança, Portugal",Bragança+Portugal,Portugal,Thalassothérapie,,"4,0", +351 273 302 520,https://all.accor.com/lien_externe.svlt?goto=fiche_hotel&code_hotel=3338&merchantid=seo-maps-PT-3338&sourceid=aw-cen&utm_medium=seo%20maps&utm_source=google%20Maps&utm_campaign=seo%20maps,H3338@accor.com,https://www.linkedin.com/company/all-accorlivelimitless,https://www.google.com/maps/place/ibis+Braganca/data=!4m10!3m9!1s0xd3a49e6c17a6a8b:0x62b6461fd452e07c!5m2!4m1!1i2!8m2!3d41.8166837!4d-6.755858!16s%2Fg%2F1thnq1wf!19sChIJi2p6weZJOg0RfOBS1B9GtmI?authuser=0&hl=fr&rclk=1
Upon Vila Alcochete Hotel," Av. Dom Manuel I 465, 2890-014 Alcochete, Portugal",Alcochete+Portugal,Portugal,Hôtel avec spa,,"4,7", +351 21 073 3790,https://www.stayupon.com/upon-vila/?partner=9371utm_source=google&utm_medium=organic&utm_campaign=MyBusiness&utm,,https://pt.linkedin.com/company/stay-upon-hospitality-group,https://www.google.com/maps/place/Upon+Vila+Alcochete+Hotel/data=!4m10!3m9!1s0xd193b4a76199683:0xbf4dfbf16ac3c7b8!5m2!4m1!1i2!8m2!3d38.7501071!4d-8.967688!16s%2Fg%2F11kqdj1860!19sChIJg5YZdko7GQ0RuMfDavH7Tb8?authuser=0&hl=fr&rclk=1
Praia do Sal Spa," Passeio das Caravelas 88, 2890-166 Alcochete, Portugal",Alcochete+Portugal,Portugal,Hôtel avec spa,Spa,"4,5", +351 21 051 5801,https://www.praiadosal.com/spa,,https://pt.linkedin.com/company/stay-upon-hospitality-group,https://www.google.com/maps/place/Praia+do+Sal+Spa/data=!4m7!3m6!1s0xd193bb66f446bb5:0x22ea7ef3b154a231!8m2!3d38.7466898!4d-8.9727777!16s%2Fg%2F11j2ywml7d!19sChIJtWtEb7Y7GQ0RMaJUsfN-6iI?authuser=0&hl=fr&rclk=1
Upon Vila Alcochete Hotel," Av. Dom Manuel I 465, 2890-014 Alcochete, Portugal",Alcochete+Portugal,Portugal,Hôtel avec spa,,"4,7", +351 21 073 3790,https://www.stayupon.com/upon-vila/?partner=9371utm_source=google&utm_medium=organic&utm_campaign=MyBusiness&utm,,https://pt.linkedin.com/company/stay-upon-hospitality-group,https://www.google.com/maps/place/Upon+Vila+Alcochete+Hotel/data=!4m10!3m9!1s0xd193bb4d8ae7e51:0xbf4dfbf16ac3c7b8!5m2!4m1!1i2!8m2!3d38.750107!4d-8.967688!16s%2Fg%2F11kqdj1860!19sChIJUX6u2LQ7GQ0RuMfDavH7Tb8?authuser=0&hl=fr&rclk=1
B&B HOTEL Lisboa Montijo," Av. Dom Afonso Henriques 34, 2870-154 Montijo, Portugal",Alcochete+Portugal,Portugal,Hôtel avec spa,,"4,4", +351 21 133 8222,https://www.hotel-bb.com/es/hotel/lisboa-montijo?utm_source=googlemaps&utm_medium=fichehotel&utm_campaign=lisboamontijo,,,https://www.google.com/maps/place/B%26B+HOTEL+Lisboa+Montijo/data=!4m10!3m9!1s0xd1939993c6b5603:0x1923a47bf30fc8a0!5m2!4m1!1i2!8m2!3d38.708816!4d-8.975324!16s%2Fg%2F11ngpg5m6y!19sChIJA1ZrPJk5GQ0RoMgP83ukIxk?authuser=0&hl=fr&rclk=1
Praia do Sal Resort & SPA," Passeio das Caravelas 88, 2890-166 Alcochete, Portugal",Alcochete+Portugal,Portugal,Hôtel avec spa,,"4,6", +351 21 234 3165,https://www.stayupon.com/praia-do-sal/?partner=9371&utm_source=google&utm_medium=organic&utm_campaign=MyBusiness,,https://pt.linkedin.com/company/stay-upon-hospitality-group,https://www.google.com/maps/place/Praia+do+Sal+Resort+%26+SPA/data=!4m10!3m9!1s0xd193b4a2959d4cd:0x5b1c3e0d71bd8b85!5m2!4m1!1i2!8m2!3d38.7467237!4d-8.9727034!16s%2Fg%2F11f5q9191y!19sChIJzdRZKUo7GQ0RhYu9cQ0-HFs?authuser=0&hl=fr&rclk=1
Water Gardens," Passeio de Ulisses, 1990-005 Lisboa, Portugal",Alcochete+Portugal,Portugal,Parc aquatique,Jardin,"4,5",,https://www.lisboa.pt/pontos-de-interesse/detalhe/jardins-da-agua,,,https://www.google.com/maps/place/Water+Gardens/data=!4m7!3m6!1s0xd193183bef56745:0xe93d98dfd4b68624!8m2!3d38.7615126!4d-9.0943351!16s%2Fg%2F1215jv5w!19sChIJRWf1voMxGQ0RJIa21N-YPek?authuser=0&hl=fr&rclk=1
Lagoa do Falcão," R. do Pavilhão Gimnodesportivo, 2565-587 Campelos, Portugal",Alcochete+Portugal,Portugal,Parc aquatique,Parc aquatique,"4,3", +351 969 008 368,http://lagoadofalcao.pt/,info@lagoadofalcao.pt,,https://www.google.com/maps/place/Lagoa+do+Falc%C3%A3o/data=!4m7!3m6!1s0xd18ccb231e1b01d:0xa02427e63e83c59!8m2!3d39.1941472!4d-9.1842912!16s%2Fg%2F11f4tncslv!19sChIJHbDhMbLMGA0RWTzoY35CAgo?authuser=0&hl=fr&rclk=1
Splash Seixal," Av. Mud Juvenil 1405, Seixal, Portugal",Alcochete+Portugal,Portugal,Parc aquatique,,"3,7",,https://www.splashseixal.pt/,,,https://www.google.com/maps/place/Splash+Seixal/data=!4m7!3m6!1s0xd19360f09b0bf37:0xb1aedfc41c3ccbb2!8m2!3d38.6459451!4d-9.093165!16s%2Fg%2F11g9fq3784!19sChIJN7-wCQ82GQ0Rsss8HMTfrrE?authuser=0&hl=fr&rclk=1
"Sportágua - Water Amusement Park, Lda."," Avenida Monsenhor Manuel Bastos, 2520-206 Peniche, Portugal",Alcochete+Portugal,Portugal,Parc aquatique,,"4,2", +351 262 789 125,http://www.sportagua.com/,,,"https://www.google.com/maps/place/Sport%C3%A1gua+-+Water+Amusement+Park,+Lda./data=!4m7!3m6!1s0xd1f4916d16ea2af:0x9f753d326d8c31f7!8m2!3d39.3542233!4d-9.3619154!16s%2Fg%2F1pp2twlxg!19sChIJr6Ju0RZJHw0R9zGMbTI9dZ8?authuser=0&hl=fr&rclk=1"
Diva's Spa - Centro de Estética Avançada," Av. da Revolução 1383 a 1385 nr.134, 2890-013 Alcochete, Portugal",Alcochete+Portugal,Portugal,Thalassothérapie,Service d'esthétique,"4,7", +351 910 580 016,,,,https://www.google.com/maps/place/Diva%27s+Spa+-+Centro+de+Est%C3%A9tica+Avan%C3%A7ada/data=!4m7!3m6!1s0xd193bb3d5b89cf3:0xdefca56ba50cba44!8m2!3d38.7529622!4d-8.960558!16s%2Fg%2F11b6yg5nwk!19sChIJ85y41bM7GQ0RRLoMpWul_N4?authuser=0&hl=fr&rclk=1
Well Hotel & Spa," R. Duque de Wellington 3, 2560-100 Maceira, Portugal",Torres Vedras+Portugal,Portugal,Hôtel avec spa,,"4,6", +351 261 984 472,http://www.wellhotelportugal.com/,,,https://www.google.com/maps/place/Well+Hotel+%26+Spa/data=!4m10!3m9!1s0xd1f30bb341cc71d:0x20b201af2c9da1b8!5m2!4m1!1i2!8m2!3d39.177326!4d-9.355299!16s%2Fg%2F1tl0ym4z!19sChIJHcccNLswHw0RuKGdLK8BsiA?authuser=0&hl=fr&rclk=1
Promar Eco Beach Spa Hotel," R. Duque de Wellington nº7, 2560-100 Maceira, Portugal",Torres Vedras+Portugal,Portugal,Hôtel avec spa,,"4,4", +351 261 984 195,https://www.hotelpromar.pt/,reservas@hotelpromar.pt,,https://www.google.com/maps/place/Promar+Eco+Beach+Spa+Hotel/data=!4m10!3m9!1s0xd1f30bca9e38cb5:0x786b0a85ad32470d!5m2!4m1!1i2!8m2!3d39.177423!4d-9.355803!16s%2Fg%2F1wtbw4f2!19sChIJtYzjqbwwHw0RDUcyrYUKa3g?authuser=0&hl=fr&rclk=1
Laurus Hotel," Largo Mte. Anacleto Marques da Silva, 2530-124 Lourinhã, Portugal",Torres Vedras+Portugal,Portugal,Hôtel avec spa,,"4,1", +351 962 257 019,http://www.laurushotel.pt/,info@laurushotel.pt,,https://www.google.com/maps/place/Laurus+Hotel/data=!4m10!3m9!1s0xd1f36510823c727:0xc17a6c5b6123a601!5m2!4m1!1i2!8m2!3d39.245086!4d-9.315396!16s%2Fg%2F1tdwg5sm!19sChIJJ8cjCFE2Hw0RAaYjYVtsesE?authuser=0&hl=fr&rclk=1
Promar Eco Beach Spa Hotel," R. Duque de Wellington nº7, 2560-100 Maceira, Portugal",Torres Vedras+Portugal,Portugal,Hôtel avec spa,,"4,4", +351 261 984 195,https://www.hotelpromar.pt/,reservas@hotelpromar.pt,,https://www.google.com/maps/place/Promar+Eco+Beach+Spa+Hotel/data=!4m10!3m9!1s0xd1f30bcaa64013d:0x786b0a85ad32470d!5m2!4m1!1i2!8m2!3d39.1774231!4d-9.355803!16s%2Fg%2F1wtbw4f2!19sChIJPQFkqrwwHw0RDUcyrYUKa3g?authuser=0&hl=fr&rclk=1
Parque Verde da Vala dos Amiais," N8 19, 2560-629 Torres Vedras, Portugal",Torres Vedras+Portugal,Portugal,Parc aquatique,Parc,"5,0",,,,,https://www.google.com/maps/place/Parque+Verde+da+Vala+dos+Amiais/data=!4m7!3m6!1s0xd1f2d85cf5a2fcb:0x9fa541d82984838a!8m2!3d39.0999844!4d-9.2591435!16s%2Fg%2F11j1br_f6q!19sChIJyy9az4UtHw0RioOEKdhBpZ8?authuser=0&hl=fr&rclk=1
Vimeiro Clube Aventura," Estr. do Hotel Golf Mar, 2560-100 Maceira, Portugal",Torres Vedras+Portugal,Portugal,Parc aquatique,Centre aéré et de loisirs pour enfants,"4,6", +351 261 984 221,https://www.vimeiroclubeaventura.com/,reservas@vimeiroclubeaventura.com,,https://www.google.com/maps/place/Vimeiro+Clube+Aventura/data=!4m7!3m6!1s0xd1f30ba3529cf91:0x8a8839c1d756280c!8m2!3d39.1789582!4d-9.3525121!16s%2Fg%2F11cjgbcy5l!19sChIJkc8pNbowHw0RDChW18E5iIo?authuser=0&hl=fr&rclk=1
Parque Aventura Cova da Baleia," Estr. da Cabeça Alta, 2655-464 Ericeira, Portugal",Torres Vedras+Portugal,Portugal,Parc aquatique,Parc d'attractions,"4,3", +351 969 008 368,http://www.covadabaleia.com/,,,https://www.google.com/maps/place/Parque+Aventura+Cova+da+Baleia/data=!4m7!3m6!1s0xd1f285ac58abaa9:0xd737917b10453342!8m2!3d38.9739342!4d-9.3901153!16s%2Fg%2F1hdzz5x32!19sChIJqbqKxVooHw0RQjNFEHuRN9c?authuser=0&hl=fr&rclk=1
Aqueduto de Torres Vedras," N9, Torres Vedras, Portugal",Torres Vedras+Portugal,Portugal,Parc aquatique,Site historique,"4,4",,,,,https://www.google.com/maps/place/Aqueduto+de+Torres+Vedras/data=!4m7!3m6!1s0xd1f2dbead3d617f:0x6563e39fe812db68!8m2!3d39.092999!4d-9.2511861!16s%2Fg%2F121d1wfm!19sChIJf2E9rb4tHw0RaNsS6J_jY2U?authuser=0&hl=fr&rclk=1
Kids park," Torres Vedras, Portugal",Torres Vedras+Portugal,Portugal,Parc aquatique,Terrain de jeu,"3,7",,,,,https://www.google.com/maps/place/Kids+park/data=!4m7!3m6!1s0xd1f2d26ff2cb35f:0x80e08322aa63727b!8m2!3d39.0869176!4d-9.2628566!16s%2Fg%2F11g4jc4hdz!19sChIJX7Ms_yYtHw0Re3JjqiKD4IA?authuser=0&hl=fr&rclk=1
Viva Ayurveda Urban Spa," R. José Eduardo César 6 A 1 Andar, 2560-706 Torres Vedras, Portugal",Torres Vedras+Portugal,Portugal,Thalassothérapie,Spa,"5,0", +351 910 134 413,https://www.vivayurveda.com/,vivayurvedaspa@vivayurveda.com,,https://www.google.com/maps/place/Viva+Ayurveda+Urban+Spa/data=!4m7!3m6!1s0xd18d319cebf25e9:0x3c68b97816deb2eb!8m2!3d39.0916695!4d-9.2597622!16s%2Fg%2F11khrr5f16!19sChIJ6SW_zhnTGA0R67LeFni5aDw?authuser=0&hl=fr&rclk=1
Amai SPA," Dolce Campo Real, R. do Campo (Campo Real ), 2565-779, Portugal",Torres Vedras+Portugal,Portugal,Thalassothérapie,Spa,"4,9", +351 261 960 909,https://www.dolcecamporeal.com/pt/spa,spa@dolcecamporeal.com,https://www.linkedin.com/showcase/dolce-camporeal,https://www.google.com/maps/place/Amai+SPA/data=!4m7!3m6!1s0xd1f2b000ce32b1f:0x67bb117898172385!8m2!3d39.0344462!4d-9.24274!16s%2Fg%2F11wbj9jbv1!19sChIJHyvjDAArHw0RhSMXmHgRu2c?authuser=0&hl=fr&rclk=1
Tunjung Spa - Silvania Batista," R. Paiva de Andrada 02 Sl B, 2560-357 Torres Vedras, Portugal",Torres Vedras+Portugal,Portugal,Thalassothérapie,Institut de massages,"4,9", +351 919 622 236,https://tunjungspa.com/,,,https://www.google.com/maps/place/Tunjung+Spa+-+Silvania+Batista/data=!4m7!3m6!1s0xd1f2d02935508eb:0xedaf5932bc74b56a!8m2!3d39.0913147!4d-9.259147!16s%2Fg%2F11nxtdtk1q!19sChIJ6whVkwItHw0RarV0vDJZr-0?authuser=0&hl=fr&rclk=1
Hotel Vila Galé Collection Douro," Lugar dos Varais - Cambres, 5100-426 Lamego, Portugal",Moimenta da Beira+Portugal,Portugal,Hôtel avec spa,,"4,4", +351 254 780 700,https://www.vilagale.com/pt-pt/hoteis-portugal/hoteis-porto-e-norte/vila-gale-collection-douro/,douro@vilagale.com,https://www.linkedin.com/company/vila-gale-s-a-,https://www.google.com/maps/place/Hotel+Vila+Gal%C3%A9+Collection+Douro/data=!4m10!3m9!1s0xd3b52cb525c5651:0xaa3acf89bf507489!5m2!4m1!1i2!8m2!3d41.153726!4d-7.784939!16s%2Fg%2F11bv5vjflr!19sChIJUVZcUstSOw0RiXRQv4nPOqo?authuser=0&hl=fr&rclk=1
Lamego Hotel & Life," R. de São João, 5100-010 Lamego, Portugal",Moimenta da Beira+Portugal,Portugal,Hôtel avec spa,,"4,5", +351 254 656 171,http://www.lamegohotel.pt/,reservas@lamegohotel.pt,,https://www.google.com/maps/place/Lamego+Hotel+%26+Life/data=!4m10!3m9!1s0xd24ac96355b8aef:0x791b2ca3e25e6809!5m2!4m1!1i2!8m2!3d41.1020857!4d-7.7982482!16s%2Fg%2F1tds7zty!19sChIJ74pbNZasJA0RCWhe4qMsG3k?authuser=0&hl=fr&rclk=1
"Quinta Dos Padres Santos, Agroturismo & Spa"," Lugar dos Cubos, 3610-030 Lamego, Portugal",Moimenta da Beira+Portugal,Portugal,Hôtel avec spa,,"4,8", +351 254 678 171,https://www.quintapadressantos.com/,,,"https://www.google.com/maps/place/Quinta+Dos+Padres+Santos,+Agroturismo+%26+Spa/data=!4m10!3m9!1s0xd3b54ddef19aba1:0xa72fa05b02d2c8cb!5m2!4m1!1i2!8m2!3d41.065197!4d-7.7643328!16s%2Fg%2F12hkv5kth!19sChIJoasZ791UOw0Ry8jSAlugL6c?authuser=0&hl=fr&rclk=1"
Torel Quinta da Vacaria - Douro Valley," Q.ta da Vacaria, 5050-364 Vilarinho dos Freires, Portugal",Moimenta da Beira+Portugal,Portugal,Hôtel avec spa,,"4,9", +351 254 240 242,https://www.torelquintadavacaria.com/,info@torelquintadavacaria.com,,https://www.google.com/maps/place/Torel+Quinta+da+Vacaria+-+Douro+Valley/data=!4m10!3m9!1s0xd3b535e5d74009f:0x2ba12ef4b193bb22!5m2!4m1!1i2!8m2!3d41.1549971!4d-7.7690452!16s%2Fg%2F11tmk6l1t7!19sChIJnwB0XV5TOw0RIruTsfQuoSs?authuser=0&hl=fr&rclk=1
